13c7afec212fc97ce257d15601659314c6673d6c	HEAD
165e5ad3169d0fd26637da3383a4514f1a9d1e72	refs/heads/bisect
9a17695db77caa0c028f6a921e29ce0cd36f5fee	refs/heads/jch
e9019fcafe0040228b8631c30f97ae1adb61bcdc	refs/heads/maint
13c7afec212fc97ce257d15601659314c6673d6c	refs/heads/master
c0e15e73b6f6dc20bdfbffb82378ae414d515c75	refs/heads/next
c6ce5f69a74fdee768211463de203277694a1371	refs/heads/seen
05d0dd408c026a67bf72efe3f31aff5787d5bc4e	refs/heads/test
08a10c9b7445113f5b38a67894e37cc615c62258	refs/heads/todo
5464ef9b4505113959b65e340e71918a44754ac4	refs/notes/amlog
f0d0fd3a5985d5e588da1e1d11c85fba0ae132f8	refs/pull/10/head
c8198f6c2c9fc529b25988dfaf5865bae5320cb5	refs/pull/10/merge
d604669e32e847c2ba5010c89895dd707ba45f55	refs/pull/100/head
55ab0c9399879683b4cc6e1baea5dc41484ca52f	refs/pull/100/merge
08d39e0bb5b9dbd16e9e4c2250e75848718c453b	refs/pull/1000/head
84a5c37814edfe2685b6e76ad3f4b937baa51d25	refs/pull/1000/merge
7048e02d79350e332f34f2bfae50eb28700cbeda	refs/pull/1001/head
1e9a8990e7f290f0411d93e6eeeb90fc4fc31e59	refs/pull/1002/head
aa8dd0b9930a0244eaf304b7fa7f43b682851543	refs/pull/1003/head
e44e0e022d85c9a150fc525c591391ab6ebed3e6	refs/pull/1003/merge
0418a87878d02d357460a7f28fd58fbeffdaedf7	refs/pull/1004/head
6b9a801d2b86eda1080a6ec5b6ec3761c00fafa0	refs/pull/1005/head
f1dc6c2d7feac5a811abadf9fd099fd6d241d4b8	refs/pull/1006/head
3bf198d5fa4a6bba682a482eb929afd7ab808dcd	refs/pull/1007/head
6aea110805693590bba382410fa9beac70e83057	refs/pull/1007/merge
cbcbb2d78fc939e968347c2dc2ac079ab6771e97	refs/pull/1008/head
8dc3ce8c74c372fbc509f823a19aaf6359242785	refs/pull/1009/head
5867fc2ad19dd9dc49a9bde7704cf9cf7e539a78	refs/pull/101/head
a1fb527ff90f5df3bfb5d46e8ec5d05c66a1c824	refs/pull/101/merge
7294cbd506042b27a880faf9ff883ec63dfd0a04	refs/pull/1010/head
7fbc1c754f435c6d621734685ebee1bdc539c000	refs/pull/1011/head
85a14bde90476bae765fe83edef414337fba377a	refs/pull/1012/head
41b3a23f682cddb3720de14723854c5956f25704	refs/pull/1013/head
c56521203e67f87bc4e07098509173c2fecf6d60	refs/pull/1014/head
89e2e7336c893b906cfa8b91b4dae1cf53a68430	refs/pull/1014/merge
0d05db9fe59d350a2f5d7418e8dce0b41150fe3f	refs/pull/1015/head
2bb7b433ac617eb288b11471720760697b3fb303	refs/pull/1015/merge
f64423041c393154bb22088a2a647630c4b2f596	refs/pull/1016/head
03891fc27dfd5287f8ee8c0036296eb5452c3feb	refs/pull/1016/merge
6eacd35034f24701276a812ad357a3e99fa5e094	refs/pull/1017/head
d92a8d3110e308ec004cb47b7bb2bdea4863ad19	refs/pull/1017/merge
caa9dff236bb399a65574750c6e69370516349de	refs/pull/1018/head
38e80b1cf1c0ba1668969377ea6fee472fcf276b	refs/pull/1019/head
0b1ed1e8d6d504c7795faa77167809f5f0f2c0b4	refs/pull/102/head
f3b18d22db96753537f5d4132d160ee070d44285	refs/pull/102/merge
eefce85ac6b2b1f4562b4c0b764b520a9eeb59e4	refs/pull/1020/head
ffdbf04adf54d5f1c3e272329b86c669e8fe7cee	refs/pull/1021/head
f34f11f1aab3002ff973a056b37b184739632293	refs/pull/1022/head
86361f0649da929d4e2b89d92451fa35f0798a19	refs/pull/1022/merge
e119c26374b3b8264f12272b6076cc6cfb828215	refs/pull/1023/head
ef7d7211c5484326110a7b2a00642b7a88fb3ad4	refs/pull/1024/head
e5b66bb324b515d712268f9ed41cb2b947d90085	refs/pull/1025/head
4cf527801901349aa0c5b1ef6ad38ac753053724	refs/pull/1026/head
970fad21c0286fb716b38a332f9704784aa6cf8f	refs/pull/1027/head
3e2875c24d641c50079ecf9173ca953d302261c5	refs/pull/1028/head
5224291e6533a94e610f3e065ad1ea5498b0523e	refs/pull/1029/head
ca91c8d1c4de6603cd7f6f7109763ec566e10222	refs/pull/103/head
b62003df2de582316a959a3517639ae27390f834	refs/pull/103/merge
7c552d552b53e3cc5704cac33ad7e67d2be63987	refs/pull/1030/head
c09b6306c6ca275ed9d0348a8c8014b2ff723cfb	refs/pull/1031/head
1a715ccbac66160106e80c66be54d9be652c5bfb	refs/pull/1032/head
94e6ba082187780c9089b32049d31772087850cc	refs/pull/1032/merge
4bdc0b77f6f2a379c229b221460558ea8def5ad1	refs/pull/1033/head
7c47fd848b90cd4fa243dc4f56385c8ebbe6d1ab	refs/pull/1034/head
c8a721344add779fe344f322fd0b75ba72fcb62d	refs/pull/1035/head
409ae2bbd85c20a88347a4e1b8afdddcb7c82e5d	refs/pull/1036/head
59876bdd228dcca1106fe3472085beac859ef13a	refs/pull/1037/head
3984f76d62e1931ec3965070d7040c3ef65ea43e	refs/pull/1038/head
7c96d6c7a0a4fd25794856e556e071f048771fd1	refs/pull/1039/head
ea9a215eafcca9eebf3b7ad318fd2a038cd983ad	refs/pull/104/head
2a07539e05afab1e914d8bc255d4080d5999b897	refs/pull/104/merge
cf5497b14c5a24f10c13f7e0ee85cb95af13ea6a	refs/pull/1040/head
053a966c3678ec22ac2df0a074dbd50ced2b350b	refs/pull/1040/merge
07afb94ed8336d4ca9de7078d7a6c02b1db8a908	refs/pull/1041/head
011bbd2ecc8ded798ce47c2c6a2bde64d3f98d2d	refs/pull/1042/head
7166f77615442e511159be2d7ad2b3b46f40cbd7	refs/pull/1043/head
b41278b6680f8b1f59e73c4eab24595a33f2f3c5	refs/pull/1044/head
70f85b63ee7b1e331f20bac8949c1d49f41040e2	refs/pull/1045/head
05d66c928ac27c046f3f881b04f9d0d17f122ba7	refs/pull/1045/merge
41e9fb75ae4b4082a54b4c4e515094103aa5bcdb	refs/pull/1046/head
7e12c45fc9a94e7b56a6efdc085ebe081dd40afc	refs/pull/1047/head
31371c25743e1001b4fac89e80e7206ff477ac8a	refs/pull/1048/head
57b2fb033ccbbafa752a78e087c2b5bb04cfc556	refs/pull/1048/merge
768dec715582640ca6a48b3e158d1a61e422d0cc	refs/pull/1049/head
b3270fea14bb00223fb20bf6aaa66e77a8876fab	refs/pull/105/head
966ed03c53857fa87b970a588825e804c4dd83f5	refs/pull/105/merge
16c68923bea6713f7a3baef886f6f1f5486460cb	refs/pull/1050/head
ab3a767f2d1155d51f2391c252cae4a573e6ab4d	refs/pull/1051/head
4a3418b795451aabf6b79b7d7f09e09fa9e5bbc5	refs/pull/1052/head
0670fc126946608980d9cf3a4157c5549327e294	refs/pull/1053/head
611abb77caac9a3d92bb75ad632d78cd12ca437d	refs/pull/1054/head
c968e30258ac946f7d845eaceebcd7ebfe730782	refs/pull/1055/head
e1b32706d8dd5db1dc2e13f8e391651214f1d987	refs/pull/1056/head
2e9b6c813da915d899146f0b726159d295e0275e	refs/pull/1057/head
bb4ee5f816f6186178043f0a72ce91256b11dfa4	refs/pull/1058/head
0b881131b2b103605cc2ceec5cca6270694844b8	refs/pull/1059/head
84c873e415baffcc376b5911d69388529ba29019	refs/pull/106/head
50dd0ab28c59d50ce660b97b0e169aa3f3032e53	refs/pull/106/merge
6b151f7f2d50d0a9180cb7b4fbf911888f9c9352	refs/pull/1060/head
abe6bb3905392d5eb6b01fa6e54d7e784e0522aa	refs/pull/1061/head
d486ca60a51c9cb1fe068803c3f540724e95e83a	refs/pull/1062/head
77a03ce9c01cce7f959bd4c2e74303708e75c403	refs/pull/1063/head
eaca831b335ad215e46db9806da3b480a9f77d1c	refs/pull/1064/head
f72fe37783ebc92a9c0f1a9c0cb5415e0761bf4a	refs/pull/1065/head
7166f77615442e511159be2d7ad2b3b46f40cbd7	refs/pull/1066/head
bc36a25740b88a8bfb65f59fec500e3b770c61d0	refs/pull/1067/head
aba5848b7f9dad97a8664b2460d804c5b920940c	refs/pull/1068/head
85b3931e1c87b7943a4011ff1fedfcd63b448a20	refs/pull/1069/head
3d489585101e3d87eab4c8545ebcbd1f5c25d32f	refs/pull/1069/merge
0f652d635f0819f4812ed7ac3d5b92223b412edf	refs/pull/107/head
74aac6bd48b254306cc71bbdd4f59e540cf4bed7	refs/pull/1070/head
5de127ef5b581ec255e9f5753b3f624b13830ee5	refs/pull/1071/head
632d02409b33c23dbb5c0154e7b77cc289eb312b	refs/pull/1071/merge
b5fc6b16532f699e6536554d4f0781c5d18dc57b	refs/pull/1072/head
be51a51a37224854ba0cd5eae52b017dcc0c0c89	refs/pull/1073/head
74a705e5bbe05c7e9e5d4e79c69fbf9770f25451	refs/pull/1074/head
bc659a26d919451e7b9b2d56e0de714c37f2fcd2	refs/pull/1075/head
84aa45cc5df2ca649fa57e664ffe4c8eb33903b9	refs/pull/1076/head
60a76aed142387203a279fc1e946d8b3218be643	refs/pull/1077/head
f37724016f053415bf42c05628ce588536cbe799	refs/pull/1078/head
d50e273e1b0273105b8a7a5c69df54e6cf721466	refs/pull/1079/head
3bde4a1a2969df2424953786e6dc28e61e3b9d87	refs/pull/1079/merge
c4d57eb85bd192dd0f284388a5d5335c258895d4	refs/pull/108/head
f0359ad9536f9cf0009400e846991f2a24cb3529	refs/pull/108/merge
4f21969e35724ffac6938beb9e089a970f90c41a	refs/pull/1080/head
c8428cb0df857fbc47c6cbc2813d4701eda36321	refs/pull/1081/head
1fe4aa4e692c099e5d7098b1e4076482b7e18eb4	refs/pull/1082/head
476938bae491657b92c6bef76ea774fbb4865b38	refs/pull/1083/head
a9d4542d144f361a545c5d5644330db7be0c76a3	refs/pull/1084/head
3db1f123766d5392be7de89b0fe3f5b43ce11f2d	refs/pull/1084/merge
6f772bb28c08cec96e59a29398f653e1d02c11dd	refs/pull/1085/head
6254938948c0db856ffeb4f1c4629c79c6d72197	refs/pull/1086/head
8b91d4dc261d5c38452642ba8970af3ae56ed93b	refs/pull/1087/head
8812157be165672927559cbefb6fa98ddb5e0c12	refs/pull/1088/head
ad5fada3492370aeef904b53bd69fbbe39311638	refs/pull/1089/head
90e773cd9ea5806e49a1a1397b589f756b41705b	refs/pull/109/merge
a62b1c57feb2c8de35ffe661270f74f5fa801eb2	refs/pull/1090/head
908e4e6c4edb5a06cf97d828286d6a73e3f8350e	refs/pull/1091/head
aad3fe7381ced5eeff9c8d57ce90911bc59e3923	refs/pull/1092/head
5dd56d0c5366eaac1d235ce374358ad0f072c617	refs/pull/1093/head
e5aa3587d93262e2d9a1cedf347478e46b71c958	refs/pull/1094/head
73a641565c1db953709253f9f803a171589d124c	refs/pull/1095/head
eee166c8c99654e27df50d5fb6de2cb9537dca23	refs/pull/1096/head
5cbe84afbd3e40d1dcf7e9873ed6cd4a13e9fa6e	refs/pull/1097/head
6594ddfd31fed41d4c47859c636ebe4d0ebec439	refs/pull/1097/merge
e04beaf540133423a3e60269eaad298cb1ad14df	refs/pull/1098/head
2165fdfec8e6dd8d37710626b93df55a45e4c2c0	refs/pull/1099/head
1552a6c57e9dc2ed68e9103123f5eb65f2d215fb	refs/pull/11/head
a68a54fbc3d675a634c367a26ded2a6bfe4e66cd	refs/pull/11/merge
cce02bbcb10adfb4498869ddd183c1a0c1a710ac	refs/pull/110/head
4b1821b5cf8fa9a91c33964aa8a5d1053ef58831	refs/pull/110/merge
413b372b31b2de9876954cd4d8294a06e9ce4779	refs/pull/1100/head
f10014847ab332edf6a3cbb879eb01173723ab8d	refs/pull/1100/merge
93acbff29fb704a5cdf20a8bfbfab00300dce01d	refs/pull/1101/head
83b72f1effd02cf2b5898337820cb4b79a4c71b6	refs/pull/1102/head
21776fe7f2d0af9edbc51eb000e966b3a2ef838e	refs/pull/1103/head
b43b8334084660cb4bc15ba67f20d8253dff9974	refs/pull/1104/head
23fc2c6bbbd3fe5d7e295425391362927d52eea9	refs/pull/1105/head
cc84c479a63fe1b50fdb07469bfc6d0cf09a4f7f	refs/pull/1106/head
f38a4ecbabec3d597d15a55be451cefe7f68ef5c	refs/pull/1107/head
9e710f3988fa345cade74d1a91f8882e16186186	refs/pull/1107/merge
f1cbed94ee349745bdf4c0d69b56ceff4209ced7	refs/pull/1108/head
4b9eea8276a57368762f59cd85936cc3e77d308f	refs/pull/1108/merge
d724ba11ea76acab49b6488c50d776fce235eb0c	refs/pull/1109/head
fb199edd672d75200ea2ddf797d59dd54822e207	refs/pull/111/head
da9bf6de44a8e6b3b6b9a0aea624f2d42d5663c0	refs/pull/111/merge
6a716bc5271c10fb0718d7c3dc8c2d54b9825f39	refs/pull/1110/head
05cf8fb71df24837f0730402718f4f4b075e049d	refs/pull/1111/head
2165fdfec8e6dd8d37710626b93df55a45e4c2c0	refs/pull/1112/head
8a4f5b98a08d05265258deea5dc2b10e2c58fc12	refs/pull/1113/head
a4eb0f40925f1121cf69aa25765abc8c34532443	refs/pull/1114/head
187188ae551761a0e55305194ad7c02db4f84347	refs/pull/1115/head
504da32a95bd4a1e4368aca68b609387316ea671	refs/pull/1116/head
39b930e76edc723ce2b3b2e6c6dfa4fccf0583cc	refs/pull/1117/head
f58efb7442877b1530d164d04eedbf80aefe2279	refs/pull/1118/head
5d068486f9f1a745e4f58b10dc6635a65c618c54	refs/pull/1119/head
4ab8c67d84052dc3bd4a421d7b89f278f2559731	refs/pull/112/head
2e1df070f6fd6302a265d592b7f3c11561b043db	refs/pull/112/merge
ad34d42e9e2828033b559a65fd7c190ab96521fc	refs/pull/1120/head
453e4ce3b51b8e77a388acbb80d1b7e9ed9e6168	refs/pull/1120/merge
586d02166bf1ac7ec7980cd15fb64f1b59b0ba7f	refs/pull/1121/head
bfe0310a3f3f4ddbfc943a33123df40df101d57c	refs/pull/1121/merge
3c215050a819eda6f286d02967bdaeb4cd8d5343	refs/pull/1122/head
7093133e344d40fc31f5180bb9d172f059c53c78	refs/pull/1122/merge
6565c02ba89076e43a0a71af4aa77a6afbb91195	refs/pull/1123/head
18d6c2819ade2e514a408e4173c6a5048e3f2cd1	refs/pull/1124/head
7fc9c7d879085a248ac482b76e38b7bab5d082e7	refs/pull/1124/merge
2b01d92b9512b61735970c55aa4b66eb0e5e2cbf	refs/pull/1125/head
8bf6218e7a9c1373dea133ec12abd5694ea385b0	refs/pull/1126/head
e9d7761bb94f20acc98824275e317fa82436c25d	refs/pull/1127/head
51a74a544a4aa9cd69c5284ec0488fb3c9b48155	refs/pull/1128/head
efe15545f768e95d3543f9a0a5408c7a1ca7d89d	refs/pull/1129/head
23d0a4dff958c608a2528807bfd389ec10a95b42	refs/pull/1129/merge
daf4ffb2629dd660b78e1dec0b3f5e84bae30f6d	refs/pull/113/head
c68dd632629fded0d66aa83e0bdb9a06c3561e87	refs/pull/113/merge
9056fa3de8767b1625d12c3adcf349c80a0df128	refs/pull/1130/head
467c0901e8b611a440bf32126551affd95bf00a0	refs/pull/1130/merge
fea9212d0f3ab5df0cdd301b066bbd673ef3a351	refs/pull/1131/head
b03f77e1f62355fd874ba99fd738661f8e016b69	refs/pull/1131/merge
c08c1f087f296e30c48bb79a2081c7bd120ea346	refs/pull/1132/head
c6531859e55b002907b972059867e79af0dbf687	refs/pull/1132/merge
8d092846c36d8fac93a64a59e9eb4b43a5883087	refs/pull/1133/head
69ba9f875e712f42ce0ffdbce0a7c8b353f93961	refs/pull/1133/merge
4f5862c212f0a61dc867af6b8799910409ad7137	refs/pull/1134/head
d46bdce6b266cd055e18c6c3ea9876807ebb4112	refs/pull/1135/head
22e2646e301172af95df8b9becbe1cb4b8a8ad12	refs/pull/1135/merge
9826a94c83060bfcf7cfe604fb8dcdb90e0a8095	refs/pull/1136/head
2a841fe7dfac033269fdb4bcf77408b256e2e33d	refs/pull/1137/head
690c63cce704e8b9cf29ce11faef8855e494077a	refs/pull/1137/merge
fa8ea15ba376d093450607c5a28c80e34de89d25	refs/pull/1138/head
765fea3e26ce3889785921325ef4221f23b4e4f9	refs/pull/1139/head
2588c21ead18787628a43d770c3a28cc6c94637d	refs/pull/114/head
aed810bb0f20122058e9ace86a075b4da6911f81	refs/pull/114/merge
63781ed8b8e9a6bfb7326c04f3338c45a0dd5f1f	refs/pull/1140/head
846e74b966d4872dc3294cd4afe62b31d9bd2bff	refs/pull/1141/head
01bd726804fce45b208dfd541eb253937b27c930	refs/pull/1141/merge
c6b3fc5a16ac1ed342b02c2acdd23fb3a75e503c	refs/pull/1142/head
54af0e73e893affe103e3b58e141332131bbece5	refs/pull/1143/head
c3c3c2802e618ce5921be39dd3f615f9338bde89	refs/pull/1144/head
751f713a0257126f45d9dc8f86bf38cfa2f923e6	refs/pull/1145/head
e2cf34363d669eb66304a692a928629ba0903a46	refs/pull/1146/head
d63683317a47ec1da33c82cd85d8d4b0dcaaebda	refs/pull/1146/merge
7597620ec83a2e956316d27835db423372d618a8	refs/pull/1147/head
59e9ea188f56af8bc758e4ff6a9795224726a268	refs/pull/1148/head
f54e96cb3685ab07b747611ae211a2ebb221c0b0	refs/pull/1149/head
26eedcbe0f15fb983a31f230ae73e3324418b0dc	refs/pull/115/head
07226b342b66b3e4d5068cd5b1c1a244257a825b	refs/pull/115/merge
fb609d2b8c8ae89351b74bc2cc2612322cd2be54	refs/pull/1150/head
ae671aa615ac93161ef2260faea0f5df28f5f029	refs/pull/1151/head
556fc11080a67ceda81f6c39fcdd4dc1098ac1b5	refs/pull/1152/head
c68b7706689d451c30760976caa0f124ba940684	refs/pull/1153/head
c68b7706689d451c30760976caa0f124ba940684	refs/pull/1154/head
9174995f2ebc284d1016c28fb118fa11c300c604	refs/pull/1154/merge
c68b7706689d451c30760976caa0f124ba940684	refs/pull/1155/head
2d718780bbcb241d19fbd86cf54691b3eeb9c662	refs/pull/1155/merge
0e5cc44785786a0fd3e39b29a31c440a75424b79	refs/pull/1156/head
20924605006b3c93bed30b8ee53415a25244b4da	refs/pull/1157/head
e2e4a2c008eef38d9bd928925065935da7c61a23	refs/pull/1158/head
34f60a22a2ff604dab63fd3b2fb44e9b07c05ad9	refs/pull/1159/head
c3b92bcc6cdaa48c9d29fbfb8c7f2276432bd44b	refs/pull/116/head
e069b0abed3b6f54971df07700574fb7c0bd2e1e	refs/pull/116/merge
d17270911f6b62cb1396ed2a43bb44eefeb68652	refs/pull/1160/head
3fcc0def3ae0b8abed00a36c71e4b4459bee27fc	refs/pull/1161/head
19e45714696f7ce3e614427e16ab754f5d2f42fa	refs/pull/1162/head
eea294b688f984f9218db7c6d96a6b7c75d7873a	refs/pull/1163/head
c01b1c335a33e5f44289c520a1634d071d882223	refs/pull/1164/head
ec2290210d54a425c51e7e8bea106aa167106327	refs/pull/1165/head
fc913ef31fbd2cc57c915926d04c9ce8cbcec4ef	refs/pull/1166/head
0c5161580c542714c50adc36e95e46881ec162bf	refs/pull/1166/merge
95da4b1c93d298787aa269d6d051b76cfdaf6ef0	refs/pull/1167/head
5d693273e5852ae9b302cb79e8dd986b6ffa10da	refs/pull/1168/head
2a6424fe1a0f74c9a3b88b0305020d38a8a4bbc2	refs/pull/1169/head
309dbe75815fa501494249860b9d4c41765710ce	refs/pull/1169/merge
c99616a4b2f66ba93ff40219fd7efe7594f5dd84	refs/pull/117/head
0c77fb248e36b0d33d9f7c02ce30cedf1b9b42ac	refs/pull/117/merge
0476d18ba6c8bf1fd89b9b1113bb566a4d233e44	refs/pull/1170/head
19e7bf965574652840c5e0cde6f3dd188bec82b0	refs/pull/1171/head
be0df897fdca28f8d479b64e3d8bdb119f54815f	refs/pull/1172/head
659477e2a0c4df2ebd8f655853372723e4cf4162	refs/pull/1172/merge
9409be6c8332ed31c121137d01a4e0fb156d6184	refs/pull/1173/head
0fc8ec5f456a4b5f523858391150865202b11fec	refs/pull/1173/merge
72876b9c1063f920edb265445cbc86b1be3261b6	refs/pull/1174/head
9bb4de0f5434ab6303b67e22a62407a0cdf36b66	refs/pull/1175/head
d0093355d8a2eccb4ae8810476395b52f4c1fde1	refs/pull/1176/head
125507cd9d78f1d1fc3c494f06f728a67497a32b	refs/pull/1177/head
9f3ce1d8c68eb3aa1b8a00ed5cae6db5184310ad	refs/pull/1178/head
a8bd8c7eb5dd33abe33c59930d79ae26e52d122f	refs/pull/1178/merge
58c85923ca3d3d99326699fdcb15d0de6b702d18	refs/pull/1179/head
b163b8ee1be0678d143191b97733e7289da2adc2	refs/pull/118/head
0cd2955a2e06a28a4965770a917ad0009a6506f9	refs/pull/118/merge
76a66d31c101b165a8918986dae24da40e73fd33	refs/pull/1180/head
374d83e59839c6cfc45d933f08a43dc58d4f75ab	refs/pull/1181/head
43a1288c247fd3e2aa6a4172538cfc0db78b2f69	refs/pull/1182/head
888740ab28b65782c2893622987536a4a623b9b8	refs/pull/1183/head
6a078bf990bc1b9dbbaffdcbc2a1e52db72cf4ff	refs/pull/1183/merge
451ed15a7af9fcf81a1dd64063375ff78cd4b1d0	refs/pull/1184/head
644aad2db6f32592286ecaf7d993c9929dbe7593	refs/pull/1184/merge
72499a14e383ef81e717692002ed68959774c7da	refs/pull/1185/head
0239eccffde8441268a877b0016c760021303fc4	refs/pull/1186/head
57a85e857a816c77d5347f1adb039442895a8ed3	refs/pull/1187/head
e56aba8d80fc69bf56a6ebbbaa0c41b552e34caf	refs/pull/1187/merge
b8b57b7403b6ad6f50d98dbcd16a714de32660ea	refs/pull/1188/head
079139cccb589347a32b4e4335d6e3bdadcdc0dd	refs/pull/1189/head
aea021d820c61f7b0920ab57ce7930e5ae53cba4	refs/pull/119/head
dbd9cefb750a28efa7778f18353f1c458da2c5b5	refs/pull/119/merge
babbb4d4cd68d90c8cb13b73112f1131c98bd867	refs/pull/1190/head
63fb5d156c74eb6605383a837db3e3afb024cc0e	refs/pull/1191/head
4042c0ad202a610531c8b981021a04362c534065	refs/pull/1191/merge
78d37ce819ecde87b1957ee6c0f9bf60d7dc33ed	refs/pull/1192/head
fcac252c868823f367efd30c125faeedd038613f	refs/pull/1193/head
239d3ba08c181b7e4d4386aab4a147ebd8c4d1e6	refs/pull/1194/head
cc7e46d1042ce581bdf59cbe7cb70f9c1e010d29	refs/pull/1195/head
cbb68b42f647c642d73794389b05248905a0a1eb	refs/pull/1196/head
0f0e7010afb34cb6883725cfea20f808cc3c3a33	refs/pull/1196/merge
3f237679b5b3e619f7b79724662a7f61be53ab5a	refs/pull/1197/head
cbf90c3df5a33f150bbf369f767ae4c07a9e7f01	refs/pull/1198/head
3ed13ad1472691c56678b280a53ac30715cf287a	refs/pull/1199/head
eb9d16883681a1a9b60f3c401c54be70a10c4db4	refs/pull/1199/merge
e6c5a4281d47f64dd3dc24413f2b57bf61f82d27	refs/pull/12/head
1c1ca60a9b606d62a4229d9b90325230a67362b7	refs/pull/12/merge
9d350ecc314eef538da6ee3cc6327a96d9ceb403	refs/pull/120/merge
c6522d6449f9323edbbd9329b2859368492aabd3	refs/pull/1200/head
62f58c825e9ce23f9a0d2c84e86e47a0f33edbe7	refs/pull/1201/head
65b33f932cb5d9471b56863c44d3de712e11ae09	refs/pull/1202/head
7e1094949d0076eb44c90e694682fe7382c0d5c7	refs/pull/1203/head
69e6dac02f3607c529b037fd6f93c454c33d8184	refs/pull/1204/head
2f0f46e35f6a7bed31b4d96e56296e7f35088778	refs/pull/1204/merge
09e1064df2b9f7b009a60d16e476e03125f85d94	refs/pull/1205/head
eb0a17ec3b865617ea101300601abed022f0fe9c	refs/pull/1206/head
5ef0bc7c6936f28dbaa5329a1bd3c2f781e49c29	refs/pull/1206/merge
35625aac7ff5e6326df2e37d3f7e01b9bbcb7127	refs/pull/1207/head
bf79c6e0471d2abc9337b02782e0192c28450bc9	refs/pull/1208/head
b2c6e14c7e7752c9e42cb38372edc8971895932f	refs/pull/1209/head
94dc5ff733f164574530ac6bedf10d7f4acff2a3	refs/pull/121/head
552c8fdbf47bae7e1beeed7b77d9521c904c9938	refs/pull/121/merge
e94a923a6475f72395c84f9c3bf12b2c18f40ae0	refs/pull/1210/head
a0f930dac34746a01ca019ffbd6485bb2c20c458	refs/pull/1211/head
fca72da780f3187d52f3407addc118c7e12e2606	refs/pull/1212/head
fd57cd70862f7b6cdec812e300d0f21d44b6f0be	refs/pull/1213/head
395baf11c9f7f9a54de24ab99c2242933b3c25a7	refs/pull/1214/head
3b2c5ddb28fa42a8c944373bea2ca756b1723908	refs/pull/1215/head
f3178aaafa22150815f63bd3bab1b61c4ede7149	refs/pull/1216/head
6514d3d9ef4b318f1141ec5a1545faa1572e4f8d	refs/pull/1217/head
847375d6512787e09211f766ad2e61ce2f74219a	refs/pull/1218/head
0b5b8fb591e434a2a24b1f58d1ce3fc7da48a28e	refs/pull/1219/head
b274b875a4a58b05ee6f42a6a2d6eb51d7bfda5e	refs/pull/122/head
be07645a9745edbbbdc4b47c7ff3f708d25cce02	refs/pull/122/merge
f0fff5f3597f43d7dde9e697ba6ab3a7935d3486	refs/pull/1220/head
b0c6a18b7ad2b6f5234e5ecb691e69a481cc6e29	refs/pull/1221/head
464ad9d9bcda79993a8570c39f9629709b45c409	refs/pull/1222/head
bbe9e404eac04f8f977fb562c6bfdeb3fe05cbe5	refs/pull/1222/merge
6df82dd89f53983703b3b03a371dadbb0f46691d	refs/pull/1223/head
bad20c1e732712ad5e83e2acd7266181c5941109	refs/pull/1223/merge
3c4860d86eb54344ef82d9546c267f8259e2be7d	refs/pull/1224/head
dbba7c4373b91f48bf2b7af2d812560d79071c1a	refs/pull/1225/head
1dd5bb210124480132a78e5ac64384713d734299	refs/pull/1226/head
779744b9fc5e47590451794f8b2ade0b06be7539	refs/pull/1227/head
0669eeb767fecf40efa8536cfcb3454efa2d2eb7	refs/pull/1228/head
fdd6a5bdb3a306b26dd9408d694df7fe643b0bcf	refs/pull/1228/merge
46b435b581af0c8c9801d56773179ddb00ea20de	refs/pull/1229/head
96ed998bd66ba9fdf603b373471ae6819f4daba6	refs/pull/1229/merge
89103c641bc4cbfd2a181e4d43575d408f50bc4b	refs/pull/123/head
c052aa53b0a991d3336e7d44f13d60b1358a7977	refs/pull/123/merge
17dc58ded6e423781d8719d023e1f50d0b5f344f	refs/pull/1230/head
d3cd5dc5d5c2e8f428dfb12c5c87c832eaca6c9e	refs/pull/1230/merge
6fcea147cd9f9c48f6e6df87402efc1593926ffd	refs/pull/1231/head
770cc034d6ba07febd028f01ddd77009f2f8f931	refs/pull/1231/merge
fcc9a4f48ff6aca58b250fea462c2b43436bce9b	refs/pull/1232/head
15c821477a0f6dd9e3d65a322b7f34d637bc6cc3	refs/pull/1233/head
542ef69f1f13e16b7139e547579569ce61406ad5	refs/pull/1233/merge
bf23fe5c37d62f37267d31d4afa1a1444f70cdac	refs/pull/1234/head
6e1316e9386b78c5d99361225b1776569769cd10	refs/pull/1235/head
bfcc4347f6b457d7a79f9390d1a2f0fda0789729	refs/pull/1236/head
b70566400160a8bb41aadb7cb99c090d54061312	refs/pull/1237/head
a67b85bf88ddbccae96714edb64d741ddfc3a1c9	refs/pull/1238/head
e192952b0864a6ca5acf967ca9a60e2132033161	refs/pull/1239/head
fab6fb42ede1c10ffa1df756227a93090db4fdf3	refs/pull/1239/merge
654a505b1d6f641a9d7349ca7e88fd364d575cb8	refs/pull/124/head
12c0e494576bb8423521a7d21e9ef626b9933bba	refs/pull/124/merge
8dd42a1953853c91e51fde5120f42f9142172d28	refs/pull/1240/head
70dfcd4d8cd20f94e7ff8ed762ba02e2190cb001	refs/pull/1240/merge
ae278026fefc8754e12de7322e80638f36b638fa	refs/pull/1241/head
a3c013e752c6b167b1e69f230b75d4194143e9da	refs/pull/1241/merge
65e3b7ad20a1c1383da0589d77c60c90a97b424c	refs/pull/1242/head
c061350351e051676a34caf16d5cfaa351d8be51	refs/pull/1242/merge
34dc09df4f7f674521d2127f7acb40ea31245ca0	refs/pull/1243/head
4bf3f388f3b27757fb022d0b2e6a9e91a3c00145	refs/pull/1243/merge
fa38a5a0fd67f6709ea698d0f639c9cc447fea9d	refs/pull/1244/head
732a2302c39029262f92a70baf44f7f61f07e933	refs/pull/1244/merge
97186427e84fbb0d3d02244e36482132b7cad232	refs/pull/1245/head
4f8b61d4721f542e9b366d7207ec7f803dd12ecf	refs/pull/1246/head
5bf3cd0f76924f2cd9230e0b8aa8af9a67b5dd14	refs/pull/1246/merge
ab85589c71795a2d138fa15d07b6ce32c539dd6b	refs/pull/1247/head
aa69fce185c310941f21246c2594eb856eb3bf62	refs/pull/1247/merge
4d19b1822a6f34c5515af4627559bdfede481f5b	refs/pull/1248/head
9a1a1ea1198a588ebbcb59b01f7f1fb3298d7a68	refs/pull/1248/merge
ebccac681276d93cb48a03866dd44093090a0e8b	refs/pull/1249/head
25ed8ef79f9f2826535f1aa9ac94ecbf7a7bda7c	refs/pull/1249/merge
03a36b8abebd6b9ca776777d5b3810ed1ed17c42	refs/pull/125/head
7a4a42e5cc92d68a35f0fa46ba6ab662bf885540	refs/pull/125/merge
23ef65daaea4255d37d9ee0d4132e28668d6f73f	refs/pull/1250/head
5fd0c3d4bd22457cbcc7f729658d2b28ae93b17c	refs/pull/1250/merge
6cdc0309eccd5904d3faf75c21c3fab425792b7f	refs/pull/1251/head
a64ac8a5bab34f8e5d4543de06160ef6f9108b1f	refs/pull/1252/head
8a1fc1ccc99ba10be85f1c73b8cc19b581f85225	refs/pull/1253/head
2362803557992afd4df963106ee4e59c54c6d3c3	refs/pull/1253/merge
a1ac17c6446ee12eff4def97e89d6c3878f386b8	refs/pull/1254/head
7e3f4b15429c793b14dca301cfe30f2ade879935	refs/pull/1254/merge
614b28aacb3e74c4e22cd38630a2f63be0beeb70	refs/pull/1255/head
94acd9e0a47fcbee91f7759d1556d39fec26dd2d	refs/pull/1256/head
fc570c28a75b8f077989ce577547f27112fb0777	refs/pull/1257/head
ab9a086d0a4e8904d6b5e2943e55b119ac1d13ad	refs/pull/1257/merge
1e34c9cad18742556031d9228de6bb6a7519f580	refs/pull/1258/head
914030c19a1b1473d0c9e3fd602cce7c826b565a	refs/pull/1259/head
d4b6e5e7316a01118c7e9c5410f2a5775075f000	refs/pull/126/head
c1e902cc984aa549d0cfa29b971bedd74eac0619	refs/pull/126/merge
7965ea6b7ecfb40d41adbacd9a18bad86a298783	refs/pull/1260/head
3af701929133b97b55cfc9c4fc2dcc9e73991432	refs/pull/1260/merge
50069bba9a5933fd968a8aa52acefc2a305204f5	refs/pull/1261/head
07f052c377c47309a1549d754dd6ea05c528bba0	refs/pull/1262/head
5f606e975b0d460baaf9f02090de673b4a6d2863	refs/pull/1263/head
83f654b8ed10e05ce990cb175904354dfd3387e4	refs/pull/1264/head
40ca1634b88c85974ffbb219932d861771e18c56	refs/pull/1265/head
9fe0a97716922213c7b2b7ca637fcaf7d447220e	refs/pull/1265/merge
72bea90b26f88d6d07af285ca524ff33fd59495b	refs/pull/1266/head
e2bd5a1c12a806c87e9af524a497ca11edb61d93	refs/pull/1266/merge
b828585b2050b3ce114abf304a60bb7eaecd8b14	refs/pull/1267/head
9d23df320fc641dd46a98df85b2618a2a91b9b6a	refs/pull/1268/head
f7cd7d61a3d35963929f594ef193bc5ae19666a8	refs/pull/1269/head
785f097832444de547981fc2e6914aa49e16900c	refs/pull/127/head
f1d7332454e11ed723f9ecd8d3597eb183cdc97b	refs/pull/127/merge
dc7acff3b95733439fa8ad0e643c382631f2655d	refs/pull/1270/head
31fe4e05f37f4a5d47cb93df6ece7c9f656e59ec	refs/pull/1271/head
f9c03db8f9525b211af604814c57614d25af24cb	refs/pull/1271/merge
9f908c3854d4d61573591cd9450ff8c89742ff15	refs/pull/1272/head
f7347384720a665cc73e3eb7b2ee0b9f1c1f0ad4	refs/pull/1272/merge
f947cf221c0b5320d0b7438b88a0d94a5bd3a70b	refs/pull/1273/head
b76a4ac27564a73b9467d0bdd7405f3d16fce7bd	refs/pull/1274/head
242d3399dfb4fb533ca6cdca452af2717c316672	refs/pull/1275/head
82361aa2d07b01d6d9965714bf9292f52f5c6d0f	refs/pull/1276/head
b930f2b1bd704f696e547a2c1dda4721e1a809ae	refs/pull/1277/head
89c0151c16460969bdbcde21fffe8e327704d945	refs/pull/1278/head
6f3894686314f409854e7b8d3b9b9b4ac2f710e4	refs/pull/1279/head
640b121a6dbae21f987876b2d5e6b2c4b590cde7	refs/pull/128/head
f44c3e2f0e56f2ff8627b9e25c8cc759c4dcebb2	refs/pull/128/merge
71b508d1989a672d6f679ae0d7b804c97ca73b4f	refs/pull/1280/head
9ea0dba73879e80493f8f40fe995ec6381b62057	refs/pull/1281/head
68e6737fa67cbefe2009daa6b053b9d313535565	refs/pull/1281/merge
a21e8cd174db48ea0a771be67583cef0aa866173	refs/pull/1282/head
73bd9cefa4f12e8ad331ba90d04cf6789f20eb0a	refs/pull/1283/head
398c3b25f6b9f91c426747cd7d43f16731766a3a	refs/pull/1284/head
4a81423f0e86764ee3c90cfff98f60a07b40a82c	refs/pull/1285/head
1df3abc42ff5902d8511537676039149b5483a55	refs/pull/1286/head
1f9e2f1eb96e3cc7afe16b983f6376ff5afc6229	refs/pull/1287/head
e40bedfe02ca77ca3f1cfd273d198b5ae735ffde	refs/pull/1287/merge
db5a7d52ee848d5452ef784617b29b2d8a77cc84	refs/pull/1288/head
94cebd950e9c9dfaa47944f7a4da76e1669288d7	refs/pull/1288/merge
45cbbde545a945feb3719cb78a466d813ed92a98	refs/pull/1289/head
95f0b63f23830a3a6e32d53992d215036cab61c2	refs/pull/1289/merge
e136bdd1edc44e839b665ed929c6a39b011a99ea	refs/pull/129/head
f5568bfac65be7127260657c74193c48d5951191	refs/pull/129/merge
416d0ece51399d676d1727c56c6a9479dafc16e3	refs/pull/1290/head
1f6ca0dd3eb3bba678251d3429e81144f10c6b43	refs/pull/1291/head
2a0a7bd11f583113ad843f9e45c0fc55027d3991	refs/pull/1292/head
ba4562147b87a9d4f1c9b41cf1917ce05bb5cb65	refs/pull/1292/merge
9e540434f32e2478298ba47bd56bca8ff493ac35	refs/pull/1293/head
4d0043712d32f95cda5bd28efbbf63408ec93ce3	refs/pull/1294/head
8271505d7bdf97ff23abd669c3096d75fd8fb252	refs/pull/1295/head
b8738af3207d5cc04447a2afd65a4a58091a08e1	refs/pull/1295/merge
b952ed2af65bd726a4d21270bc3911db79873fe2	refs/pull/1296/head
f7566dd5fc36fd3ae648abf7054fc0e1269b6874	refs/pull/1297/head
a73d8d3098ac9891ceb2f01fe1e7ccda9e08242e	refs/pull/1298/head
ba51078418a8c93299267099c0fea390e2689bdf	refs/pull/1299/head
3f10fc7c71cea351b961484b4b6ff9c13f4c49e6	refs/pull/13/head
b7141308f78085f1bb4d1f3e03f30b31d067bf70	refs/pull/13/merge
3909e0dbd4d56a90bcbe8e5671dc3b1eebda5fd4	refs/pull/130/head
8dc2a01294af031e5558259a97aefa192fa4f8cd	refs/pull/130/merge
8547db73458634576d06360f1be16d6011cff89c	refs/pull/1300/head
bd861397959f0906b119d06b9925d7e3c59cc191	refs/pull/1300/merge
0cb019b28da7d9089ca122f8bf4a1a1312090712	refs/pull/1301/head
3f6de2f2e05612c75859d49b2d72740d027af14d	refs/pull/1301/merge
f672c00405ba744db36dc1859985e865aa07d2e3	refs/pull/1302/head
cd2ebd98e3c0e3c355279fa537a0b7ca89c7fa4c	refs/pull/1303/head
0da7236d2fea1cdb605ebbdab85dfa863c24da9e	refs/pull/1304/head
9767beb7d382f4cefa2ddf63404629c093be9d6c	refs/pull/1305/head
ef318fc1a4abde812977d45caf13f243c346db3c	refs/pull/1306/head
07643243da11a61fdf5d240817f52c1c93d636ff	refs/pull/1306/merge
d7299458e7d9ecde02dbcf8e17ca7a1c12184b06	refs/pull/1307/head
af6cc80f21af247e1b677cd35405b0ed9d3f46be	refs/pull/1307/merge
0b342cf5a28763f023c784c0b592b3e368952049	refs/pull/1308/head
e2ff5b914d9b85ebc10337e3a20735c7ad4c6124	refs/pull/1308/merge
4d490851ac2ec4c8bff1d72fed06e0fac0e9fd6f	refs/pull/1309/head
d8b8b0c241ba59cf45011baa09d937f0366a26f5	refs/pull/1309/merge
551e695e7126032cfce7f5aaaf11320bbd1a121e	refs/pull/131/head
2a69017ca0eb18b86f0b3a40659db2e34330fd92	refs/pull/131/merge
175399a73b467ca316284baeec63fc62a9b90391	refs/pull/1310/head
3892b9b302f18ecf8a2ed2b90e5982c824ef00cc	refs/pull/1311/head
fe5202e34b5b70f7a3fce6c43ead35ed39b65073	refs/pull/1311/merge
31a962fd5070d68964e545fb5506d795e8845ec3	refs/pull/1312/head
8fd3da4b78c4bd9b20bc39c5700d0f0da706141a	refs/pull/1313/head
e9c12e9c15fa34629092da15f26f482579589f68	refs/pull/1314/head
ad3dfb44f153cc413dcd6f62ca2da02ac659b8f8	refs/pull/1315/head
de2b2c335a8f90f8ceb09a2092c4e37745b104c8	refs/pull/1316/head
103445a5c290c14dff5dadb2aef5393ef23b68d3	refs/pull/1317/head
4ff5a76cdef413f61b4d94d4aaa0d08c18041ec8	refs/pull/1318/head
464b72e787f37b9c9fbc82d4d4ca6038a72ee153	refs/pull/1318/merge
bba26609e8990ccf2d0289c43fc527a5319cc4a5	refs/pull/1319/head
4fc6ff181fa3a897c4ef322282b46d90aa5a4a40	refs/pull/132/head
c8b06a6e596adb963355fef55a65eeb64e1beafa	refs/pull/132/merge
80e7f50712d6a2d04807d40616c5c20b9e37eab9	refs/pull/1320/head
7cdd6c4184da2d3109498589167f10ecf972edc9	refs/pull/1321/head
ad880e98b659e024185277350f361e7943fb827d	refs/pull/1321/merge
f5dbcbf78db127d738c11a1aca416201298426cf	refs/pull/1322/head
35e203acde6eed94ca746794fc9c9746dbc3e879	refs/pull/1323/head
acf9183ccc6a77dbdef3fd69ffcd371dd5362ac3	refs/pull/1324/head
b1e6dc0edc78da53e795c30c5aba9674d5ecb71a	refs/pull/1325/head
73cfe35e00aa7dffc6d458db86d50b8cb7dc6431	refs/pull/1326/head
1baa4b62032e6d12414fbd7ded0365ad4f754254	refs/pull/1326/merge
d3b5bc95399d472fb4e54afcfc721c07512f86ad	refs/pull/1327/head
f7c890114e75d42606c8e702934163907ebe6f8c	refs/pull/1328/head
f3a0b130ca36ed64e7213d17f8076d9f6d5ad445	refs/pull/1329/head
1b9ddce8cfd0719ac02c44a2255db8420dfbea4c	refs/pull/133/head
8606a5b9fe2bac7fda3e3de40c401db0dab713d3	refs/pull/133/merge
163005a3a523a1aed544dafbcc04889a0108ae2c	refs/pull/1330/head
e4feace4384a7860192c2bd009f20cae32f4b0a9	refs/pull/1331/head
1cc90522b7bf285eb8b6e8dc0a9eb8882ec11da6	refs/pull/1332/head
462fc64691726c474eb2ca2d01d76ae595defafd	refs/pull/1333/head
0ce9dddc0978e1951cc8b1bf9b005d51826deca8	refs/pull/1334/head
4fb5a0217c0bd32cf389a95a2108889bd82231c5	refs/pull/1334/merge
ca20a44bc5dbed583b355c4a9a3c9ebf901a883d	refs/pull/1335/head
c260d6a5de1e11fa95ecc2bcbddac76d41bbc7d0	refs/pull/1336/head
793a7e18a6dfad8751665bb839eeec99251f0706	refs/pull/1337/head
cb40d9b8bc7a83cc523900a0cd36c9600e28b03a	refs/pull/1337/merge
a00bc49887c1b08905e48d990e70d2084e3465b1	refs/pull/1338/head
c5d7bddd364a9148dfaacd85537477414b73fa2f	refs/pull/1339/head
60f0a287cb161952d9c141c7243954a5b19b0ea9	refs/pull/134/head
d7ee3f294eefbb64dbb2517449acca8088484868	refs/pull/134/merge
9366baec13b3af477ada6b36bbff669b6f127a59	refs/pull/1340/head
39abab9f1a5a8ef765406785b1b736de9394ee21	refs/pull/1341/head
1418d8ca00e080d696c6218aa563c181092dc00b	refs/pull/1342/head
4c457322b56fb6dc87a98f4abb28ef1b45141c48	refs/pull/1343/head
4c457322b56fb6dc87a98f4abb28ef1b45141c48	refs/pull/1344/head
c46c8e710c2893345945cc19b03f7485b3f567e2	refs/pull/1345/head
a9ba72a801238f3053fd7c9b2a7621da1bab837e	refs/pull/1346/head
552a968c097c530f1f368ac5c385a1acc2e7f463	refs/pull/1347/head
e77e5847d702f7a69e1bd888635b13288a0175bf	refs/pull/1347/merge
0ea467f25ca9b4b83371c8f61d293154dde5f5df	refs/pull/1348/head
531e4823d8fb8336f81df38e2c82109a46857cf8	refs/pull/1349/head
a193b2b8fea3854f3d3b7f63128fee409d906509	refs/pull/1349/merge
9ff849272f80f5e21a681995ed9aecfffcaf2a87	refs/pull/135/head
2bb7e063c0941ab268f4fa6c6946bca96e208694	refs/pull/135/merge
4a09059b35dacd09d9e0b70f0bd92a79f85f631d	refs/pull/1350/head
7b84723088d950a743f54d4aa62630b9013a7076	refs/pull/1351/head
4a4dfd16633d644d2c64e244d62ab492fcc330f7	refs/pull/1352/head
2cb7cd069d9bcfed23d2695bb5f86b55354ea317	refs/pull/1352/merge
3ed2683414a661295a0c9a015f1a693c393189f5	refs/pull/1353/head
cd57c9e0e31fb80061911d041efc948995cbe603	refs/pull/1354/head
664974f71d4435a5f7a6934fe09166defcfac760	refs/pull/1355/head
3dcec76d9df911ed8321007b1d197c1a206dc164	refs/pull/1356/head
958b77c1105c63ab1de978e059fd8797d7aca73d	refs/pull/1357/head
0215885788ebeb7b116a30f944137271d5f3c5d9	refs/pull/1358/head
f88ebbaf17cbf1a0b57336430bd43ade94406f38	refs/pull/1359/head
5df1796bffabf037ac4cd8bdc24cdadae45ae1f3	refs/pull/1359/merge
cc204cbfb092ceb22ca633bc55d2002e3d3dfd35	refs/pull/136/head
17487bc7e6be95688c4bcebe1ac536702fa11a0e	refs/pull/136/merge
5c398a7f72a3def1afa9221ba163b8e750598f8a	refs/pull/1360/head
255c529ca3970ee742fe716c6b4d945c3517e4aa	refs/pull/1361/head
c0109d947d495261b7855b68ad9994dd25e4f423	refs/pull/1362/head
d99966e1402c11b2c0b56e62ca7ebdde67eac497	refs/pull/1363/head
a268e87917f4321042adb6fe97d0e3312974601c	refs/pull/1364/head
c7a32d5133055fbcd08b3e1fe1c703d3d11ba61d	refs/pull/1365/head
03c0de74e0a25b4d640143a35dec379fe680b929	refs/pull/1365/merge
04133cfb798b2f7aed05dbc18f816b8ec0adfed6	refs/pull/1366/head
b03c55b125df1234730b56c37e7710e096df081d	refs/pull/1367/head
91ad797330731e48907767d13213c8d8f899d996	refs/pull/1368/head
fa72f7d4be41c3f504923ad663cc12fe8eccad91	refs/pull/1369/head
0f19473fb35ffd4624d25fcf807202432a120938	refs/pull/137/head
f150f8d7ac03775ad317a5650f170066e1d01aa7	refs/pull/1370/head
9d305c2c86bf1b8eb0f1c27e3df170dc6de1234a	refs/pull/1371/head
04176190ffd28f0094474665c97fa543d7da9f37	refs/pull/1372/head
4c598dbe778aeb1108d022ae38c47d9a0d57095a	refs/pull/1373/head
480f6554c9361781ecee9067b85eb33d7189e5c6	refs/pull/1374/head
739c6df1dbcf1963fb426a3c25dc22fa46f7c3e0	refs/pull/1375/head
dd64b5b22e8971f9ad1ee17c829b059af8460218	refs/pull/1376/head
bb5df1a48b98cb71826d53acb6c8f3b25d140b83	refs/pull/1377/head
f5fc9b33276246e5a0d2648e2a2a37d9b264a6a6	refs/pull/1378/head
ced279e0c3009e4b82344751e9cf481e97b8c9ef	refs/pull/1379/head
49a94fb4c80283eea64e27e618544a09d5408568	refs/pull/138/head
c57ba3a55b698802f00e83cf957ba2e345db13e3	refs/pull/138/merge
c81f7f458afda8381ba40f74e085edf9d7d05442	refs/pull/1380/head
779e0ce0fbb9d792e6f8b0001200ba338e6744e1	refs/pull/1380/merge
68059f122555ae8c80d5e2f6be33361ace6c5d5d	refs/pull/1381/head
de70cc6655afb535defce5e822ddd596264a3f85	refs/pull/1381/merge
9bc04174be60256513d12b1753ba46b9920ad6f6	refs/pull/1382/head
498e28258bce615b07328acf233e69099502bc1c	refs/pull/1383/head
498e28258bce615b07328acf233e69099502bc1c	refs/pull/1384/head
ef558d2b115a1938a4726be83dab4f61ed8e699d	refs/pull/1385/head
3b094b64b91acbb3af407c32a379a43a724bf402	refs/pull/1386/head
ed4da80f47ae340f9a423187653515e6322c7be3	refs/pull/1387/head
039d577e66badf1105e8fb85cf3221c02d09e328	refs/pull/1388/head
4cc787f05432dad3f231453171a8dd4d2edb2aa6	refs/pull/1389/head
076c05393a047247ea723896289b48d6549ed7d0	refs/pull/139/head
cd18ee951cc837b0d9634364ae46bf643dc77bfb	refs/pull/1390/head
4a64d8e25efd5e2bc70b9be34e04379e2ce12632	refs/pull/1391/head
087f9b8d63aba40406fb63b8a31fa9e26b0e494b	refs/pull/1392/head
818173fe6b5d3f68d450f679f9a317fc0fa7d60a	refs/pull/1393/head
fabbf0905e6785fc58d6b6c321e50b7004f90498	refs/pull/1394/head
97e837c0aa6c484bab9063d3bf1282a603fd5daa	refs/pull/1395/head
175dbbc4f4fc3339d14c49cb501f06c396bfb002	refs/pull/1396/head
648beab81f36e46a87d3749211d50f8297398c65	refs/pull/1397/head
0efd3097ab1e593355575183b065422a692a6e27	refs/pull/1398/head
e85f9787279c00fdb41a590866c5e73f4f10f46c	refs/pull/1399/head
c2ea0ca488eafd2279b47c60562af3e2d60e12be	refs/pull/14/head
6edcaf3399f6831ee5d795c8164f7a6b90d53f90	refs/pull/14/merge
a5bf71be4ada0d8e914c23c2fc334ce1899e36c1	refs/pull/140/head
68f1a4e905ad84379abc212a870c822f1832ed61	refs/pull/140/merge
71a027b4410ff61b5b1242aef30f98a70f7eb27b	refs/pull/1400/head
9572a9e69f4e9451c625f949469ef207c928cc84	refs/pull/1401/head
bf757aee0be7f3495521382b3b3cf6213621cc92	refs/pull/1402/head
c688ed0cd453c052477f733857566ab3460fd98f	refs/pull/1403/head
dfc34fb4c1ae691073e580022135620c08c56818	refs/pull/1404/head
7ee8a9ad9e3229a641241c7fb9b0b52a0d58f126	refs/pull/1404/merge
c98495802b61d43b81ee893891be6772046b07c4	refs/pull/1405/head
aa0319bc08e5b05f291fb2b1e9e1b20734f512bf	refs/pull/1406/head
82b585a8d47e37ba9fb80e877517fefc366635ed	refs/pull/1407/head
a2179fb1b396dd561dda75a6cd6fde348074fa42	refs/pull/1408/head
206e43242a08520f31dcb063b70fd1c197100ccf	refs/pull/1409/head
c11b3b6f64aae5ca5813823a801e7f24c9d9525e	refs/pull/141/head
7ab11dddbe65bb3069f47622a72270d26ce489c1	refs/pull/141/merge
6042bc1b9dd1dcffb922a87a90146fdb88b0da03	refs/pull/1410/head
3047b69e7f0f102aa95af7bac6b517827813c5f2	refs/pull/1410/merge
46b0fff1a62417cdcb06cf904446e65242feb5be	refs/pull/1411/head
4ad1df109e1482c406f2f372db1d3810759b1906	refs/pull/1412/head
0fed7ade880b9b568cd70d2e22fd02935c9cb62b	refs/pull/1413/head
356d148fba595a26cec97b13938b097987313be1	refs/pull/1413/merge
3e8212fb9a794b4852817b996c019017f23280ae	refs/pull/1414/head
e3d850ff3ea8bcde3e3f8a655f2b516196de0e6b	refs/pull/1415/head
1686be41cfd23890344491fea6a118d7a2f3cac6	refs/pull/1416/head
daf4d7ec99c74e1649f18c8ef94cfb17d791680a	refs/pull/1417/head
b193c9537de2f04e157161f8b17bd9cf657543aa	refs/pull/1418/head
19f3e57ded0b15b9eaf2197571b61ee19333ddce	refs/pull/1419/head
8a431e13f784b16d4b6ff013201fe60013e0f33a	refs/pull/142/head
6c66e6b7effd9d2b272327ac885c1d0fa6911df8	refs/pull/142/merge
d547180c37ac4ba3d6e0f80405fa7880fa161053	refs/pull/1420/head
32c74a6e086f7358be5b76736865490d6a811d72	refs/pull/1421/head
7216691a931e38416170261f6a8d74b967dc38dd	refs/pull/1421/merge
2103912b40672cf05b426f2e5913295784b30ffa	refs/pull/1422/head
21833375dca47a56b209af658f39547805b16a46	refs/pull/1423/head
d472bae9b643f32a030a3e142265c820c355c99d	refs/pull/1424/head
2222857fb034fc36ad2611f58010a6ad549349e7	refs/pull/1425/head
f9e1f116c346fd7010f3e1d52622cc3a63fe7351	refs/pull/1425/merge
356a5b28dcfcc5b60598d8d1a4e94b058d836f95	refs/pull/1426/head
5abef0b629518cea06ea47c4b61e995bd7286ba0	refs/pull/1426/merge
a18e69103e27b311509a64cd7543aa2316c9a80c	refs/pull/1427/head
63be79909854f7609cd546fe345ca5186c3f37e3	refs/pull/1428/head
d93d4aff7800a48487c85d8f1c131d4a1def343e	refs/pull/1429/head
d952ae5c6a27e614d7071205f6699595a504294f	refs/pull/143/head
a3c20d66e258c88085ceec383735d58966303a5c	refs/pull/1430/head
7ebe2fce88fd93c5298e352e95332e9eaeb4668f	refs/pull/1430/merge
a0c1f8cc5542c31fe09181e14392f0351a19b7d5	refs/pull/1431/head
6d966d2b439593a87f3b3fd3e722ada90af6e900	refs/pull/1431/merge
503f6635522390c2541dd9a8fd18a347ad6c155d	refs/pull/1432/head
a0430aaaaac755247cf913e052e38d8229656bf8	refs/pull/1432/merge
b09fa759b12f3929438a26463a8999d46e304cc1	refs/pull/1433/head
5b8f2028c482f94091de35ec88126147d9efa670	refs/pull/1433/merge
36f1248b6ad80c63ca1033df58c1bf0767666b7d	refs/pull/1434/head
5e44592695e53a86d062dfc083b7ca6c33ca01a7	refs/pull/1435/head
649de5c45261da1501f5dbd6fcc21cf1e410a6b2	refs/pull/1436/head
bc29aad2f25dfc3bded14383c1e6c64e80152b89	refs/pull/1436/merge
f7efb2ab2e9b4e89e68a229ccb77d7aedb6ee1a5	refs/pull/1437/head
8293e86897050ec76b89de8888302cc027c7a22e	refs/pull/1438/head
e02d5982a4f0e29acd2cfecf68ac58cce577ddf9	refs/pull/1439/head
5a4620c55caee400e52490bc9652c01e4ea66ec1	refs/pull/1439/merge
8b2b28a1f46aedbefeeaf811e498847b53ee304c	refs/pull/144/head
edee5e78c670d826a335c1c46733c5e42e31029a	refs/pull/1440/head
cf6f456af47a4c89960209f6af32b061253fd665	refs/pull/1441/head
9f32c095f40314a6321a8d08aed1dcc5e2dfc84c	refs/pull/1442/head
8b36dc4001e545fdabc69b2654c5cc71d2cdf306	refs/pull/1442/merge
ae8bddbb30abc1b028704c6db35da7e3b8b3a95b	refs/pull/1443/head
b36948f1626b1a027c5debf9b9d46dc3a5160bdb	refs/pull/1444/head
6c4188977e88e8816ad2f307f448a2de00693490	refs/pull/1445/head
8950af3bb0ce58937c2d48fc969979f0cdb14e8a	refs/pull/1446/head
8a1cbb00aa4414a37322fb6376cd893458341b91	refs/pull/1447/head
6520ca290af8a6478394c876ae7733a4ab13640e	refs/pull/1447/merge
bbdd7454afd1c17d87efc80393a69d7b2bd712e6	refs/pull/1448/head
e33ae071e27faf16f90f4a71e80840c7f3897b50	refs/pull/1449/head
590b866f3c0494642e0d6cfd366a02660d84b6e9	refs/pull/1449/merge
f3d63809a8e4ac8cf3323f1711c0c903ebeca361	refs/pull/145/head
eaf8b9619319f56402b45ffeec10de3fafacf09d	refs/pull/145/merge
607a166c6c937d3832c80e392a38248e6b857d8d	refs/pull/1450/head
5372876fe167e3f8065822eb872c961599d3cbcb	refs/pull/1450/merge
01a3858846c9400d7bfe8ab708ede44debc997ad	refs/pull/1451/head
77e66ab98fc53d8089a53f537427b5cf74b9ed2c	refs/pull/1452/head
ffd02cdfccabffb23bef3f4336b103df71c9ab9e	refs/pull/1453/head
7c6d402590a350c26bed2be639b23ee696593409	refs/pull/1453/merge
0270feedd2e0af76b2ef584b7764fa282b779e4f	refs/pull/1454/head
710b9ab6ee49902b4d3dc513fdff9467d3fa8dec	refs/pull/1454/merge
3ae4f37b4127a3a8a7759b913780dbc1e4908a33	refs/pull/1455/head
387e9bbe9c988150a602a85be45ace19e7d0863e	refs/pull/1455/merge
cd765f7d8585d039f67b1a415761713cc95d0ef9	refs/pull/1456/head
5f31348799870b4cb2cb4aaf5c949615096a5745	refs/pull/1457/head
55f7eaedc91d881bf279f0981785e5b2475a7de7	refs/pull/1457/merge
5920dcc2d9337c9ff9b57b6788f59d4d38148038	refs/pull/1458/head
bc9c2b1463a625ddab58cb72d4281f01d1f53bdb	refs/pull/1459/head
855eee1000f566add044f46cc05cd0f97dc8c14b	refs/pull/1459/merge
d7409123dec86ecf9cbd85f66c4b5a678519b9bb	refs/pull/146/head
b2a6d89886ea3eac1b20b866250a7afc69e49a5a	refs/pull/1460/head
639cdf0baa1405b74f46a12e5e45804f6b49a572	refs/pull/1460/merge
591d07a368a8aa1ececc64c2e34311b0f94e38de	refs/pull/1461/head
2004d8b9aa6a7fa6cf820480b7729847f5f27160	refs/pull/1461/merge
a19ad2636d7e6514d13d21eed0f9debeb648ac9b	refs/pull/1462/head
ab800aa104c32e00c357aa450c5fd13cbe791ed2	refs/pull/1463/head
536a1625310ef21f52d6c69d5509f4b34e0e4ef3	refs/pull/1464/head
baef0133d0fb9fac796d55ae632ac809c2ce4465	refs/pull/1465/head
7c95f4f5a7dc872a4077491da190364564ff7675	refs/pull/1466/head
a338b489a8f4977d035b293ee05d61254eba588c	refs/pull/1466/merge
7b7f7ab6ee17e23d2b7bfa8a41b128713788fcda	refs/pull/1467/head
dcc68252c0e3cec90b2dcab0b1da7d10173b35ef	refs/pull/1467/merge
44e278809e5c210f1489dc390a529aa14bdd6e70	refs/pull/1468/head
38e02c5e24e03a4bd0a81ebb86c2187778e80fdb	refs/pull/1469/head
2ba9ee48a062b049c8b64fed4caba32c42f03031	refs/pull/147/head
9598c2bb5e67c660c36bbb3fcb1022ede7b714e0	refs/pull/147/merge
8389cc1c90960044ca770f94a3ec794bc8c19bbd	refs/pull/1470/head
115dba15ce03bb2aadac43810738bd762d837b41	refs/pull/1471/head
950264636c68591989456e3ba0a5442f93152c1a	refs/pull/1472/head
a4b2284dd365795d2d6b3886cb28fe2afa746ff3	refs/pull/1473/head
899a0761d99ca97acf9fe4bba14fbe5e39f7f309	refs/pull/1474/head
af32744d3189bee5a2c275e2e1c8f3b62c482091	refs/pull/1475/head
0774f182b5015c1af2a4752fd26b47646b8ba939	refs/pull/1476/head
d2dff063eb4c969aaf206dcfd79b0480523d3b14	refs/pull/1477/head
ebd4f8a19bc32d5c8ab08691c3a0fb79f8f59bac	refs/pull/1478/head
4689f6512db74c58b279774d9e91fa811f5ffeea	refs/pull/1479/head
659beafaae31d26326b734e4f054a9d8d3b716e0	refs/pull/148/head
9807a70f82b8049d1426ef1f79ca9e6288bf041f	refs/pull/148/merge
17d45d89c2966a60fe92166ebe7236fd896c4137	refs/pull/1480/head
ccf3edac1ca38b88ffe6ea6e10864e2807b4ef6c	refs/pull/1481/head
95d93c839e1305d571cd204b288673299d4e6a8d	refs/pull/1481/merge
ff9f7619fbdc8149a4623918ee9b0fa2b555f7bb	refs/pull/1482/head
40b03642832fb02ff2b276fd7251ac1e70192485	refs/pull/1483/head
296bfaddfdcde561c8fcad4f9a510d7f59c97c79	refs/pull/1483/merge
cb27ae273a3da840f45e6e9e6b1396f1f9969a26	refs/pull/1484/head
fbc90e0a484928f77c2a94ef54bc1a5755b4b27b	refs/pull/1485/head
bbd25b7ae5a07771722ffce548aef8c759abfd0b	refs/pull/1486/head
7976a8105f39e25296ba74fd8163827aae1662ea	refs/pull/1486/merge
224dc245139c86d65249b0b0e2f49f83ebfffa47	refs/pull/1487/head
7d997f1f23c22b2ad65cac8e3aa4c7bcbede2342	refs/pull/1487/merge
4c5fc42594b739c8fe87d71f388318134f098b41	refs/pull/1488/head
ccb0224e3920dcc368ab581eb9cbc2368028dc34	refs/pull/1489/head
6d230b46f4be7d09f4a6e61495e0af34f06f1264	refs/pull/149/head
5ec7c4271d929602ebe6b23d26cbc55133b304b0	refs/pull/149/merge
6a39f46fd5e1c7808fad03a11a66b631923c8c8d	refs/pull/1490/head
53c9704d7932173b241e7204957c4f7e8853892c	refs/pull/1490/merge
67e354f5de0c75c290618ebd72135e6e18c13bff	refs/pull/1491/head
b1cb1739332818df51ca0c027f4322f318427b7c	refs/pull/1491/merge
2ab95282dc46ec556b8a353d38992901ce73d091	refs/pull/1492/head
0c441d2dc09b5d1afdc700280be27e0a26d84889	refs/pull/1492/merge
d9deedb46cdd31fc2ae9a0c8eb01709da6dc07d5	refs/pull/1493/head
eb53d807f81284d870622f294a603c135e965874	refs/pull/1494/head
acee642531a582c0abc5d88b23476680e653314f	refs/pull/1495/head
ac4604c8586d912a4ab44bf749f2fbf094a0434a	refs/pull/1496/head
8347d3c9b80542b5d7a5b3342dcf884448968398	refs/pull/1497/head
4c40da6813c2a2c3a5d5d6a08aeb1783d23504b2	refs/pull/1498/head
484040d57dfd3a7d9402f481fcacd31823dcefe6	refs/pull/1499/head
22a0958fce4e83594d760c92cc3015c39786f3fc	refs/pull/1499/merge
c31ca04ea39f2b53fae7d88fd12123713a579e40	refs/pull/15/head
fa325a22f9d8f3bb6cceacfd7c8bd9a3101e65b5	refs/pull/15/merge
af51af81f6052560553f0df9d86e60b9950dbbe4	refs/pull/150/head
3d414f0362d2c705244a3cf77bcd239d66ea9ff2	refs/pull/1500/head
4bbe4c05cebf5cb15310807d3998eb93a481470e	refs/pull/1501/head
c3cac165030e5abd8a7b812cace7a11f17d708de	refs/pull/1502/head
0a8b3051553464abcfcdfa11ec5dd10870dd898f	refs/pull/1503/head
556f4323ce61f26e09d1e7156fd4bf456eb6694f	refs/pull/1504/head
cc1a904caaa7d8a2ee84fed265941ee4726cf2d3	refs/pull/1504/merge
2d632f38ff09b689a1080a2f23a18ee0a3bc7c20	refs/pull/1505/head
551348289f9c6184598040e76c5ec767ad0b4c16	refs/pull/1505/merge
1a3755eacbe13fda2896659e115ff0692fe29cf6	refs/pull/1506/head
cbfa59c84138b6a3ffb7fc560a1c3cbba705a6ca	refs/pull/1507/head
ce285e9ed018bf4d88e2ee3a1fd50b2ed6d3cf36	refs/pull/1508/head
903c94d2ad9923807f38464ff63cfc8b958301fb	refs/pull/1509/head
5c3049e131bcddbdd5bac50337422f9d86337dbd	refs/pull/151/head
69169e6e97610132e34456a1cb710230fa82f14e	refs/pull/151/merge
f194cd3b2f7974e341a9da36ea2f1c5b9c3c9f5d	refs/pull/1510/head
5d7103ff704450a0de28f32a4e24b420fb03cca3	refs/pull/1510/merge
024ceebd6385d85a10d885fa741a39069b475749	refs/pull/1511/head
5074ed66f54a9155f9ff0fe022d6c4a4922986d6	refs/pull/1512/head
fc51c9c8f3be5265fbc446a189fdc4f444873bc6	refs/pull/1512/merge
8068bce77ee0c8439082d66212ba18dac4c5b64c	refs/pull/1513/head
c324ec087fb6d31b19b57c1dce5aa72c5ae6c9e4	refs/pull/1514/head
144ad0b48a4e8491c4e2609458be653087ced804	refs/pull/1515/head
13d843a12a36f195814d92e7185ea9342feaa547	refs/pull/1515/merge
af6440b20fbd1188eb853b96dbd3a60989e0514c	refs/pull/1516/head
27f8cda2f4ad15289a7deed8cfee5139c526c003	refs/pull/1517/head
2d5cdb71983e59d8a1fc21baadcc5f7518ae99db	refs/pull/1518/head
3bc18b29f63fc5f9a128d7dad8961aaf0b1661e1	refs/pull/1519/head
93f1b0ce152140595e487a5d34c08ee4ad396ff9	refs/pull/1519/merge
21ed176030c097c27e2638f18e682da21c5b5a23	refs/pull/152/head
08b2ee7efe9ce68e32523d49d56f2f5802ef1253	refs/pull/152/merge
b2aebe24e0ffb591a4e3b67ad3a436a9c0282064	refs/pull/1520/head
600e448dd50e389b3e659cccc186042e42f5af5f	refs/pull/1520/merge
5d99b920610ed32139ba2a7b94e00c2986cb84ff	refs/pull/1521/head
88c7e707cf745d57bcc7c7f13fa75dd355134048	refs/pull/1522/head
9eb2fa569624dbb44267c0cec8c033c25312ff88	refs/pull/1523/head
ea4450361831b27ab2b3cb7dd601cba3b44877b7	refs/pull/1524/head
42f41b28e6e8738f5f6b425489578bc033b7cbe2	refs/pull/1525/head
42b5b48d71c5530856a89cd093fdaff2986559e1	refs/pull/1526/head
6b3db416c61c754cfd52aa3d6d638971c49ce78e	refs/pull/1527/head
bcdb6cf977ddd4127552dd64d8b4f97f1ebf86fd	refs/pull/1528/head
19c50da4cb140f40cf5912d1eb0e4267dda3c1fc	refs/pull/1528/merge
5e2aae38f725e00f7930f6d52af0642e54810621	refs/pull/1529/head
6397abdce8831f34ac73793bdc73f48511c6d798	refs/pull/153/head
6079e7e60458eaf444670590165bc609ab45606f	refs/pull/153/merge
57a883c989d53fb1898fa6f94445c5f80fc033e9	refs/pull/1530/head
0d155a649045a5c86b5f0443e83a6e8f87f0d6e8	refs/pull/1530/merge
9f2b458f7b97fe52f58a02093b71c879bd3d583e	refs/pull/1531/head
19f8f1c52e500baab5754ce5e805099f8e1aac74	refs/pull/1531/merge
bf52010bc04c569bf4ab466b9a565da16ae6194b	refs/pull/1532/head
dfd4148fa4ff46ab06e45bac8d4282fe7920814d	refs/pull/1532/merge
9e0bec41285fefe880ce46e06cffdaafa750ed1f	refs/pull/1533/head
f91410e6d99c7c4177abf5e160864d2263d4828e	refs/pull/1534/head
113619a0bd81cd1b5ab6da373ebaa8bc0c5f8be6	refs/pull/1535/head
43d667860f313e59d7fd47ae9847d0f43db25ff3	refs/pull/1536/head
426c55e02243c44e10f92886de3f2d47a7498bce	refs/pull/1537/head
fe16ba35e6115b9d3676cd5d0e3cde4ae0a25b0d	refs/pull/1538/head
65ee6ebc3edda00f9fc63aa31a9c1b2662c6f6b7	refs/pull/1538/merge
c370795ed5889a268a7c6c7aca160ff79a1de5fc	refs/pull/1539/head
834f6664df2dedaf8faf60dab213293bcdb73440	refs/pull/1539/merge
e78ab17b979a192745342db3c535f6bdda5503a5	refs/pull/154/head
4944a43f93906caf0427ce3019c4dca57b634326	refs/pull/154/merge
9447943ed3ccb299636865fa1d21d6efe3e64a43	refs/pull/1540/head
27ec72635534e399432c6db2996e9f10505096bd	refs/pull/1541/head
a282e584f44892002fd0067bcbe8d4807e19af40	refs/pull/1542/head
f35038e1995be246645ff1eab28391baddfe4d12	refs/pull/1542/merge
7c9b6a134bb1f0e9cfe56a1d478a311746cca536	refs/pull/1543/head
be103e8537e27051f8622d41615c42fc9fc156f9	refs/pull/1543/merge
7e278affa91c1a20f1a885c7fe426a315e1b9c11	refs/pull/1544/head
c7a498d49f83ec079d435b218db045b2eabe3d22	refs/pull/1544/merge
235a698827243af877ab5b5ddc9d101e7619010b	refs/pull/1545/head
a376c1990c238b451fc9bf302317cdba20bf7795	refs/pull/1546/head
b98652985277907b07fb73299ac2469e48576232	refs/pull/1547/head
0cbeac6dfbd4fa761e1068f264ba58cdbe205f42	refs/pull/1548/head
473a05462eca1cc230908b0d0c34dab0314f93ba	refs/pull/1548/merge
b65688f4f1cad8fb044f0297d3915131c0042c12	refs/pull/1549/head
7e769a19f3f910fd1323a4f14f8adab0545959ba	refs/pull/155/head
26f329befbdca4f92a351857e4e2ef9172cbab27	refs/pull/1550/head
c3122156d42a1edded8eebf683a8b12bbb545528	refs/pull/1550/merge
377acbfbb5fbf2ce7b7bf44bd836bfb1b1b638fe	refs/pull/1551/head
ddf8f4c31653359c12ff13a65f00aa4d2af7d3fc	refs/pull/1551/merge
d7c3892fa5e4e886ffb5b6031ffbac8da979a5d2	refs/pull/1552/head
d9a1781cd891a9ecdf4a30ced8a30f723e836496	refs/pull/1553/head
d0a69ebf17db84b092cd2bbe54dcaa39377d11b8	refs/pull/1554/head
99c76775da123d6a8e01589b0473afd8dae5ac43	refs/pull/1555/head
96271577cdc0ff563c1c33b6d7df70ef6950f8dd	refs/pull/1556/head
f9b73a50dc0afc19f28c2c77bdb2f6117e0b4ffe	refs/pull/1557/head
8c7d224682a379a3a9b3ffabcb50ca7a6b94c90e	refs/pull/1558/head
3394f0cde3ab9225247c2803fa2d0709bcc68f5c	refs/pull/1559/head
4f88fd30ce080c9789c8edd849d0cecfe92ffd9b	refs/pull/1559/merge
bc7f79c2f1307d58ffa1069ca08c428113a53fb4	refs/pull/156/head
6578779e33f57fd29759654598a5e27b6858d763	refs/pull/156/merge
cd9da15a85bfbcb0bddc799e5fe6bed50644f269	refs/pull/1560/head
fc5d40681d8ab9b2aab906086442ef277e7cdbea	refs/pull/1561/head
fa757ac107d58a607a2faabd3e70934ee22d1b51	refs/pull/1562/head
83bd0a20875ee32a07f8b00fcc66f1c830821c99	refs/pull/1563/head
d35f1eacf7b00314599e06b4e728a5143dee2e80	refs/pull/1564/head
e895ba888016d92f1b2e36abe25e90ecad39907d	refs/pull/1565/head
9b44a80b11141be4ad9c0f3e48b0056ec3bae03d	refs/pull/1566/head
4d15038ef7b5b4a2fd5e4fe4202e7b114b8827a3	refs/pull/1567/head
ea2f2fba2b9d9b61d058d061985a919754a17999	refs/pull/1567/merge
6807fcfedab84bc8cd0fbf721bc13c4e68cda9ae	refs/pull/1568/head
b0cdd73de2be5f84b9f50c1ae3fd7e8acaed5a2f	refs/pull/1569/head
4204a0b466f555fbf6b3135d4c2b6c8dddaec916	refs/pull/157/head
d2ae01358892f497add73e9c84aa52de5509a5e2	refs/pull/157/merge
21bf8fb5385e46c4af8cc1fc7a7e65fbbb9e010c	refs/pull/1570/head
0b9346e7e199b67f413d4e243cae84ec43efba68	refs/pull/1570/merge
7454a4925d3b6c8da3ddb4c2385eecc946019c9c	refs/pull/1571/head
4d1f78eabf284a7b188b8d1c5eec710a7876a162	refs/pull/1572/head
77ef8dd9ebbd82e2f7f08a6e51405e088cb2ac9f	refs/pull/1573/head
da401c38a1bfe5a7fc149d17e927144d4cabf1c2	refs/pull/1573/merge
2cf743031abbbd3de94d98dc883dfc01f327aadc	refs/pull/1574/head
d116ef8f1680daaa494e93591c1da9fdc4c913b0	refs/pull/1575/head
81c4f9296a5e978d1da99af685720327af18c260	refs/pull/1576/head
3fa0aa5d17139591de677b66bb60c9c911ba9e27	refs/pull/1576/merge
df4b3f5330987558ea1c04d8523489daef719c77	refs/pull/1577/head
db71330d1ca20aa55dab66328b89cc7676e481c5	refs/pull/1578/head
acbf92846cf50d1e3d8213181ca345b1a4cc2aa3	refs/pull/1579/head
05219a1276341e72d8082d76b7f5ed394b7437a4	refs/pull/158/head
eb93ff0fb5cd4b2a175fd44b66df6099e8fa8f49	refs/pull/1580/head
ace5aa55866c48b3a2c10807a5e7e14d57c00f65	refs/pull/1581/head
fc6af98086cf5f1681645cd12e05cd944fb8f7e7	refs/pull/1582/head
e06ca53cbb11ac11eb8c4f610fd2330a49bc13f9	refs/pull/1582/merge
792b01fa616572d6c11fcdf9af4b94fcaa4a0d9f	refs/pull/1583/head
c7c1741f760735e1ff09fe13ecee3a97108e391b	refs/pull/1584/head
1808fcc3727c9b13e4dd38308b249070996f5be0	refs/pull/1585/head
47cbda095341f29160bf91132ac0edac225ff6b4	refs/pull/1586/head
92ec96a27f8d61ceade248af8dce32ae33e5884a	refs/pull/1587/head
c21a75e267b918b006b36a7827bbcc82c80f65c8	refs/pull/1588/head
9a4d27cc89c271455d99737b08ba508afd0cc5e4	refs/pull/1589/head
da2d5671b287c79337abc1eff0593dd4fda1ee93	refs/pull/1589/merge
02983df7bf0cc51e6b6066fd3de8e362448e95c5	refs/pull/159/head
91e4ad3984147fcc277254a3f6836bf79f5c9550	refs/pull/1590/head
71a93f567a1920e9f341be7026eb0cc8faaef6ea	refs/pull/1590/merge
d0e94ad67f01962c4f0d9becd2efedcbe305d44b	refs/pull/1591/head
9320154b91a6422917809df7fd0a0005035c8be9	refs/pull/1592/head
5d68b875406b00c7ca6aae962ca6dcf78f40eb58	refs/pull/1593/head
b106bbd5d11ded6f69843c76bff79ce4870f71e5	refs/pull/1594/head
d8ee42fba1318821a431fe1ea132e8485a4562c0	refs/pull/1595/head
54f880bd4272fb3122c7116fa5215a73a5708702	refs/pull/1596/head
43f58d87dcc647781ea70d77d7616016db80ef4a	refs/pull/1597/head
2015bdca8a13d77986def6528f543c2c0fb845d7	refs/pull/1598/head
37af2875b7eca3b623826f79d118f489d8945129	refs/pull/1599/head
1938ffb94a6b4ca1a27d9d403d1edcc4e871b92a	refs/pull/1599/merge
caec37b0e03cb8c0045d520ea41165f7a92eab48	refs/pull/16/head
e1ad3397f81e5ad07028fbf64dbaca4373fc4a40	refs/pull/16/merge
eaafa322e855a777ab5157a03ad825683c01139e	refs/pull/160/head
cbebee49b42b2d8146941cd37c6a928b49f7a8ae	refs/pull/1600/head
64ded439170a8d8b61bb2b44d62298309cda4a16	refs/pull/1600/merge
ac1b229a1b55efbffae3c9b7f527d315bd688acb	refs/pull/1601/head
dfb442ea338fbe79ae3099e39856499de7262972	refs/pull/1602/head
e16ddd8e7667f0d6178c9c1008f852c156a1757e	refs/pull/1603/head
1ab6ee04ca3ad64764a04d5ec8eeb940cf1ae91d	refs/pull/1603/merge
307d00c2dac61996e7536887fd8eb7ec3a0111db	refs/pull/1604/head
89c6c937665e5e956693408d12d9b422d86bae08	refs/pull/1605/head
842b5abf33ca2e0e4cea8542893229a50ab77fd9	refs/pull/1606/head
0608d02cd0400afff471e49d967c7f8b9c6161e5	refs/pull/1607/head
18afbdf3b02b09addde7e915a94af7f907c832a4	refs/pull/1608/head
1de9ac6dbf892c54a03c4d606ebd89f281609cb3	refs/pull/1609/head
f7c76cec24a45a545b0f170507ae48626bdf9711	refs/pull/1609/merge
1bc94327db97b6c03bb77641c82c41d8f03e8ca4	refs/pull/161/head
17e438c49eaebde8e192c8aacb5d2272d0824993	refs/pull/161/merge
c53f4da5c595e233a2d9dbfb5db48a8401853e29	refs/pull/1610/head
5a80a4c3bf17f24e0bf8c22304ef276eedf3ad0a	refs/pull/1611/head
034b093b905794931c9ab2f04bbb36a02a85a7f8	refs/pull/1611/merge
de42a808d46d69a3264918b2f3d08863406c38d2	refs/pull/1612/head
33915ff66602ca45f441c177b17015efe388ffb7	refs/pull/1613/head
afdcb4d3004a2cfcb94903f49a7ce6373fb9fd67	refs/pull/1613/merge
b79ee97b85b63845cfa52268549baa625c85de64	refs/pull/1614/head
ef9c2eb158c2eed06bea656f26bcd782bd7472ff	refs/pull/1614/merge
6f07fc13802a20a4e78671b62e04dc12e7207c3a	refs/pull/1615/head
83f80cdc8cb58757d454f8d2569da5cc64858d7b	refs/pull/1615/merge
3fe005a9bcb5c33001f02383dd7e0b7d89f69e6d	refs/pull/1616/head
023ef31d325d26bea754009dd3499e6d4da3a8ce	refs/pull/1617/head
22d33aed37ea7882aa901107a1764cd0cf88c2b2	refs/pull/1617/merge
b85c8f604d375d4d773a36842964e8a7ec056aae	refs/pull/1618/head
afb5f5e43a2fc236b4c0033c33bb56372d8c65eb	refs/pull/1619/head
b81070b9ffdf1d7877e053a3753f8977fb83eff8	refs/pull/162/head
959275782e9334315302636505bf7e059d7cdf92	refs/pull/162/merge
0fe9e77617752d3a0c45084d799cf1d0e867a411	refs/pull/1620/head
b12662ac2bcbcbd3d17b95d2e4d9318a1293a6b6	refs/pull/1620/merge
8686009cd32019c657a30d638c94386ebec8eaee	refs/pull/1621/head
383f44f74cf0b5cd5b691302791e9f76f26e456c	refs/pull/1622/head
6998848b45f41ed709945cf666bcbc76c98fa1ca	refs/pull/1622/merge
21fcaa121b4747a78cd8d0476bd77e37941c989f	refs/pull/1623/head
0e7d8a0d5904975f75dc26812128273c5c82b3fd	refs/pull/1624/head
448146637a9fb9fc067609bfb99a0e5c3307f165	refs/pull/1625/head
442c1f8e22b3c8c33355436a18988cfac2f33bc8	refs/pull/1626/head
29573889cf1c76c77bc2a373590295e884ac4356	refs/pull/1627/head
7a10180c417a66ed50a9d7629fbe83b33e29f09b	refs/pull/1628/head
9007410743cd39334a8c87439efd5a164b465fb4	refs/pull/1629/head
1cb92e18b9f5ba26a344773f81504fb207c4ebd0	refs/pull/163/head
5c6d13aa1319984dd66939e17f14681f7e001ba8	refs/pull/1630/head
d57540f1d6ece90edd72e378e5e6387b3824d8a8	refs/pull/1631/head
c79de0aa8fe860e62951b96fb7d6a264925d289c	refs/pull/1631/merge
034fb65596e3020fa74288c6dc3582cceeb671df	refs/pull/1632/head
f86a378509a607c1e326dd11acafb725e7fd65e1	refs/pull/1633/head
ba3248721914d6918fb75597d415269c714683b7	refs/pull/1634/head
80ebb85139d079339d8d1ce6bd4ed426e05fde1a	refs/pull/1634/merge
e79552d19784ee7f4bbce278fe25f93fbda196fa	refs/pull/1635/head
ddf766cb4a223eb4344c0aed228b5339f93716ba	refs/pull/1636/head
afc10f66b4eaae50e003b34dfb1e29ff9ee3e58c	refs/pull/1636/merge
d52f08db414dab1276586984c155b742e431a799	refs/pull/1637/head
d70e33b409e30232088802de6c3af5fbdebfea04	refs/pull/1638/head
918c1a9c57b11d7f7f38e22dd3db53e118366068	refs/pull/1639/head
6d38143fffa7c4d8701ea790266edb7285201899	refs/pull/164/head
611f8bc407ffb9129a103b9c73c80786dae84d19	refs/pull/1640/head
47239119f030fb1b76c37497f5be521be79eea34	refs/pull/1641/head
2e0e8297f7416a98673f73b696a6f5edb2f4eed8	refs/pull/1641/merge
cd7b840f3a1feda02493c9d31170fac6ecce0ae6	refs/pull/1642/head
ceb0ca566061fe47d8e9825852ee6d9271ac8095	refs/pull/1642/merge
30e5feb28c79154dba4e5f4b399eb929af9ca558	refs/pull/1643/head
fa4aa3bf1b373bacd51b9921fd474158c7937921	refs/pull/1644/head
b00fd088d303561c7e8ab1c92e1e7d10c7b08b8b	refs/pull/1645/head
feb4bea8d76afba32dbb34cfd8cbd22a934166f9	refs/pull/1646/head
7329e87148a7f8d4f8bd1b0fd3a0b1e0bc9e9e69	refs/pull/1647/head
47aca4fc8f6681995ffb430b6554cb085d553814	refs/pull/1648/head
4898abc92561fede675a51206bf96defa020d6f5	refs/pull/1649/head
03b91c8b034b1301aa4bfb424e744eff87882907	refs/pull/165/head
9991dd4bfa6747dccc12c8a5d9fe8d6ed95fdb52	refs/pull/1650/head
2cf5e9712816db8ef6f66240ee72b052bf4d4448	refs/pull/1651/head
ac9338533c9096c090d1463c1b29505bde019731	refs/pull/1652/head
a7c81f7e114fc8854436e2ca1fccb4c968653317	refs/pull/1653/head
09562ee194867053b821fe94201da84bc1f26381	refs/pull/1653/merge
bbe0700c679286650da69261063e1220fa0195bc	refs/pull/1654/head
2cf5e9712816db8ef6f66240ee72b052bf4d4448	refs/pull/1655/head
32e2310a618ea63521b0e8dd79a68dd8075a7cb7	refs/pull/1656/head
4ab9631f12e30ee2d73d7dcc0268824deb3da630	refs/pull/1657/head
f29ab9136fb4c23c5700a73731a5e220f92b7c30	refs/pull/1658/head
2304246465b37612bf0b73be620f14c5c7207dd9	refs/pull/1659/head
1daed34617ffa518c7758c9a548afc8d1502401b	refs/pull/1659/merge
5614eb9e91c5e4bfb434b876505b5f1db3253080	refs/pull/166/head
f94bbb90df683d4ae04185ac10e5e1e06fe1626b	refs/pull/166/merge
69fc02bb6b493451f092c81a0cceedfc38d59f7f	refs/pull/1660/head
a6d631e0c6921268f09b96df548de8d5d5b74f94	refs/pull/1661/head
81c15b7781afad53075f3b1ae513dae6a6dd6838	refs/pull/1662/head
cbc38a801e96668f617afd7af5208a2eafde6f43	refs/pull/1663/head
8fba00c9db8de052701e1a0df67fb8d9bd3a89e1	refs/pull/1664/head
f719e11b1df5c83eae3325d30b67a99b5bdde727	refs/pull/1665/head
c6cbb7b5875cd67485429200369b13a32c2ca886	refs/pull/1666/head
5b1345d8c187fb1db3eb061016dbc446909df6bb	refs/pull/1666/merge
74a4fa335a7c2014a35be8556887170169360b36	refs/pull/1667/head
c5dcd4270e5287bfea15c46661ef1d7033a12709	refs/pull/1667/merge
16a0693b9322c3f85506a6c4302eb09c71c32464	refs/pull/1668/head
af548abd00485e161c2e409b0b9fa80a3a061cc8	refs/pull/1669/head
f2de707a1927cdb87800423284cc57e1f856b4e6	refs/pull/1669/merge
49eb9d3ceb48f11ca6a745b22ef0b2c71680eaeb	refs/pull/167/head
189c8b4420b9a6b11440d9eec334c2058645a6d0	refs/pull/167/merge
cdb4fd31cf509d9085eecd039d4f8a6fb6b52c47	refs/pull/1670/head
3b0b9bb2a750c20a4c124392cc7267e4ff4c70a5	refs/pull/1670/merge
ddc0e7782af2ce369151aa3153d3aa16fee27063	refs/pull/1671/head
2dc5bb8055615ff7b388113532e52cc49442b58f	refs/pull/1671/merge
847c34c22a71ac48b7cb25aa09365054a7937a22	refs/pull/1672/head
568aeb610bd7f3f9a19191bc5af0cda88ffd4ae8	refs/pull/1673/head
da6c898a244854abc1eed8a25d9190fb7bc26cbb	refs/pull/1674/head
7837e049565ae94bbaa78b08c23e4253e608e302	refs/pull/1675/head
2cdcba206227aaae920d2967124a3e045eb5e97d	refs/pull/1676/head
c0d7b93e383ca37ea9e982504be61bbbad4af093	refs/pull/1677/head
5ce78368dda7eb44fcb1352d5c1c781ca7d8e3cd	refs/pull/1677/merge
97befc26e3b279774c4c3c111e7fa25e5ca371a1	refs/pull/1678/head
c4d589f413d15b72fad140de416f67234682a3da	refs/pull/1679/head
2ef691e8bafe22987237278f5ea4979330327879	refs/pull/168/head
bf74297a481393da8a33daf438d45e936c53b1c4	refs/pull/168/merge
c098b2da60e1b5035672ca8b20fd5080de246abf	refs/pull/1680/head
0b7e8568645d68d633641916b5ec5130ec5c7c54	refs/pull/1680/merge
2af5cc8089b76a12f36fa3cc90f0a5b71af8237e	refs/pull/1681/head
e536bc5149852b6167638b4544190df3852e64f3	refs/pull/1681/merge
00191ef695ad69381ed6d1497223c72c5c087ea3	refs/pull/1682/head
fb104be0dc7f672af32084d4fb10563950558bd6	refs/pull/1683/head
8345a0ea32764792f7c422cde11bd9053145cd6f	refs/pull/1683/merge
a9e6644327a04f1d309eca812ace9c4159781353	refs/pull/1684/head
70967c9627170235a7a9304adf357f0864666907	refs/pull/1684/merge
eaef1c0ce06c4ab7fc47e3d354343e977ada888f	refs/pull/1685/head
fcaacf7a1a16d3103d253d2d788e7249f26c44ab	refs/pull/1686/head
7a212b5b14abef545839991ae7fe374a83b97cae	refs/pull/1687/head
87a71e257faf11575d8908ac560237f00ae81e4f	refs/pull/1688/head
c6291910e6a632f24d7cda0355243655634d29a0	refs/pull/1689/head
5787fe5c4b6708032f400ad24b4327c9573d62ae	refs/pull/169/head
f546181d3b293a5627171d429b16a8611cf739b2	refs/pull/1690/head
2e8f19b812a6ce5a408c92de531b993bc0cf9a99	refs/pull/1690/merge
e25b5f928a9427de57ff1963d9fb4bca2b86e829	refs/pull/1691/head
d22913c06f2576a90b19749ec9460cc181757e4a	refs/pull/1691/merge
11c821f2f2a31e70fb5cc449f9a29401c333aad2	refs/pull/1692/head
b8e1b90681b59613921d74f88374725f7f30301c	refs/pull/1693/head
8e6aaedd04325bb68fee2e19a6e26d95aec068d2	refs/pull/1694/head
ed1e2542e95dca1f025881f49618a613ec3df4c1	refs/pull/1694/merge
d5cc8e198e44f0c10a2114ae48413c6d003fcde0	refs/pull/1695/head
39590ca0cd278a1c024f9b8eb28751e8737ca5db	refs/pull/1695/merge
218c694d2e1230b7b4f231e83feafc945820a26c	refs/pull/1696/head
9e3008bf47f1054e69ecd0471c9542f0cc779d05	refs/pull/1697/head
2cd80e524f99381ece67a27f67012ed0420008ee	refs/pull/1698/head
8d38d35f7d17006f72d8b0080602736a605fd5a6	refs/pull/1699/head
e429b73b6a44ac72e09e6a81b6186489eeaac2ae	refs/pull/17/merge
8c229c9c99db083c2e6998407a273311314df1b0	refs/pull/170/head
ccb3cea62c318ff7348a1650d256fb7a909510bd	refs/pull/170/merge
d59fff97d82f87e6062450474c823f415c052949	refs/pull/1700/head
d59fff97d82f87e6062450474c823f415c052949	refs/pull/1701/head
d59fff97d82f87e6062450474c823f415c052949	refs/pull/1702/head
1ecde27623f6779c40f43dd39ca4cbdf087525bc	refs/pull/1703/head
9c298b3f7c92a7dc20f63ca305c376179b1dfe2e	refs/pull/1703/merge
9e2c674d0849dc1edb8784ec8dbd501c8ae5d314	refs/pull/1704/head
940c9b27bfb6f9cc4f7d49c36d155ac34c0189b3	refs/pull/1704/merge
9f5a2bd7021795883668897e8335dda6c0712c2b	refs/pull/1705/head
1dc92834d4c0d5f54f8b5136d782dc6da8551a59	refs/pull/1706/head
aba26f4fa3c42c1b62df26fd39f0df352acb6390	refs/pull/1707/head
1892ab3e628596a2e46bb8579b00b7e708a14b92	refs/pull/1708/head
6f6308644a712562510dc2ee58730050ef877433	refs/pull/1709/head
6f6e2309da376ca8ede8474c43ec94ece503a4eb	refs/pull/171/head
58f8ff9057798f9f396a2e734564ca56f5cea652	refs/pull/171/merge
7a2dfe485df84c0dc58403ce98d431e9c60ca3a5	refs/pull/1710/head
034c43c85cb8051d20e935f87cefc7aa4d39f54d	refs/pull/1710/merge
264e0363049d563883a7c8a841c0ee7ca57bccf2	refs/pull/1711/head
9f609f4d0f50758cd32b172e6e2ed7b3e71cf29f	refs/pull/1712/head
c04f30c6385bd969ef0be343a13671174b417a16	refs/pull/1713/head
43a39eb5b915b6330a497d7f7442f7eb74677d00	refs/pull/1714/head
ce41d2ec50effb277246c459d328a9d5d720ed3a	refs/pull/1715/head
baf46c3df953938b7b5ed2fe6767f2ece9ad16f3	refs/pull/1715/merge
943a8629b5f003a211045c1a5cb4fb7ac8337181	refs/pull/1716/head
31c4238e45a33ae2d6e827dbb45290922fcc4821	refs/pull/1717/head
b7671f5aff7261edc088b1e69f6452359e61493a	refs/pull/1718/head
b9a0ef282a3a9167d5ebec5c5a987eda2859a694	refs/pull/1719/head
b0bc38fa4a84e0bf5c522dd8b6c4f000fc5c9384	refs/pull/1719/merge
1a8532bb4e8be949a07ba8c9ca7eecf6b82b7178	refs/pull/172/head
b8f4dc1d6915521d3ebf081c26b26bca028645c2	refs/pull/172/merge
069aa1caa17b0da026951090567089921c13da89	refs/pull/1720/head
a4f9606830fc98a94a89f064728871abb9eda27b	refs/pull/1720/merge
1c880666cef2706f51ff4c46e81c578ddddecd7b	refs/pull/1721/head
8cf756d3b0c810bb009e8457b2c473769d749734	refs/pull/1722/head
89387f2875efe3884232ac89a60d5939f8d1e956	refs/pull/1722/merge
06462bbd972f3b3404736fa62d000dee94e35cf2	refs/pull/1723/head
b7d09057fc491408417f283de8fa57ca4b0d8c46	refs/pull/1723/merge
c1fb55c5c011e5cdef466b376b51749a4a87d3e0	refs/pull/1724/head
7903ccaa8df4dfff93503dddaa9bd11714628e43	refs/pull/1724/merge
5fbfb2cf2053da3525256fff94883a87503c802e	refs/pull/1725/head
5f5ed13cd0b5a481da8da15043852c6ffccf4005	refs/pull/1725/merge
28703897c3021725eae51f0e31adf43ff7c844a6	refs/pull/1726/head
9c1a0938ac324bc2bd62a0f80905b31745bebeb3	refs/pull/1727/head
36b44eb4c18cfd805ccecd8df695b0d5ee9c409f	refs/pull/1728/head
678519681333a24516696b651c1e23416bfaa1dd	refs/pull/1728/merge
c8dee260ff482485b75c3a31030a1552112f46b4	refs/pull/1729/head
3b415af359534a954c8cb9c9e004974b13495e10	refs/pull/173/head
5822f1b6c417d5b65f2f7a2bc825591ebf58d683	refs/pull/173/merge
70405b32bba9be84e832e963e64324bc48d49256	refs/pull/1730/head
0209bd8bdc9fd74743c6729425cf23b8106e9f07	refs/pull/1731/head
276af9da2a4d95ecb8c3ddef3e1f851ee57465f2	refs/pull/1732/head
c4d41b5884deb9822c7f396229d0db9e08dd0dcb	refs/pull/1733/head
2907efda4271e33071055f159650648d86c8e4f0	refs/pull/1734/head
17bb9df1531220a513c1823ee41d61126881ec4e	refs/pull/1735/head
32d54e23f63fc76a7ab9f825f87ac04dca72a9ee	refs/pull/1736/head
ab2a6c274a1b221797ec99fba6ead532d5a5cba9	refs/pull/1737/head
e40fbc1d86a48a6d0cd4e646058dea9bc9142e07	refs/pull/1738/head
588ecb288c33a7a1989466824fea428a17f5ebde	refs/pull/1739/head
377a13b8286b528808e1446f95ff8667274adc49	refs/pull/174/head
c15271c42a13e4cc3ac61ab0eda1450afdf63011	refs/pull/174/merge
1679ab7b7a0db40733ad60ada8b226657782d33e	refs/pull/1740/head
23ba9bba4e0ebee7fb2894e61928a01a06419862	refs/pull/1740/merge
979db88feb9687ce6b5659ef41a4ee99e973b255	refs/pull/1741/head
4c719a395ac1dcedab1d36e18d304953669a4745	refs/pull/1742/head
abba5c3c0cfbc8da6d9c8151954456599801b37d	refs/pull/1743/head
7b68aa9de1dcb0b1541a33731e7453708b19c46a	refs/pull/1744/head
0603422762d05f1586b845fdaf3abf70dae1f19e	refs/pull/1745/head
63b6a46226679999576d58c0693a58d4e766cbe7	refs/pull/1746/head
46a4aa7c41c69f5fbe392bc36659b2b755e3bdfb	refs/pull/1746/merge
18dffbe992e07cc6c9ce81f53977e256c3bb1ad8	refs/pull/1747/head
4f41d2bd4ac0d26e3ffb86cbda6f5c3314f62e2e	refs/pull/1748/head
4152270645677aa505a59c90c42a5df33d779c79	refs/pull/1749/head
cfd3c03ba8a6049f2dcb9e32760e42358f2a4117	refs/pull/175/head
bbaa3cd9b2aefa6c4fd0a76ecd8f1c110892837e	refs/pull/175/merge
cb705d5fc8eedee276aa72bf1e15a36d6b4b4dd3	refs/pull/1750/head
4087e1e8140c53e959b1b5db945ac27a048130b4	refs/pull/1751/head
987cc11589d5948b535a9620b80370a165d5040b	refs/pull/1752/head
fb49f444ca9eb4fe49c7fa5a889125559c371147	refs/pull/1753/head
531247be0278b6c81efd96f18eee9c27f03e0021	refs/pull/1753/merge
8efa602b402fe45371572bcbaac0d2e00207f9b3	refs/pull/1754/head
d42b0cb8cf2fefb10c2afae994859da00d1caed8	refs/pull/1755/head
96984c4a15e3b587cf8d590f5311a1abe1f63e28	refs/pull/1756/head
96018e7257c084dcaec82e3edae7ac6000e2f24c	refs/pull/1757/head
df8031acfd23d12bbaeb4b6f8d72cf4936f9dc7f	refs/pull/1758/head
27b68a48969ee9be091abfd971e0c0aa092b1638	refs/pull/1759/head
0fb3ec9fcb2b385372d8113546684574a3c840fa	refs/pull/1759/merge
2bcce9914aaf06a8f8fb26a25575d80cd67fc043	refs/pull/176/head
7c36d4744ac9d741b5e9b7b89f9bda54d37ea61f	refs/pull/176/merge
aab645a42bec065beac422397ef6fb6397259963	refs/pull/1760/head
94fa04ad4fed8e3b6a04f0e879169514eb9e8b6b	refs/pull/1761/head
12c5aaeecc45730e5125b7331ae6d86ccca48909	refs/pull/1762/head
9ec3ee9f6efd22416a62721b631afc0549b35aea	refs/pull/1763/head
3b23a0ab130422b5884c1e7cde9a7141e75344af	refs/pull/1764/head
d0b5df150e9c98465f26b1393e246a188fb1976b	refs/pull/1765/head
a6d93512218fe757b1b985a54735782147b6f8d5	refs/pull/1766/head
d51c146cd9d866b4900e0e75a4bf98ca45c720f5	refs/pull/1767/head
6adeb2c7bb30f6ae3551ee7cdda0d98cf18fe906	refs/pull/1768/head
61ff3fa7b1a6d2712a5eeb5f7241b33a3d246eb3	refs/pull/1769/head
a1ccaded84373eea3ed626b73d099a25637cc7a0	refs/pull/177/head
18d24348c8f6cef2be86ed6996bfe4c8a4909726	refs/pull/177/merge
ac913257309960d86a9c11e825c76621c6ac405c	refs/pull/1770/head
67a247bab76bf4851735988522f91b4d04da0c9d	refs/pull/1771/head
230812971f757c1c8039367459f1e17802f8de02	refs/pull/1772/head
27f7e204e231f1f4307deb9c0c2c946b0164d2a9	refs/pull/1773/head
4288d52c0abc32a911c52c654ee7574198916999	refs/pull/1774/head
b3fd75fd87128ed3d89e143b5f25a930a2f1a3f5	refs/pull/1775/head
e009249c866d2685a64bcbaab790ce03a72399c6	refs/pull/1775/merge
2528d929c7e37f592a12967e6a2d86b57dc38293	refs/pull/1776/head
7402518e80663810eaf54d45c2336b545b62ed36	refs/pull/1777/head
d32f8ade1e0b11f802f831da00058dbdb4bd2aa5	refs/pull/1778/head
4c42d5ff284067fa32837421408bebfef996bf81	refs/pull/1779/head
33e317c1b1734748b08aa1457736d10949995ef7	refs/pull/178/head
5529b3659a6e735a5348f254b7e19fb8117b1035	refs/pull/1780/head
a8e5185fae4c8aeddd43072d8c66e42e305168c5	refs/pull/1781/head
29fef8c124ec1aa37211fcc77b2e26b39f15b1c1	refs/pull/1782/head
8c63c890c359d336d00bcdffc961fca3ceb5570e	refs/pull/1782/merge
753c0275e8c476653384ff27d56f8c735cb4f7d3	refs/pull/1783/head
52a7d5f608e6999b10e7c4b371f8e866c0603f1b	refs/pull/1783/merge
19d8253da07624aa14ec78d00b549bba8799c55c	refs/pull/1784/head
9cb77b523aa12206414bc7ebd43c23c48c49c115	refs/pull/1785/head
2864332d29bfee7f806541b17de9f7a9d74e6c27	refs/pull/1786/head
130674530394ccaa751969182d5801a4eebef123	refs/pull/1787/head
b56d5b3f94b3fca1ff477fb398eab76c9938c5be	refs/pull/1788/head
3d4f440b584724677132d812327324e141f7164c	refs/pull/1789/head
45b37eda38e9b6371445b102b9b57abf52c8a750	refs/pull/1789/merge
8a4a67c8ad4b4321ba648e56c33dd1b633958bd2	refs/pull/179/head
39fef1011b05fa33c840bfc6bba04a86b2858dd6	refs/pull/1790/head
bbe4256b6ad469bd3c40a922356e7ba0ee1b0bc7	refs/pull/1791/head
39fef1011b05fa33c840bfc6bba04a86b2858dd6	refs/pull/1792/head
da22dc086dcae89561b182982923b579ddf72379	refs/pull/1793/head
9c4a09ae4d8ee8d07e7ea6a28d6b46388cef229b	refs/pull/1794/head
cf692c861d55e04b21a3fa7273ce326aaef695d7	refs/pull/1795/head
c8d35aba65bbd2d85ea7206ea57d544ca1bf854b	refs/pull/1796/head
f9af45d919881279b60183ae39dc3658fb4b8d13	refs/pull/1796/merge
638acb9c2942f1beb5b9cc73f001b4f638cfb05c	refs/pull/1797/head
638acb9c2942f1beb5b9cc73f001b4f638cfb05c	refs/pull/1798/head
8d09f457aad63164caa3962f6a83f885adafb643	refs/pull/1799/head
aad54da418a1f8cd21fd38641f1d4f1a955cb9b5	refs/pull/1799/merge
a8b8cfb153c35a921f8cc05949a14082d7caf89b	refs/pull/18/head
8aa39e17313d1e9e1a5f95e689305721a40980f1	refs/pull/18/merge
ac3952a2d08f708e61dbbe1f84dcc5517db7a444	refs/pull/180/head
394ba339b309d7fc49d3670feea36642060ffca7	refs/pull/1800/head
be60c8b45a017384409ca84c2d875c94eda1abfc	refs/pull/1801/head
4c60737e4800ca7a63a2b8a0ec7337b1af358648	refs/pull/1802/head
8f8d6eee531b3fa1a8ef14f169b0cb5035f7a772	refs/pull/1803/head
6f5bae878747b3e761e3bfb80f3e1d3212817a52	refs/pull/1804/head
e2cae7f3a510027864303fe91dcf447f63eb0873	refs/pull/1805/head
15b79665ac35c29d1582eebdf0c223fec358f236	refs/pull/1806/head
189f570dfec7202db0531f5ea838cbcf57ec6377	refs/pull/1807/head
2d2688e061bb587e7879b99b26266fbf221597e5	refs/pull/1808/head
9b29f75f75bcfb2ed4b0fd67470e5b18779c4a2f	refs/pull/1808/merge
a6843045e00ecce911e5ce18c919872d37492178	refs/pull/1809/head
5096087308889a992148f82de2e13fc1b055f256	refs/pull/181/head
f73307a46f4e85154bde4703ee2b7533e08257d1	refs/pull/181/merge
17484df5200356c9cc17cde293e501a5a88a744a	refs/pull/1810/head
a556a5c05c44e521b572d595d5d32cc4158612c0	refs/pull/1811/head
074d8a7c1d21144f591759c2a50d952df7624ecc	refs/pull/1812/head
0c1ef039ed57091c7181b370250dab6fc0f98178	refs/pull/1812/merge
5121f3420d340745220b90713b09756ee70154a7	refs/pull/1813/head
e52b04ac56aa85b9d26d560c5016fd049abf75b6	refs/pull/1813/merge
2a9fa4dabbab20aa55bb1e690e360dcd1b1b27df	refs/pull/1814/head
3833555d408a871469b83940bfe66f1f29fbd495	refs/pull/1815/head
00b3b8e292efdf552919ce789821c366408eac04	refs/pull/1816/head
2ff39faaebb666aa2b58995e3dd46c885fc77594	refs/pull/1817/head
b5d9129e6fd2f63e6da706e486512553f34fe757	refs/pull/1817/merge
3f2188fe76bebb082974bca239e58c8610decb53	refs/pull/1818/head
2447d332a851e41e613dec181c347d5a15c310ab	refs/pull/1819/head
58e030a1b1054656e5829188a767ef5a090e75c2	refs/pull/182/head
9c1227d49314a1694618170230c48ace15c95063	refs/pull/182/merge
735d19365aaa191ac266d25771dfa80b688c0b92	refs/pull/1820/head
7322823170c5a752f9a6a9a540fa17ef6a26455c	refs/pull/1820/merge
653b75233d58c0db01fc178804b879817d6cab29	refs/pull/1821/head
7f1df4a50ddcdc0c87bcb0e35d350e27fdd879e3	refs/pull/1822/head
f7090574986e4c50cb19de1a10ac5572bf61fcce	refs/pull/1823/head
cf1910f030eb876d24c1bfa70833a26dac60da0a	refs/pull/1824/head
a52e9516ddccd7edb97adbd673fd5443cb15b200	refs/pull/1825/head
749ba7f52086f2b444a9e073c431d7d4f4c7204e	refs/pull/1826/head
5436860628c6eb66bd72dd86d54e8b1129f4cb2c	refs/pull/1826/merge
367b9db90e7f30faaf17df5439b6e092731731f5	refs/pull/1827/head
7fe9503f6104a4e73adfc0bd5639fcdf6315f356	refs/pull/1828/head
a6d85b48647646ed5fef916eaedb38cd860bef11	refs/pull/1829/head
1be8ca92239713ccbb992c4ae19e1e1baead517c	refs/pull/183/head
1e3a39207a98f16233570e9c4d9f03fe8a660d01	refs/pull/183/merge
0082dc6e1e90d7902315190e4d2aded29998abc9	refs/pull/1830/head
93b1e9f4c805f1db7f661117776c47d458f600d9	refs/pull/1831/head
0ef46f48d7c8563d6f8081b0c83938812f820622	refs/pull/1832/head
f160cdfa0ee924af8d9224f1e46936af8f183247	refs/pull/1833/head
525445522e213d8c718054c7fe82c181c131557b	refs/pull/1833/merge
40d4d1d7935bd31120f257e414a520ffbab0dfad	refs/pull/1834/head
0997a018cf1f96062a74920d78e7280f271a7ac4	refs/pull/1835/head
8755790e0e2de2b8b6ee028cf741af78bed41228	refs/pull/1836/head
499513cc92814a44b7930abe9a6682d1fb5700ee	refs/pull/1837/head
b50119850ae1a097477f875a3c0a0871d0cdc56c	refs/pull/1838/head
ae4bb4d9b1e5efe7ba974f9070a4a95ff00d6058	refs/pull/1839/head
9dfa77b8a77afbc5ae7e7889926ef17ab0432e6f	refs/pull/184/head
aac99381ff3d1978c7b8c09ff2e93612516048e2	refs/pull/1840/head
77b9e4aca9107a93c6370bcd13d68debffab708e	refs/pull/1841/head
d4787f2c98ca96450ef55f53d0692071bda63793	refs/pull/1842/head
754e4a60ff6f1d61fd76ee37bdb5874a4e0ea5f1	refs/pull/1843/head
0208409337c2d7bab094df0bd932d6e540a8f6bb	refs/pull/1843/merge
037323910f074700ee5ac172f841d92686f0e4db	refs/pull/1844/head
037323910f074700ee5ac172f841d92686f0e4db	refs/pull/1845/head
6486cf5c493c0b9c0d5b2126e72832c53f45661b	refs/pull/1846/head
89ce6212c029a6c05eca41bf29534678b6c9483a	refs/pull/1847/head
9a88c7cb37cf0d909be5e2b667ea879e13a5be62	refs/pull/1848/head
5ffe651c4e61c1fdb00a9d691cf6ddaa210f7378	refs/pull/1848/merge
791d7fafd230de2364455e2f7f53f642a892b113	refs/pull/1849/head
ca77e656c3c0a3c8ae6821eaafb86d52dc981929	refs/pull/1849/merge
2da391371a6b785e9b588c16245a5fe5a533f57f	refs/pull/185/head
2e3567031e9be7767914243ee00abca789b88ccb	refs/pull/1850/head
85ecb5967d5ff8de9f2639bc8937afd1eac7846d	refs/pull/1851/head
4a0faccdaaf740d291046a50736757b4d27c26c8	refs/pull/1852/head
c02d3e82458eb5121d9d262a7756b8d8b3e8f16a	refs/pull/1853/head
19d212bdd8602776c4971ba70e66498faa39eac2	refs/pull/1854/head
b25c7dcf2b7db6e36d8143fae4f36722e4aad80d	refs/pull/1855/head
d118765737c896796e9260775571caf7f8e79450	refs/pull/1856/head
5b9da166ea579c8f789b0698b74eb68d76efb1c6	refs/pull/1856/merge
bde2763577ec73e20986c446a98fcde7456e6937	refs/pull/1857/head
bde2763577ec73e20986c446a98fcde7456e6937	refs/pull/1858/head
ccd0ca4dfb342a7a7edd5892973a5febd7527173	refs/pull/1859/head
ac08a7867e86d0a6d9337d1bf6c62c7ffa2d2df7	refs/pull/1859/merge
c335c5d8a222c8ce738173c7abb89fbd64d5017b	refs/pull/186/head
d27740ed690b780f0d89605b0b659452e0a20472	refs/pull/186/merge
13a423246587cb876832964ea1752a3601f3bab7	refs/pull/1860/head
1feaba46becd2a5f39d907af076f6de3e254ecb0	refs/pull/1861/head
ff039691c84c2b41723711e2a7febeab7563393b	refs/pull/1861/merge
1feaba46becd2a5f39d907af076f6de3e254ecb0	refs/pull/1862/head
f8b9f99360287ccb8b2b2f36de2e00890ccc74dc	refs/pull/1862/merge
cafd918e2098b8123145956e4ab8330b9439d36c	refs/pull/1863/head
a3178baeb9f67a59bc59f38bc293304211c2dd48	refs/pull/1864/head
4da85bc8577b41092c305a2aaa884a71d53ce1c6	refs/pull/1864/merge
d47387d59695767b114a13c885114475a600ce78	refs/pull/1865/head
fcc2a376a5eb0a3a5ec6b453795573050315670d	refs/pull/1866/head
e0e572adf42a1e00b4441b876b7efe4f06324750	refs/pull/1866/merge
d1e83439133a25d8466c5e4fd2dedc1dbbc3528a	refs/pull/1867/head
fd3454e6e33875b368d2ad4cccf607816b846c15	refs/pull/1867/merge
40610529e6aa814fbaad029a2b4b99126c210728	refs/pull/1868/head
64482b5249b88618e380f0a1334ef3ceb5c6fda9	refs/pull/1869/head
83f197151c04164b0dfd4d127e72439aebaf8b71	refs/pull/187/head
8cec7392db9239222e9220f1b98bc04aed4411ff	refs/pull/1870/head
018d2274b42db88ff5d97b3005b685edcb22e4c8	refs/pull/1871/head
7383d9052eb89a8ef7d1da3ef9da19264083e6c5	refs/pull/1872/head
905ab91c350ea3340827fac51b8352c595f5c8fc	refs/pull/1873/head
ec924fcb0b214f4f3f603f737538032602bcd931	refs/pull/1873/merge
93d4da59452da7f85c3149ce210372b00ee9318d	refs/pull/1874/head
e8db8c825280e2b1bd8ec56945f1f0031da24c66	refs/pull/1874/merge
163e9370ad956bc0316c2492be88dee7c817d415	refs/pull/1875/head
163e9370ad956bc0316c2492be88dee7c817d415	refs/pull/1876/head
163e9370ad956bc0316c2492be88dee7c817d415	refs/pull/1877/head
95a853b2e5b488e2fdd4b8fe87784c4cea3c1edd	refs/pull/1877/merge
290e9be054b58206187778a64927e61f4a7a7468	refs/pull/1878/head
b3e33813fa62fa95ce203f63740b30df63ef8c68	refs/pull/1878/merge
f648cf4a4d79df1287aba69dcfcf66fb9327f0b0	refs/pull/1879/head
a4a43e6f3112cdd0709123102f7c1905f7d0f253	refs/pull/1879/merge
2cc96b04330aa54b63f86fb144318bf19e09a974	refs/pull/188/head
4c5f6059b53ef8dfc26272bf4419a80101dc6a7d	refs/pull/1880/head
4db67e752c7a5252396233710f8b13a8133a0a94	refs/pull/1881/head
51e278ba6b6f61b1c3b41020b2511867cef1cb00	refs/pull/1882/head
111475452e3e68da694519ec7bf8f2a67e77012a	refs/pull/1882/merge
13c57ac102b7391a0c00d7c2f073bea562aed9a4	refs/pull/1883/head
5340982c289668e6338d85010899fb56ab473c82	refs/pull/1883/merge
a956acba49de36a482c347ca1cca4af7b726c969	refs/pull/1884/head
ace5e71729c941cc23bebb1f790b2adb76656254	refs/pull/1885/head
c698805f088e0643e5faf027d4eaa6de14d6c1ff	refs/pull/1886/head
488f5581356ea6f40b31ea294b5c767172cb953a	refs/pull/1887/head
2123de0b8ce2e6455489d1c04ec37f4cd1923036	refs/pull/1888/head
63a1710c146d349a33d04fedffbff23eeb04a116	refs/pull/1888/merge
954c1e12769f01b8c2a3e32ead4ac1bbace3d98d	refs/pull/1889/head
e4474ea56faa18b77ebc8b1d99a7264fe5e22a00	refs/pull/1889/merge
0c0ea992e8a9155f6b44ad7eb1a92b9b19042c38	refs/pull/189/head
656e30313381512d7a2070148788f06583092390	refs/pull/1890/head
00035bdf2fd94f2fff3eb51e0d880da5102243d0	refs/pull/1891/head
cda8dc194cc6a34cd02762566eabca27aabedbe3	refs/pull/1892/head
6a2d8907645f2107d12b929561b9a60edbc82bb6	refs/pull/1892/merge
0bca7a06d1102d0ce4d5fb333cb41aa6d5babfea	refs/pull/1893/head
140794b8846e94ec3ff77920f0153f65d434f07e	refs/pull/1894/head
b498471cbb347197a0c0e3370fdc1345b0a5c191	refs/pull/1895/head
b0812754297c2eaa426847b22d01c8871241dc6d	refs/pull/1896/head
672cef4bdae962879f76dfb0ca81d144a1c3dffc	refs/pull/1896/merge
7f36484e267021bb6d3b088f3c7c8f97e655c7eb	refs/pull/1897/head
95ebbdb3887cfea5c4fc946a4246b8663f9c0ea0	refs/pull/1898/head
71abfe260b5f3a2007acb56e846d883289056071	refs/pull/1899/head
d11caf94b7d1c3c2fc53da97753d31ac5c821261	refs/pull/19/head
9704c26bfd908174dd2b11d4db11e36c0af57530	refs/pull/19/merge
2b6d3d6d1447fadb8d0fae1f7865a35be576aa40	refs/pull/190/head
c9a409320b2255902ba5850add0fc09f5e83d754	refs/pull/190/merge
b41f3e2d94ee83ce9d0f0c6ed93b918a66d2e122	refs/pull/1900/head
fa2335be385101b583465aa3d709b4adb05f9e1e	refs/pull/1900/merge
1451983125ea058e237d443fbbbd404bc489e815	refs/pull/1901/head
8e3f5c73739c179cde2c6ec7cfee95e48cefd8fa	refs/pull/1902/head
07cb811b48ef0427a11446be6385f3e2777a42ee	refs/pull/1902/merge
aa964ab1d7b7ed95e1ba0f362c53e31deeb200d9	refs/pull/1903/head
55db3ade6ba020ad8fa58cbc371d251769d29fc1	refs/pull/1903/merge
58914173a2ded20d18af5999bdd75f8180db439c	refs/pull/1904/head
c1d86e6aeceac6aea6b801a8b3e142172cc0224c	refs/pull/1904/merge
4fe3da23b5031402283fcfe386bcf2b56e29a471	refs/pull/1905/head
83aeadbe301c87c9f8aaa63c96dd9d4a26b4a347	refs/pull/1905/merge
89378372869dc9b9fa8d8f0890afe4e165463084	refs/pull/1906/head
02445683d086712d4ef6964809e2e1057dcfa995	refs/pull/1906/merge
96ec2944a5f1a81a87af9b980ea09be48913d6fd	refs/pull/1907/head
dac0c13f6c4fd1ccc48fca370d49c89d3746b2e9	refs/pull/1907/merge
e76401a1de038a5d65f21f171f7c87418c64752d	refs/pull/1908/head
e9bc6917b3fa772dcc0c1fda7a565d52596bff61	refs/pull/1908/merge
1a82a7f16f77603560db097f1d360edfc844b998	refs/pull/1909/head
b527dfb25861ffc62a742de450ff36e6a0e72140	refs/pull/191/head
2b564e07ab77f2781a1b0d0ec99399c2643a1d82	refs/pull/1910/head
79d95cc82838a2089c810ee1e67703823ce89020	refs/pull/1910/merge
7dc8d123ef8b0bdca6724cd75d74610dddf38f0b	refs/pull/1911/head
c9238269bd6b410074d26c3f7f94f1bf4815e40c	refs/pull/1912/head
7b7de2d61725be76fb1e3ca66843b31c544d4173	refs/pull/1912/merge
e8cc685ec63ab3163057ad6ea70a1514e049c5ec	refs/pull/1913/head
26222a68bf7fac5937d02b5e304dd3370dce1696	refs/pull/1914/head
26222a68bf7fac5937d02b5e304dd3370dce1696	refs/pull/1915/head
bfd782d14809aaa993bb5d7df04f77c83a816cd0	refs/pull/1916/head
cdf41dfd7dd1eed9de835860e7c7c3c071fa10f7	refs/pull/1916/merge
5d64a552f5edd9271970416404eabb28d5c1dee0	refs/pull/1917/head
61bf134a51bdac331dd60ff2e7158004b373723c	refs/pull/1918/head
7d1d208b62eef8a1c68b83a8a0211ade1d7b65d2	refs/pull/1919/head
81dcf386425ab62b437e2c411f7099f9bb373fb0	refs/pull/1919/merge
f5053041a391c3d82c8d0d5d6ba562b531b44f8d	refs/pull/192/head
afebf4d7ffd68e7b723bc3bbfccdb4db584905f4	refs/pull/1920/head
06decdb11f4e06222847d8c51639a121a2cd5290	refs/pull/1921/head
490f7d88ea78e76828c7ed203fb8e514e4157577	refs/pull/1922/head
70ac71a88c723c60341225ce1148f07e0d35fd2e	refs/pull/1922/merge
0f74a82d6810ffe9bc9669d632b8ab79180100a8	refs/pull/1923/head
751104412734f569d8b777741ac23b4c26103465	refs/pull/1924/head
756db4d63f677144321de7db7103deadb29412db	refs/pull/1924/merge
3f7bbb84cb458c37782c9e3af9124a9debf721e2	refs/pull/1925/head
37eee7718c3f32a772c1608cb28a4fc4385f2003	refs/pull/1926/head
cb59f97ac2f22761714a4cd423cf1eda6c9bd70a	refs/pull/1926/merge
feb82804ef5d4a88004050a2bf122a18335dd68e	refs/pull/1927/head
831763fe0e02668b7ad6d97dd8988dcf2cbe40cf	refs/pull/1928/head
abcffea9341c8d8015ac235d376db910a7d70cf2	refs/pull/1928/merge
ae6d8fbe069287d211256371e8572c5cd75f795c	refs/pull/1929/head
652b93cdad26d320d81b0e2b2cff269c52774d6b	refs/pull/193/head
7e6996d199eab193f33c4cd1d0c6815f45d2939b	refs/pull/1930/head
6d5bcd05ac7916fdd3c92e72da341df9e9a4c750	refs/pull/1930/merge
b114279147ef2daf2afc82e04a3d28c919563b4a	refs/pull/1931/head
3524ec3578c8e28787b686b942f11240f256aae9	refs/pull/1931/merge
f03226b38965671d40118d4d193141ae66eeb794	refs/pull/1932/head
52d818a11961c4131543544201d4af9fb50dfcff	refs/pull/1932/merge
462ff140dae6f99cb44fc779829d01df5a7a23e9	refs/pull/1933/head
b47aaf5209d589a86a533a4ab5724cfbc9a427d1	refs/pull/1933/merge
7b24c9af895d06ffc29ce1d6b9ed3c3b01c36caa	refs/pull/1934/head
3c7b1fc7fd3b7a38b909d8f1d0b35bc5b71fe0cb	refs/pull/1934/merge
db1d1d6b0a09c8ce6f85a1eba4c859c4a2f25021	refs/pull/1935/head
9d198c4aeea4ec21bd4c3fb0ae8556c020eadaa8	refs/pull/1935/merge
abd146b7c2a62aaef5c22269cff155387f33fe32	refs/pull/1936/head
9b202b2a380e2d9b7353dfa013b35ddb4fc66032	refs/pull/1937/head
d54f51f3b34688d104892d2e40f98e0251175f5a	refs/pull/1937/merge
18dc437b9eb00dc5628af33184336237ecfddb30	refs/pull/1938/head
fb2e2f84893fad620f2f058040d023ad9729334c	refs/pull/1939/head
ee7f4547c152e142ba220ce03a431ab8e50f03e1	refs/pull/194/head
029c23cf027739d707ef59e23ebb5e526af1008e	refs/pull/1940/head
b0b35b0c2d0e733c20024ccdfd67b220a58cf0f7	refs/pull/1941/head
8d796b6645aeb146f05f0317754531cbe65e46a8	refs/pull/1941/merge
1be9500ded80404adba098f5adedb7bdc57cc693	refs/pull/1942/head
38f1fff2b8fa5df49afb72ff52ea358f0a55038d	refs/pull/1942/merge
223842f3e8eae4bddb5ab59a15b6aa575ff9f7eb	refs/pull/1943/head
1e0cb483d7a4b4149bee4e489f6becd9d17c8ab9	refs/pull/1943/merge
e79d0144ed27d9dbb5cd23a99add643491aa15c4	refs/pull/1944/head
d93b2c77c2c256fcb2179a00869adc3e4d44db7d	refs/pull/1944/merge
cd88cc4961d9dd5f0d9ff57c21ac269bdf916b7d	refs/pull/1945/head
86280ab7efe395727873ee1728ac35cba3f24c26	refs/pull/1945/merge
4073f4afcf52ef088d9e7d3548f9833b22db6e82	refs/pull/1946/head
bff3e2cc277f0c38d4f4415623ebcf26ef6bc6fd	refs/pull/1946/merge
ef0cedb20d051b111ed4ae32d29a2e054cd79c65	refs/pull/1947/head
6154158b98c5e715c6300e1c9a67c84beded54eb	refs/pull/1948/head
ca039f5d8d6968d0500aac84fe0eaeb0f61649bf	refs/pull/1949/head
2f3402401df1dcbe8be5fc2c8c58148f226a149c	refs/pull/195/head
8321c20ebadcd5dc7225415a9afd8eadac4808cc	refs/pull/195/merge
a228ba571dc0af588671d90407998152af0970b9	refs/pull/1950/head
e5d61b58b0bef31e0235ab63fd774a40961647bb	refs/pull/1951/head
f51262d7a339d15a3923e18c0e9c4f480ed71c5a	refs/pull/1951/merge
c1896e5c9207b89774c6ba02369a020c0d5605b8	refs/pull/1952/head
401932aecc5f4d70850f2a659fd638890eb9b16f	refs/pull/1952/merge
b832bbf441415cd4f36699b310151863ebcf7bd7	refs/pull/1953/head
fc6061f5a51f8d54457ee139d60893cc276278ec	refs/pull/1953/merge
475f7b5b1bdd7c3db19f4a5dc6e95a1187c5ac55	refs/pull/1954/head
fa0ed8356b791218e9dfda8c3b0d3442f07550fe	refs/pull/1954/merge
107f9ce3bd03eb0f931783571c9515b9a7bb6aa3	refs/pull/1955/head
cb16fec8bafd4a2c417692d454077782eae67686	refs/pull/1955/merge
d00e805c5c56ddecaf74f83954a3e6605b07096b	refs/pull/1956/head
e0dfe69f50429935a0e586475d9488b04e4a2657	refs/pull/1957/head
64f778ce2ba6a3010d284daeb09ed2d591b54565	refs/pull/1958/head
fe6fd3cc3b28a73d6a679aedba83771a12e82d34	refs/pull/1959/head
bf769e30aed6b82c72794664bc408aa2e1ae11ac	refs/pull/1959/merge
9f62457e7e4685456225d4cb4785e31298d44351	refs/pull/196/head
c257e2af1be581a10cddc3ef55deec16ac7c9abe	refs/pull/196/merge
f6545c4d692241246d4e7ebb42ab27410fef31bd	refs/pull/1960/head
5674589969f2afb35cecedfacde7fa7b987a2985	refs/pull/1960/merge
df621905498bd1a4bb8dbca83b08bfaa25cd99d5	refs/pull/1961/head
c1b5d030133fafc6adaa70facf13027b37edf632	refs/pull/1962/head
b84fdaa3bbf0d2048e9590f086f5610002b99c79	refs/pull/1963/head
9d69c19273be31135eade258b49582bcc6df27c7	refs/pull/1964/head
249f1278ddddb50a5e016fae78dc96ac4a8881d0	refs/pull/1965/head
52ec71d4c53dba413297c9a237e58a9a3261f389	refs/pull/1966/head
c91883d6d0ad9d6c351d8c984978911b5d2abb26	refs/pull/1966/merge
03a54270c7a1de7f51b7ba585345de29aafb07e1	refs/pull/1967/head
964c59698aefd1dc2863f883c27f36fa664efb8b	refs/pull/1968/head
42c03c4b0444f8611de07884732addf871934050	refs/pull/1969/head
df3866a66c424a5de17498d0f9e5dcd7d93ee3bf	refs/pull/197/head
638e3a1ddc709df67d60b056bde6da14ddbea2b4	refs/pull/197/merge
b91ccb640c5c459f0f77b578d942ea3ad0a69165	refs/pull/1970/head
f24495d78aeef4328aa271d6c1e22363683b4366	refs/pull/1971/head
e45f3de15f0926d3d49e065bc1a5955049cc04b9	refs/pull/1972/head
f7004939aafb124e308ecca2b31a56082824f3fc	refs/pull/1972/merge
2bd8bbf7441bb62c078656b9366de484574f30c5	refs/pull/1973/head
11c1c0c9c12ea5f4528c07f5704226089316e22e	refs/pull/1973/merge
6b5982d97769e1fce019740baa4fc14951206725	refs/pull/1974/head
ee051c40b73847be6c6e6867b291fc68a1adaa70	refs/pull/1975/head
0f3a217ac8ba3638ca1c0f78647020d2cd4b0021	refs/pull/1975/merge
176f9b16b2f2742dd28cfc88ac1e85e11bd1a0f0	refs/pull/1976/head
7cc99161b17f96799877eb606d4fd4970dfc749c	refs/pull/1976/merge
74c41eccfb08d4b478ae2d00b3ac9a2aab4b85a0	refs/pull/1977/head
43970e973a01ab69e93c32cb4c037f24ad6cfc79	refs/pull/1978/head
6f26fcc5c5f0e27f6ffe2a97cb14bf00fff6cd44	refs/pull/1978/merge
043fc91be3ce76519493e2b4bdeab00bfd8517f0	refs/pull/1979/head
e283cca1ec87e54282b92983edc6f3054388d705	refs/pull/198/head
b18544b74f3c677bfa023e8a83ed9d2682e0e30d	refs/pull/1980/head
01c22b128f058e1e31f31caff1b1c9a29d8b27c1	refs/pull/1981/head
2c4fe38a3418ee5130d85b4cfa05410487c7e4dc	refs/pull/1981/merge
11cd8aec4fdcf97f21e59c235aae90bb8326f1a8	refs/pull/1982/head
70325667fb9d5ed263c3b267af6353cf65804d39	refs/pull/1982/merge
d95d102495140c6356f3e1e19570753bbd01cd16	refs/pull/1983/head
4d17a4c64cdbd68252a25f8f1e53fc4c0e927db5	refs/pull/1984/head
38f051648116999ac5f0a3ad8d758a426ac56d5c	refs/pull/1985/head
2edfa87f1a8e8320998c720f1706c39355722843	refs/pull/1986/head
96f107b9736e1c6c56597f4734b69c2a60eed460	refs/pull/1987/head
f5165d6a102ecbee47b4cb3a8acee2c52e7156f3	refs/pull/1988/head
88795b33bbe627b775385d15ae477a89d4effe44	refs/pull/1989/head
15415c6eaf151ab73d8f923115ae17899583c9ac	refs/pull/199/head
c4b8b22ab85143cfdcd260e7f0c70f7bcd54381d	refs/pull/199/merge
e45bd09787f8b054c5a86c5a38d7506e261bceaa	refs/pull/1990/head
718df3847c6915c07b6124490f819101ebe0ba46	refs/pull/1991/head
7c6138719beb47a361046849d22447e8dd62a7ee	refs/pull/1991/merge
51404e978169644d91f6cf189b49098224374184	refs/pull/1992/head
537d61131f362361e8507f02d24053f56755528a	refs/pull/1992/merge
ad585fb35325113de8525c3ee0222bf3f7b37d54	refs/pull/1993/head
cd3abf8c20099ea35fc4262c57890245e829dd78	refs/pull/1993/merge
8160e783dc2a48082d58fcf3fdaf66c119ea0e89	refs/pull/1994/head
2103030199d6a1a318941fbd663e2836c4750daf	refs/pull/1995/head
d273bede6a69cb2784e0b40fa6bd32766b2e30fa	refs/pull/1995/merge
2a546a28c0d023cfc4c4f6f20e916fbafda77c4d	refs/pull/1996/head
c1b81790701578f21e1d0a6192e4c6c7f5f4f8b8	refs/pull/1996/merge
131b503f7b326305bb68856b1edaa15962abb17f	refs/pull/1997/head
d6b069dc7b85cfadc1acb446202c75dc773698c1	refs/pull/1998/head
058d5a82223e788f5172516c3a19ae2ac9fd5610	refs/pull/1998/merge
2c61bf8842e6d4a588a888f8ec1ece32f2751724	refs/pull/1999/head
36c292918b2364c6bae3dd1a75d6da6b54fff974	refs/pull/1999/merge
4e1e4973c0abdee483260243d9f11c5c0d726f80	refs/pull/20/head
f205bf04e73d65bf0c58353a0411d67f4f06193a	refs/pull/20/merge
cff1b857fc9552875f0cccd5ea58e7bf8c0d1028	refs/pull/200/head
f9b38a9f0c722ca269845da87a8d3fd2944150f6	refs/pull/2000/head
021862186460d58671eba82f13d85516a9960d0d	refs/pull/2000/merge
6aeb600c28383b0838731588970f00c195361810	refs/pull/2001/head
ec8dd99a71b55461dc4faa6f1f73df3cbce01fc2	refs/pull/2001/merge
81c41b43e60ca504be4c5267b335f4585f28941d	refs/pull/2002/head
682a18445bedd4025b680cdb10f24c94e9eb775e	refs/pull/2003/head
638110fcd7a4e970dd605950c11f6edd68fc2c78	refs/pull/2003/merge
ceb4d746f9b8d963bf24ef0ebecd481a8fe1533b	refs/pull/2004/head
7fcee432c1bb8779b3c4fa36ecb0b0e627639aed	refs/pull/2004/merge
48ff96d68bba6e64b807bdc7c8fab5d3d7a6ba5d	refs/pull/2005/head
381cca1af105ce9bc964416291991e03b4271b65	refs/pull/2005/merge
37bd319e88fbcdec5b75843e81ba815712d7f92a	refs/pull/2006/head
769e4912a2975a7c904809f4d6a1b653fba707c2	refs/pull/2007/head
9d1a620282668771cd34e2d0ad4be720e9bb6b16	refs/pull/2008/head
0489b826806d205a3a8969dc1c88a5df9b60d9f7	refs/pull/2008/merge
e2d55561f4a13d39458c1fda1ecbbe8fbdde6d76	refs/pull/2009/head
a969e27f94dedda515560e5130eb3434eec2da28	refs/pull/2009/merge
5c0071e88490cec08bf75c19cad3cfa57077ce1a	refs/pull/201/head
b4c7120095bf30fc860afcd89eb49b0cc131eb83	refs/pull/201/merge
8376aa0d7246eabae5ff6cebaf9484c030581e28	refs/pull/2010/head
731170675625e371181a399c1ba8003a3c68cfeb	refs/pull/2011/head
77591c6dc70865346c2c5cfce8ef147c48b2a99d	refs/pull/2012/head
3e717dcbff09c5a0da1655ba848f9b90d9647284	refs/pull/2013/head
bb8e1b5442d1ab3aa87fa08e4538fc7452e46979	refs/pull/2014/head
8059030537f29dfb36c564ac7c2459f75815ff46	refs/pull/2014/merge
84de840b5bed271ea6cc5152879081580d3234df	refs/pull/2015/head
4e40f3c57f622896740b82e2a0dbae774799cd18	refs/pull/2015/merge
9ced204954b14e5cfd625e1d09fce5665d48e1c8	refs/pull/2016/head
f536ef1f9507e4aa80fbd7615bc14250193ffaa4	refs/pull/2016/merge
2ad52f00802882e708cf80555a0e9fd0a3f30ebf	refs/pull/2017/head
2533422d194810c8347bdb8759241321a97cc319	refs/pull/2017/merge
22a42242732ee0558a486c69f3c99cb6faa539cd	refs/pull/2018/head
c4f2387fdc30788a162e7540a993befa5bc22a84	refs/pull/2018/merge
2bca8ab4c5f68e5228ad29835e3765f981f0fd5b	refs/pull/2019/head
c71c52e7d8e9d61885611932f511b63245d515f4	refs/pull/202/head
f80fda371e1390ea364d80932acbfde818566b7e	refs/pull/202/merge
8efa1c7529f19f79a574bce6950653ced168a9b2	refs/pull/2020/head
fc7424420273444c5ccfd5e94e0cd915cf6a8d2c	refs/pull/2021/head
6434587a075ac600336aea1df73297cfec42022a	refs/pull/2022/head
c1a167a16fd89564b31999a73b8b24bebc537653	refs/pull/2023/head
9c5699769a0f0f88573996073562fb7562ac6fe9	refs/pull/2024/head
2485231b67450f87162298fe4bbeccf3b055b1d1	refs/pull/2025/head
9043b6ecd9ae1a778f846f378675683b1710d609	refs/pull/2025/merge
8728e50c69343701f28d91bd8fd58972820aecfd	refs/pull/2026/head
0160d740b0044438389af8b31240b90440b16033	refs/pull/2026/merge
e8c6d26691b8e351233d9e18f8be286af871d952	refs/pull/2027/head
68622f049fd8f80b9a43a82a3beab06002090fad	refs/pull/2027/merge
ab077544b6b86bbdc2f65494b09b7c7b22c5a799	refs/pull/2028/head
06a6a90df475552897a7df281875d876ee280e34	refs/pull/2028/merge
bd5f038a7536ef2baf13508160ec889c4686b70f	refs/pull/2029/head
31e213aba43b582bdb2d11965193bd216afc3b57	refs/pull/2029/merge
5cb7ad8db7b5ab76268bea3c503c53948ba368f6	refs/pull/203/head
e7951076e781b7a8b2607ea2309e5fe30b6d3163	refs/pull/203/merge
8616aef8e1f16d4e1e67b3b5e9a7b89f078e0a95	refs/pull/2030/head
b717fcfa89afbe30d946fae5b85443fbd1b6790c	refs/pull/2030/merge
c44beea485f0f2feaf460e2ac87fdd5608d63cf0	refs/pull/2031/head
1439598fcf663f9fd0eb219e9134af5da47a073c	refs/pull/2032/head
57ecf0b9871694300b51042f7f652d70e4f1ef78	refs/pull/2032/merge
1fa68948c3d76328236cac73d2adf33c905bd8e3	refs/pull/2033/head
b34070c03e337d13e94705b97b3164b80f664bef	refs/pull/2034/head
25e76597fa4a282599498f883660f0f6d4251f1f	refs/pull/2035/head
1d5a1de77afb6e36b2fcd907f976536d0277d251	refs/pull/2035/merge
51f1e62462841cd274bb7115e889ffe2a652f10f	refs/pull/2036/head
32e195ebfa6c34218d35692b427a2495623d8e8a	refs/pull/2036/merge
627c501a84c9e7e67f720c242952f6e28698683f	refs/pull/2037/head
0e8c70d3fbcb5a4f8e34c8271eae2b8374e1678a	refs/pull/2037/merge
6d89d0d423bd3117734ec07bbd610fa215d4874f	refs/pull/2038/head
5220249c79eb81a0c5f704e39a6fff13f865ddf0	refs/pull/2038/merge
7e5b9fa751f8bbe2300bdf1e6f06f3b250e96325	refs/pull/2039/head
190d1e648ec52a316c7689b8104361466111069e	refs/pull/2039/merge
f86db73b6257051a72e827f9b4ea3e0219261afb	refs/pull/204/head
38542ee02a8a00e555c1ee34ee0908bca938bfde	refs/pull/204/merge
5afd5b6a2672f75b10bbef91958e7d3d9985679b	refs/pull/2040/head
96e57704de26a446fa9e04122b84948f52644cc9	refs/pull/2041/head
9356dc0380757983fe8c83d2a740f67a88b8c7c8	refs/pull/2041/merge
f41cb4e8abcb75a5dff3f5a7d5f71a6996d0879a	refs/pull/2042/head
e5f06b5ae400c9c69c7a166c5cb141bdaa110311	refs/pull/2042/merge
3c521fa2e4bbaf9c6fb7682cd74b398acea350de	refs/pull/2043/head
4bb7f3231e2a25548db59570f08c9c1bbcbe4da8	refs/pull/2044/head
50f3f8aefb14ce9120c73b182c17c2261489fda5	refs/pull/2044/merge
91543472e8fd8e48a912692138c73ff39e463238	refs/pull/2045/head
d70bf3c8b02689f5f4448bcbd7979847481bb485	refs/pull/2045/merge
f11d470008e386fa8de512af0d8d95cf3393fd92	refs/pull/2046/head
72b3507817182b667a11e85054367a1ac1424ec7	refs/pull/2046/merge
b9f7f61b227df34858e37bb82ad616b39692a6d3	refs/pull/2047/head
83e1ace5bdc16f76fcf236d7178d1be420961505	refs/pull/2048/head
f9cdb73ce74e2a673220afd60067408888a0b5a5	refs/pull/2049/head
774cd1ce85dbff0329c50b2ffff8ce2ea0f474d7	refs/pull/2049/merge
bd7f8e1b6841aa95a86033a0fa8f10008d0846d3	refs/pull/205/head
7bdc47d826e703f6d5b7fa484dedf014bbbd35d7	refs/pull/205/merge
6cd17332e326b6be2dacb6afc9da813931b64059	refs/pull/2050/head
82ad482925fc2fa420dbe8d1051c55e06ee30014	refs/pull/2051/head
eacb9266b46c263754ad4b3cbdbb155f2b2ea416	refs/pull/2052/head
c04be52a9a85b313c200054c8f8ecf0dfddbc62e	refs/pull/2052/merge
e18054ea937cf64f811eb3fba34e7d49a2b6d703	refs/pull/2053/head
8b05041920931142a4879d0516dcad53f25f5070	refs/pull/2053/merge
4d2edafbfa5d65bfc3c212681fe45a8662451c39	refs/pull/2054/head
d1dd28287b64df18768e3a27ed81ccd7efa1a294	refs/pull/2054/merge
52f7296c0f6c0e74d3ce14516025170829e62ee5	refs/pull/2055/head
e814db0a2c9358cf000b9264008408aa1e5bd4c3	refs/pull/2055/merge
aba27fac94f4a982d52b0519e94d19a540099d9e	refs/pull/2056/head
d36d5bf18e39580254744f7c486c661a88e31404	refs/pull/2056/merge
7322a6d6b09f019488ad94b3bdf8abe80c2c41c5	refs/pull/2057/head
0cb1e1a94048cf415c46e43a6a0c95382a71788a	refs/pull/2057/merge
6df90cdd2c658650a64d2a4eef99aae5c72ea73d	refs/pull/2058/head
aed7e454bc5df7fd047c6d6b11376690afa82320	refs/pull/2058/merge
515fd3a3b8d7a3cde2e542edaa5eefe952aed224	refs/pull/2059/head
1fe19a3ecf558bec4a886d1ed4c8d4a00fe050af	refs/pull/206/head
9ea701cfe2614de811001318d15f4242c75caa8b	refs/pull/206/merge
8a8de744326afc6a9fc1c7372f7f991c5e81185c	refs/pull/2060/head
e33fc0a1a90db3c874ba57b7504847fe2bde6633	refs/pull/2060/merge
6d0843533eb306ac6dfaaa64076efb262a50321b	refs/pull/2061/head
4342a4584409d36c6daa70ae70b95941853dc31e	refs/pull/2061/merge
d7810781fc3af1902c99cccbd50853dd630a0080	refs/pull/2062/head
a9f1f1f7da353c19499457d16d10215864154876	refs/pull/2063/head
590e53c69cf714583f52f07a2aca4a54cbf0cbda	refs/pull/2063/merge
88052d5b2cfe0b54923d37e30003a5a4e1fe1bc8	refs/pull/2064/head
ffd96f01a67f14f1ebe758e50075ea9966ac70e6	refs/pull/2064/merge
9031610dc82f8598375534e2c04580af3bad8cca	refs/pull/2065/head
22c7c4eb752f7e23d6635de5be7713eb248b8584	refs/pull/2066/head
4e0b387a4e982161318c12770399fcf49b4fddb5	refs/pull/2067/head
56ae3df425b4b5f5927819f18f8036731efdab3f	refs/pull/2067/merge
8389d67d78773f347653a9dfe26a8ea426ef850a	refs/pull/2068/head
e7749161d8fc5f6f3002eb88c4259e3937b325b7	refs/pull/2068/merge
1d6b4ed91712795f1b142823abe1d3e8096a0be0	refs/pull/2069/head
451a4b36b62831be4a4a5fc76f69a527ec31b381	refs/pull/2069/merge
96fc39763fed4a228c6b210436590c6dbec6abcc	refs/pull/207/head
e3cb3fb19be98ccb294acd1d0b3c7a3eee944ecb	refs/pull/207/merge
dcc9d6bfafb69993b83b13e824fc52a9f4aaa256	refs/pull/2070/head
e4745b504fb48b236e8b916a17299cd01546197c	refs/pull/2071/head
9ede62c4b2e9df3a437830c8e1ced2d3ef798fbc	refs/pull/2072/head
d8edd3653a822e134cd7d2fbe466ea1e931b4855	refs/pull/2073/head
c1f55560de9e79d8a6b68c0d92ea965f41dfd53a	refs/pull/2074/head
c477b87cc617f5302db40fc9a1a480f3392179b0	refs/pull/2075/head
a830de15ecdb5e5f45625927cb69b2be552bda42	refs/pull/2076/head
29ba72c95a9e33a615d4133692bf41e9dc93a9db	refs/pull/2077/head
82af3599bcd989c1054da445e469a42446c142e7	refs/pull/2077/merge
04a7d21e80dc374aa4b1b7700d4cca72ea462982	refs/pull/2078/head
d141528d13c4cd983623e8cacec0ee092f5b20a6	refs/pull/2079/head
96fc39763fed4a228c6b210436590c6dbec6abcc	refs/pull/208/head
b2d1f573175ef8be535397f96f201ac993973ba1	refs/pull/208/merge
e52855242c8f297f709bb3e5998c25ce9c4f3ac6	refs/pull/2080/head
3111d124086efab278c904126876b034fd2d90a0	refs/pull/2080/merge
556da09064d1aee2d6990972e64feb2232d0e02a	refs/pull/2081/head
889f0c9d3be18908241895c33a04afd772df0ec4	refs/pull/2082/head
eaee9137d263a00277da8e1faa117bb3f0972cee	refs/pull/2083/head
0d5d7a9ef7f36f3d884e414288ccd1983b24eb49	refs/pull/2083/merge
b229afd6d9907a3c52d6626e55c560d1358b3dc7	refs/pull/2084/head
baa316cac1ae79ab483757a32a7189b254a9a23e	refs/pull/2085/head
799394975fe0c7b1a6a91179c72dbc476bc66414	refs/pull/2085/merge
f4fd1eae78f46f1de59e0c7b3b1d18c1704582e9	refs/pull/2086/head
c020e72d73e55577706fdfc81d07a75ea36fb533	refs/pull/2086/merge
56e26d0319043e942787f7cfdb21360bbea72d70	refs/pull/2087/head
5a30d0da8fbd9712039891b5c1d554c4eed3316c	refs/pull/2087/merge
9a95341cfa480991f6fc68e0eeb44b66a2ce1839	refs/pull/2088/head
acb5bf6ca206f7600b4a02da830a905e860e336f	refs/pull/2088/merge
6b96241ea1e85833b92320b902ca350f66a1334d	refs/pull/2089/head
7b252be09c7261e2275f2af5869fe1e0f6557b72	refs/pull/2089/merge
c49e872c81e8ad08fbaf6ff230f7df7fc36095d1	refs/pull/209/head
7ca82ad273bee7fa2fea130dbc1098e38e85607e	refs/pull/209/merge
17326cfa89fa4cb19d60404b360ed7be1e2ee658	refs/pull/2090/head
03edb3cdf8d0dfd5153258789fb3814856c4abbe	refs/pull/2090/merge
765283f607c58fd8a66ccf2fa2c57f3dc633b4f8	refs/pull/2091/head
873057fae72cc64f4ec6608645c69d80c7b4b424	refs/pull/2091/merge
30136adebaffb97edacae2c58c4ea491e39e3f5b	refs/pull/2092/head
bb810e72e1636af49fa00d72ceec259e12553029	refs/pull/2092/merge
d94cf6d6b0468d2fd308a855ec5ed70a539bff17	refs/pull/2093/head
422f8179ec5b3fd9cb3b1e8c968c46d19c584875	refs/pull/2094/head
cd23c89f351fa7fd6539565264db82157a8ad6d3	refs/pull/2094/merge
a867438eca7380d8984f213d1a2e810519c94f0b	refs/pull/2095/head
47d5a9476a64ed3ba3c8dc93af69d1170d820081	refs/pull/2095/merge
2e4bb0d903859a9cb96f78d354f76e0f016bb75c	refs/pull/2096/head
1fa3947042f5fbbaaeffcac9ce20f84d4e4f390d	refs/pull/2096/merge
a305124c07b78896c88683dc29f0a0c8b217d342	refs/pull/2097/head
fe4f1db9c9a992770ebb07de0a8d615b3a357cd3	refs/pull/2097/merge
91cb9f5fd6f3207f400a67ce432499cdc34bbae9	refs/pull/2098/head
27f0a9a23f13ca63b605268c7e7efa94872d8712	refs/pull/2098/merge
94dddb20b544d45b4d71d9e3aa6503c38a8a7ed9	refs/pull/2099/head
8b780c68c3047d8417b404aef673425a0aa29428	refs/pull/2099/merge
e1533bce5abd333845da74914ebf1264384e2858	refs/pull/21/head
7f743fef5c881fd14c142fa362e430b7b64f821f	refs/pull/21/merge
700b0555fd1d4612dd3cb5aab4fb3df9a83f0df5	refs/pull/210/head
c54e692684bcdba2a82d8b2f72d402cb7f4f1d62	refs/pull/210/merge
e6161ffe3b41c81f63a8eb953d08395d9ad38016	refs/pull/2100/head
ca568ad600d108b5bf934aa4b3d2312735d22878	refs/pull/2100/merge
39b17bc64ff0d2e4162437ab745845c055315037	refs/pull/2101/head
c025438073641ffca51214bd9fcf970a172ccf00	refs/pull/2101/merge
20f943570ff7ee95e22197186f4d901d794967f7	refs/pull/2102/head
fa2b71583473e34b940957bc06ea7fb9423f24e1	refs/pull/2102/merge
19ce5aca702d02452afba5f774065479e107bb88	refs/pull/2103/head
7bdcd55664554b267d8a39f00ab5eda25d76118f	refs/pull/2104/head
515fd3a3b8d7a3cde2e542edaa5eefe952aed224	refs/pull/2105/head
c4233f6d5893e7d3e9f54655a1f90efcc93be523	refs/pull/2106/head
017ffeb227ae281d81f7827f771ff6bbfd1dbc21	refs/pull/2106/merge
34df169b674beedc788ebba91cdbca16c40deda2	refs/pull/2107/head
de399a4ed2599088fb3629664f54b535cf4c516f	refs/pull/2107/merge
6b4c0d524a3f77f011a2fe9b03670d74a8a4976b	refs/pull/2108/head
4e64f141c4055caf9bc2bbbf4762a59bb4ff6213	refs/pull/2108/merge
0f8a2dd7198d69a901b2157ad76730d19317eb7d	refs/pull/2109/head
ed9067f705aa51819c7dfff7e4190dd267beaf5d	refs/pull/211/head
0f797a238c3c102814a3402caca2539a518ecb74	refs/pull/2110/head
cb33fe963f4b575fa0028b98e38d878e33eaa6f8	refs/pull/2110/merge
7ea5aabac5ed2509ca12dcdf0eb9c26456394d04	refs/pull/2111/head
b35ef9d2c1bef34f52ee4ca533adc13c04861b7f	refs/pull/2111/merge
78624e7a40cc692d2a7745ee27e6c42477a776b1	refs/pull/2112/head
0442fe3f1d8fa49e07b4cd8eba39231905ed2022	refs/pull/2113/head
3bc0070b7a2061834b3f0328ad1a824d545413f0	refs/pull/2114/head
646f9931faa89b008ca5d941843748d59d85ef7f	refs/pull/2115/head
f733a972665530279649eb39427469a67f2889eb	refs/pull/2116/head
6e68fd9c37b9f27fffb67bb8a47c923d96c82688	refs/pull/2116/merge
847a02bc88f2d8346a0d3d2a8239089334b752ea	refs/pull/2117/head
bd230d60d05b33c2b5d7b9d3bcf973b1fd8d6d6e	refs/pull/2117/merge
6aea6400dea84beb01557ec6950094aac2fa49c5	refs/pull/2118/head
61498889414d9782c21a90541d2c9655cc225227	refs/pull/2118/merge
24f77ee2db985a8762375e3586d862bcc682382d	refs/pull/2119/head
2f7422ddca3b74da463c16fb116e21e582a7177e	refs/pull/212/head
7bf794a334056cac7afd4fc0e65743c0b65e10d0	refs/pull/212/merge
bd63c6866bd423de5b63eb2c63345ddb9d5832b1	refs/pull/2120/head
8d48ba9cd16966ea717c019f151cddf27a09c555	refs/pull/2121/head
1d7d2c1bf3dcdb52ea5762986ae738274b44c94a	refs/pull/2122/head
0722af432dee5d0a6f27338b65e116f43ed52d4c	refs/pull/2122/merge
e1076098669085e6532ae5caf3544076c832020d	refs/pull/2123/head
40a5cddf87bd34b97f48984ffbc283aa8fa60751	refs/pull/2124/head
cf711d475ce99e99cf395f99f96a05e111875a45	refs/pull/2125/head
8cbf8883477b046c032cec8718db32d6acc1e4ad	refs/pull/2125/merge
fc1dbec892a6f523905b8a8a1718a420aa7c8201	refs/pull/2126/head
b59078111c6ebaca0a420611e9736d2770b396a6	refs/pull/2126/merge
9c14ac7fb1f98643b8146b67df01fde7defc33bf	refs/pull/2127/head
d47375d7693bcafa6e5260d4f2bb94aabab66071	refs/pull/2127/merge
812847a383cd70c92f5103ab6878caa29553b8bc	refs/pull/2128/head
36c8a1df69123a0fd455a8b4c172d16e8cee39ce	refs/pull/2128/merge
90d8f11554e31cd6f31491d3453e4d40e47b4859	refs/pull/2129/head
0ca42ee509f72bf7bd1c6a9487134af856e62379	refs/pull/2129/merge
b2e5d4c87380cd8456b3a311113d2fdd117e6f00	refs/pull/213/head
500450f13eb8a40bb92bb3b4055e369c530f7364	refs/pull/2130/head
f46f6808041f92bc17377123b215884e792b33af	refs/pull/2131/head
196cf674e84bcfec97a6ca7ccd82d204aab9dd1a	refs/pull/2131/merge
ac2abd592dd128d34cd707e19361a8ea3b98a279	refs/pull/2132/head
b10d6c09ca74b6c603df180b82428a87a5b90746	refs/pull/2133/head
fb66352093807b49f4cc450f0e7e41d428383678	refs/pull/2134/head
a4483d9a20eef5ac5fad95368f3a901ba730f446	refs/pull/2135/head
0ff8ebc99fe700a142a3f00c0188f70f3f1dd9cd	refs/pull/2136/head
53138a3f85db208467ef2c51012da249e1a9babf	refs/pull/2136/merge
c3e540b3e99339c45a57a5b1ce77d4f13102d64c	refs/pull/2137/head
f4d75cf8e818ce6e4dc107d5f4dd7ebf5d64114e	refs/pull/2137/merge
f07ccb278c171e7350ade1501a8cf7c8ec79046a	refs/pull/2138/head
813d04bcd99f83c64e5b4279a46b48fc21c6775d	refs/pull/2139/head
2450b8f45bf40a1ae08e0fe9a1d3362fac3cd3bf	refs/pull/2139/merge
86d0816cbb0546b92031f1fc0219353eed79dda0	refs/pull/214/head
e0befe23b5580f4ca6981ae368dc3bac093c57e1	refs/pull/214/merge
c3f2c3f7bfcab6a86ea943a6dd4cb3688aac0f28	refs/pull/2140/head
b2b66a8ee89ff2724b8188d9e21df2d10cc97047	refs/pull/2140/merge
4ba54e4f1e906ab67770d7c19186561d185da68e	refs/pull/2141/head
2edc867b654ceef205453ddc4583d27d4d78bae9	refs/pull/2141/merge
13c395562b13fd980a7fbe506acdb5ec1b2ffd93	refs/pull/2142/head
414407d0f264784f95edaeb29ecd57b599982c72	refs/pull/2142/merge
e70af66cb46086dbb6031671a53a282a82055b49	refs/pull/2143/head
9dbf8ae22fc6842dd4bdeeefca43fb5781fe7355	refs/pull/2143/merge
7e4ada0f6a07d34163da2cac9d9de295c62b3987	refs/pull/2144/head
997bbcac94d6854a3d9b4415813318266f37d049	refs/pull/2144/merge
bf7d2f344d8cff2d9ebff096820294478ffe137a	refs/pull/2145/head
ed5043e308fd410d911e2ddaa72ccba74a09c3e8	refs/pull/2145/merge
c34032dbb4a4f940aa85707a4a281df836ed7981	refs/pull/2146/head
0064799594af7b02501bfef3166f85d7be4e3c3d	refs/pull/2146/merge
ada3f1888bca69347406aa8188714399d819b3d8	refs/pull/2147/head
0a754c7f09a06051715cccb0b5a4bf43a054e1cc	refs/pull/2148/head
3e43dcc7fd71bef98ab1da2b970604ea88d74903	refs/pull/2149/head
43b70bd7814c7ac7e9f74918da2f5699f1186fc3	refs/pull/2149/merge
2b53225cf07e5d914d110737c14fc4cc9ccf4534	refs/pull/215/head
850117415761874ad42f0ccca86f8e3b42a3577e	refs/pull/215/merge
c275732e955560658296e85f054e0f631738600a	refs/pull/2150/head
3ec5a1f4bd5cb376d6395a591f8073f98d822f84	refs/pull/2151/head
dadb5642e52c1df0e5bd3218aef58c1dc3ba7dcf	refs/pull/2152/head
93d1bfcc4ef9e076d4904d140dd03cd728aa7740	refs/pull/2152/merge
fcf1468831d67c49652c502d6669f20b572e396c	refs/pull/2153/head
b276463901f791463f775f88951f456dfa4c4d10	refs/pull/2153/merge
7098ccaf9b15bd76f4b7fbbc8189c3ec1b9abd99	refs/pull/2154/head
22e55e364295e29685e3b7fc72a667ba1ef87d33	refs/pull/2154/merge
2772c103ed5a1468b4669021eb70949f61f40ea0	refs/pull/2155/head
ebd5d3e2de96a2820acdb01a22642026195cad89	refs/pull/2155/merge
a5174802f453c3f26f950efcc5416ff961a6e4ab	refs/pull/2156/head
239fc551023e4a5f335f5da316b88830cce10aa0	refs/pull/2157/head
fb75398be160767497628b0b6f90cd8ae88555d3	refs/pull/2158/head
c7327dd05d6c6fe572de16aaf9bc2789cfde3116	refs/pull/2159/head
d4f31b715d775eb44d039375f8468c4a14f73dda	refs/pull/2159/merge
7e79619cf67b983a84f86f232c0dd56394d251c5	refs/pull/216/head
b4cd29d278b355c87b89920cd0af838304979610	refs/pull/216/merge
a69555efb3c22e9b3ab7a13ffee628ef531251f3	refs/pull/2160/head
25a66e958c3ef64224c29d6d1945d36c10604c76	refs/pull/2161/head
dbf26691c2cb3f53a073a43a1b997b1fe023e778	refs/pull/2162/head
4e3032bec4fd671fe787de1a1fe8fad4acb1bdec	refs/pull/2162/merge
ce9b0511b539b6043a3dce8ed290eb5418b4ef4b	refs/pull/2163/head
2afdd3b6be9b4ad53cdf2938d3861646f650b263	refs/pull/2163/merge
2d7b14dfa4deae713379d9d2cfa862c775542671	refs/pull/2164/head
f30a199aaa4e0a0966ba8aab43dbf26c2373bbe5	refs/pull/2164/merge
66ce5f8e8872f0183bb137911c52b07f1f242d13	refs/pull/2165/head
b9724eabf50c87b655e4468ad248486fe6642d11	refs/pull/2166/head
ced5586fcd26d25f3c1dda3b00e2a91cc3c39aeb	refs/pull/2166/merge
52519453371f02868a238eceb58c97d39a049adf	refs/pull/2167/head
33636b32d6fdfc15ac21a3848746514349b702c4	refs/pull/2167/merge
9c87790c0e68395224a021715aec497806410a96	refs/pull/2168/head
bdce9da8ddf9ea73454df58c0747656f8a9d05fd	refs/pull/2168/merge
16f29792b59b5cecc386b7b274b0303dfa0bd415	refs/pull/2169/head
3aaf1739ec4703ef3363f566f1070641811ecf2f	refs/pull/2169/merge
552ce934ad6557b93c182ec016fc89a52bc95c44	refs/pull/217/head
acef87615516a1308ede27215969f647502228d0	refs/pull/217/merge
8de00dd2ae3939a8f40ed75c2d226a1fb18fa319	refs/pull/2170/head
f01b58070c6cbd67af7db3ae1a261d5c7ab8a786	refs/pull/2171/head
9d8a7fb59f2ee08811b3ff623e5db3d80d3777cc	refs/pull/2171/merge
bf5c844f927aba682ff05809061ee8beea618413	refs/pull/2172/head
f0bbf487b08550740f82f4395db76106802b6f13	refs/pull/2172/merge
07fa04d0b2f849bbc60aedc455b8301ecc2ec6ff	refs/pull/2173/head
693d1b8e192ebde285025e6368cfed32b2bac3d3	refs/pull/2174/head
01e1d9e7eb4e462c2f6d2d556ee7f32548b4ebd2	refs/pull/2175/head
8cee81cddeb9139aa4f5666ae6ae695e78b0087f	refs/pull/2175/merge
e00d5a611ae40040f32cd386849ac6d92d23cad8	refs/pull/2176/head
7b2957c07b295d5c45a8c2bdb6efa6ad6778f619	refs/pull/2176/merge
b8f3776913026a349eadc8f97344872169be3bbd	refs/pull/2177/head
632fdd6bcddad4c025cde086fefaab9bd3af86ec	refs/pull/2178/head
1c913635680e1c6b87bcda1fa54020625bfb318b	refs/pull/2179/head
e36d2f2bf567795990ec18a9f9d7b1d1522f6ae7	refs/pull/218/head
47825680f8800cf10d2b5b7ca39541d12f418a83	refs/pull/218/merge
b9e00b8ab58f26488519149922acdf52ed6d4870	refs/pull/2180/head
16888111ee51c795fbd3547bf0c30e4d63182bd0	refs/pull/2181/head
f56bd3b1565134095f838fce7322b31edd423491	refs/pull/2181/merge
cbb7cc18e90451ffc6c6c20413c751754e2de8a0	refs/pull/2182/head
6bba576ed739e043980caaa33874cd2db5492f35	refs/pull/2183/head
66cafc3dfca7b75390582b24e311ac3a85372be2	refs/pull/2184/head
b52dcbdc7b6d737463ca636815a5c3a37b28512c	refs/pull/2184/merge
b3ab27f977f6f6e46ef61d79d14afbef1e2560ed	refs/pull/2185/head
9ada6f1cf229fdb21ee090a11fd6bff4fb7aab38	refs/pull/2185/merge
3e717dcbff09c5a0da1655ba848f9b90d9647284	refs/pull/2186/head
496faf1df052a06b8c66594a2a48e327ef562040	refs/pull/2186/merge
f7779ec465f1c5892718f5a147617eb7cebbfc83	refs/pull/2187/head
ef6058cda46294b65f77d2cca8ffbfffe88cadb8	refs/pull/2188/head
55d39ff778b7156d1a1abba4ccc3ea41ae680d2f	refs/pull/2189/head
4b5fa935d375415f878b1d348c562fca8557308c	refs/pull/219/head
de96ec564a6fc69479dc02c32f48cfb723036536	refs/pull/219/merge
005827f91ce3744159a31a9f760f76adff892388	refs/pull/2190/head
c4c57ace24c22077bdf567adf4bc4ab9dc231951	refs/pull/2191/head
2fb5de5d4ebb7389b3a0e21eb593d0f154465d52	refs/pull/2191/merge
5f7f94779624759a6bc25a0f887aca6f5f52e046	refs/pull/2192/head
74e9abc35432e6555ec7a87259c859c7c2e5decc	refs/pull/2193/head
1fd08fa3437e8427bab751ae59bc82d254a53151	refs/pull/2193/merge
7029fbf21f9aab1ad35f067d4c3dae6b0c7c1a51	refs/pull/2194/head
86d04228936ae30031109da97190a51b4ca41466	refs/pull/2194/merge
b1960efe5ac186955448fcc1f4467cb0fd260386	refs/pull/2195/head
db41e06701cc541ace4767293f93938eac641f9a	refs/pull/2196/head
01a43b31cef256cbe94d728602cfb80a4aacd555	refs/pull/2196/merge
e72c19a4ab03cec5ab2de05ad897457820f7037a	refs/pull/2197/head
8ac66a876de829c6a354db1b81e150c973670541	refs/pull/2198/head
a20a4537be5fed2d5f0f295bd96078c70dd52c01	refs/pull/2199/head
bd8169931f308ebe3dc6c7b686f07c8f79f0b23c	refs/pull/22/head
715321673267b6274770f15f2e11cfcb905c0aca	refs/pull/22/merge
9e4b9a6fa7bd4ce3319207b75d6aaa1924bc970a	refs/pull/220/head
b444fa7af9f39960652209143c9845a47efd58e1	refs/pull/2200/head
c37ba513507803ceefe9bd7edaa250e2cd9b334c	refs/pull/2200/merge
bcbe0be0240239f34161b83d10b0b302d4b68f07	refs/pull/2201/head
4512b8ed33af156b930d3b1553298069471ed0e0	refs/pull/2201/merge
80d1ffde9d3d55d0ff2b28219e2484fb12d543d9	refs/pull/2202/head
118d5427e158a4478baa11b2492b34f1d57cbdb5	refs/pull/2203/head
118d5427e158a4478baa11b2492b34f1d57cbdb5	refs/pull/2204/head
e2edab97587981583663ad55dcc8e486c78f4e9a	refs/pull/2205/head
b94efdc1236eab399ca54167102f8978224f1d87	refs/pull/2206/head
ce92b4ee5fe0713712533749fa8551ee91a1fa6f	refs/pull/2206/merge
a00eaa1f0f29ffdb348f1057858296a6335f061a	refs/pull/2207/head
b98490a4a453c91da503644a4e1b5dfab0834a14	refs/pull/2208/head
dd14e477f6d24c58309cd1cf4027494338a75708	refs/pull/2208/merge
600fe743028cbfb640855f659e9851522214bc0b	refs/pull/2209/head
a12aa291267bd59402b92861987e7b761a616a0f	refs/pull/221/head
d2750defde30f62ff5865da2ea589a08dacb70ea	refs/pull/221/merge
cbaf8c62d178d166f905c31bc1f7fd21d7bb9afe	refs/pull/2210/head
7d1050bc4cc05436d74cb0d7f6e892530cce5fd3	refs/pull/2210/merge
5dbf6210894284896880ad15cd2dca7d1f8e2c81	refs/pull/2211/head
63aa6135a4af6773d92662c299ebd4285a327b98	refs/pull/2212/head
d4c6bbfd41d92549941f89138583c1cb3e6ab438	refs/pull/2213/head
bf876862211686bd62e780c2e428be72c1f6cdc6	refs/pull/2214/head
8d24cb987af9445659a79e63e8ba1dfce7a3ae00	refs/pull/2215/head
11aa2a6cafeea32e97edf11ffe6b15e9f619bc03	refs/pull/2215/merge
2f29988f11a818f14c94bbef5339ceaac24131f7	refs/pull/2216/head
06506a3c6ef320be23b4ab65dbb4fc66e1c0945a	refs/pull/2216/merge
a2be1c0441b7159e061b17912da0badea9068436	refs/pull/2217/head
e91bf2deda7c178979b7ff393dab4d7486e42c56	refs/pull/2218/head
fac0836c37b23462fa4a4ae5e0b61059cd170767	refs/pull/2219/head
b05ad8f04d0d5220c018a1a4e8d9334b5befe522	refs/pull/2219/merge
3ed1e6d3d094ae4983bb4df2757b5aae7f42a104	refs/pull/222/head
53f52f53b57b6169be6503bacdc7fcc84d2d8300	refs/pull/222/merge
516ad65d8dc3d4b4017abe8a0ab08ed7f360573c	refs/pull/2220/head
994265f1d01e8d4a59052cde7485b516fdf99988	refs/pull/2221/head
645ef2f02ad3eccd69a2ec5577bbfd388c585310	refs/pull/2222/head
baefb4654638d7539a315ea1ed553bff59953dde	refs/pull/2223/head
d58ccb858f1983129918443fc6110c48e43b8e37	refs/pull/2224/head
a464c8856c7334ae2d6582e80df16ba6f5ea9080	refs/pull/2224/merge
4e8414e26eac68a40276a99b2c9bf7750b36465d	refs/pull/2225/head
1d22da0a1c5d7cc36c8627876ef1abc5c61fec59	refs/pull/2226/head
11fd00211e59df487d81f142f8e2f3b1565033d8	refs/pull/2227/head
c8dbb1310bc429a8efa615edf75b4ce6f1706f48	refs/pull/2227/merge
1b6c165440ed8b66cc63fe2223c9204eb9381744	refs/pull/2228/head
e960721d415f8589fcc0ab5035ea752c01a4e491	refs/pull/2228/merge
c038bde7d9b1b1b4e6884bb617b7f15b2cfb4f6c	refs/pull/2229/head
8ea4e7106dd910a7963c41bd4b03fb55655c3aee	refs/pull/223/head
349061a52a66ec06e9bf070e6d6cd5e962c6e2c7	refs/pull/2230/head
907976495588c027f14ae195f8f2278278391e6e	refs/pull/2231/head
39974bb2a76b5e9aca015e2c657bd47066a8d9bd	refs/pull/2232/head
72cb5506214aef4aa4ae12fb3ca8e95ebc841a6e	refs/pull/2233/head
4aec07287a3f76c8ddae04c43ffe5aef077a4e5b	refs/pull/2233/merge
07d25fda91a1bbb3e13005d5462d1879303b15c0	refs/pull/2234/head
b068be71a063e2290e85cfad3a1922ab96a98216	refs/pull/2235/head
081998b63ec07246c09b49a1f217c61147cf75da	refs/pull/2235/merge
ce2944042dd0a9b11363b2056c373949211f31a4	refs/pull/2236/head
a754c3903e37ca2264a770b789895c819f84c1ae	refs/pull/2236/merge
b9c329cbdb35aa5fb7878e615500c9d41bfa356a	refs/pull/2237/head
ed98b0a28c3d9b37d4b6fcbf157c4bfaa0394ff3	refs/pull/2238/head
62bf7a559633b3869e001359dfa5e4df6bddb62c	refs/pull/2239/head
ac9e3503ae4d7825a0df8e3de745c8fcc392bf06	refs/pull/224/head
4e53d908a0cd7fc69381db8184a7ca6e8498c1ad	refs/pull/224/merge
a4df43b26faaf223a9530f3e741647dca830beab	refs/pull/2240/head
faadd2fb6a7f54557495e70a889f946194cbb6e3	refs/pull/2241/head
5a8165b05dad6143c910105be832bdc6ea5bf598	refs/pull/2242/head
aeaecb16517c8cbcbdc9ca4497a1f4070519b84d	refs/pull/2242/merge
900acb10b86c97bbac3313d065eace8de5cd81ba	refs/pull/2243/head
4018488eff8bf2d45e66f537aff31b74b9225086	refs/pull/2243/merge
55707bbb6777704a2290c436087636ec62a4e6b8	refs/pull/2244/head
dcdeb64acf0592cebb2acc0772b49ba75886ce90	refs/pull/2245/head
6d53c28baa85c67460bdeeaaf74e965daeec720e	refs/pull/2245/merge
677a0057a4e880ba90c12f5581b079e54036b936	refs/pull/2246/head
7946c4c05bde32e6f6c2888b2a116222605b9b34	refs/pull/2246/merge
6e8d538aab8fe4dd07ba9fb87b5c7edcfa5706ad	refs/pull/2247/head
82c31d9257c81d309f93af02e56a25f03d2749cf	refs/pull/2248/head
69a23692c2524e7031ed00f4955b18cb11cbcf49	refs/pull/2248/merge
c00805d632bd9016480e2fc71db6803afffe8934	refs/pull/2249/head
86cf353fbe3982806dda7cb62e9463011a834d87	refs/pull/2249/merge
f9bb71748c7299fbd153faa2f2eb8b0acf904f4d	refs/pull/225/head
85fd7588a13d548f1b8db56a5abac78d5856cb0c	refs/pull/225/merge
72c739b09614020c4e4b02bf4864c9f29db7f9cc	refs/pull/2250/head
d684d938fb794fd858d49665e2b5b03aa0319f06	refs/pull/2251/head
b40b4d19ed86945d5e5679cd2d53ebd831c3cddb	refs/pull/2251/merge
b308acbeb62344367dbd6cfe66cb9befa30fe8b3	refs/pull/2252/head
c99d731efa5376efc950c1636ee74eca6f2de0ae	refs/pull/2253/head
f9f543a0f2f7f11750bc2164741e79ec1ebff3a9	refs/pull/2254/head
927410a49d7d64c6b74cfbafeec7e3619edb024f	refs/pull/2255/head
87c80205cc3c7be131cafe37b786311a35b4e044	refs/pull/2256/head
0447fef3f71cb9e9c04abf1ed9cac0e34e3ae03c	refs/pull/2256/merge
498d9d254157cb5ed9c6e42f799ce0e244b159e9	refs/pull/2257/head
999a83d26361d72b6c95b12758bc6b2e9ea39a81	refs/pull/2257/merge
f4cf3173ef5f8a1466e40da1763eef50363db9e1	refs/pull/2258/head
4856da85fdd34a903fe70bd8bfc94ece93dad5b5	refs/pull/2258/merge
5e87ac8b23ccceb27dc13b53ea98dcd33fd3dca5	refs/pull/2259/head
20f672760c75587aee586fd8878f5dafd0d80dce	refs/pull/226/head
bfc0d77c9405d8bff573f96345681794989c8400	refs/pull/226/merge
840f06fbd6c743abf9f9551799b808e995e34d00	refs/pull/2260/head
b5c154c03598f19a91cd5606f48f0b02cc1982a0	refs/pull/2260/merge
e84263c7f78d3914eeeeaa6280302d43b894536c	refs/pull/2261/head
0b947d732e485b0be7ae9b1ff9b5f610f0c3fefc	refs/pull/2262/head
b4f77125243f24199e86f261fca58fd65891a899	refs/pull/2262/merge
d98c9595256fb9d13e5e1935a73f41f194248626	refs/pull/2263/head
01280189ac0a844629c84a7ee3ce670e0a99214c	refs/pull/2263/merge
8a58b6ce03a2c14994c671f21be9fe82411a59e9	refs/pull/2264/head
67ad3bb8546549f56ce7c29e1b97a4bff77edfe3	refs/pull/2264/merge
3aa538afcfc6b93d34b37f5c3ea89a994c15ae35	refs/pull/2265/head
cba4d821a9c9a03d2bce2d3538885881ccdb4c3b	refs/pull/2266/head
b2cce3644a80c67628af14156a7a600373430dca	refs/pull/2266/merge
3c5fd86a31990d5f3c3b1215dece4635038140fd	refs/pull/2267/head
d6c2bd04b9c1979521e7abff02de28fd184acffb	refs/pull/2267/merge
d2da74be04a20770f6e55960459c6a8bc20591df	refs/pull/2268/head
26daa77a6d30e9109948e6dfaabd44a1bfcff221	refs/pull/2269/head
2669448a457b9e03f0dd31eb0eea41f101645390	refs/pull/2269/merge
95fdd8d040181c0716049e51e6e5d398351f4dca	refs/pull/227/head
669a65e3e6199960bdf27f8f0dbe8cf42c3a73bc	refs/pull/227/merge
60681e8ebe8c3416c4ccd6019a182b83aa9d8c41	refs/pull/2270/head
ae1aba0a5bd32bb073d870a8a8db48235676fd9d	refs/pull/2271/head
9f2df7123001909d028f2bb31a0255368bf15a86	refs/pull/2271/merge
1a6d076d0a4fd30db4a38efdb056ea4352c81651	refs/pull/2272/head
8cb0228fccb1192c69131a23001532ed3b2c37b4	refs/pull/2272/merge
8caddad4d9b04b99ec47075d1343d3f8d5ccda82	refs/pull/2273/head
3c606d58c5a236bc21d011e99ec397b98d3786b9	refs/pull/2273/merge
bce385776fb1f7f368b41dcb12f9891b639ca3d3	refs/pull/2274/head
a87bbaa84fd5dcb2a585f82c4a5dfa1572b54588	refs/pull/2275/head
475722d0667e21821ba815f91efc0daad6f373ec	refs/pull/2276/head
b1e49f0793219b990ff1cadd9edba2ac1d5d04d5	refs/pull/2276/merge
e63221a1a2f2833a37825cc36cee760209b8f721	refs/pull/2277/head
5c699be6019cd89798030ee011e140ca3adc7851	refs/pull/2277/merge
c55bac722b6e6e5df6ea698f5985e97d625db457	refs/pull/2278/head
ca603e8b0a0cd7ccccf9d36a41f0a4e1101a4767	refs/pull/2278/merge
e530e2d0a5573ce960c7c4875bd3834a16408431	refs/pull/2279/head
aa94e60eada5f44e43ecc0684057cc464ba325c1	refs/pull/228/head
78b10ad819fb54cfcaccb2d7ca22760e607163d5	refs/pull/228/merge
3a1d80de528089a7577e1d720ecced2c49d72ee2	refs/pull/2280/head
95c7eee5fc4649a010eea77662c814b371658dab	refs/pull/2280/merge
00a71f20c7217a0091f1bce9e0702d828d109575	refs/pull/2281/head
146b1846a5e110f6de03fb2eaeca1288d07385ca	refs/pull/2282/head
01e937824d9de1a7ec2c12b970102563da8c9d0b	refs/pull/2283/head
4d873317d5b92c811789fca8fce3634b5021d9a0	refs/pull/2284/head
a9e1e77b4bb72916fea299f7ab900374d60a7dc3	refs/pull/2284/merge
7102c931e2adeb5d95f3eaf54f9b3f6d6897d78e	refs/pull/2285/head
e46b2fc9cce795e6c61b0eda08fcd5a734c3a847	refs/pull/2285/merge
a027a265ee85f2162b5ab73bb8b2cc1bee2fa404	refs/pull/2286/head
c8e45a9ffd8223419da366939c8881d54c5568cb	refs/pull/2286/merge
415c17f4bbb62cb20db3135940fbe3d7b7301449	refs/pull/2287/head
5659709ab4193ee4a63ea7f51cb7eb1b31fff5e0	refs/pull/2288/head
a496a89a58cba5bc8438ec93f464a6d5bc7d1217	refs/pull/2289/head
ac80b286d1420d9b43d0cd0ff3b164a4d8f7db5b	refs/pull/2289/merge
f37331e5720558eefde0b666ae9e97f0d7ecfb33	refs/pull/229/head
cec928d417306c86a03267bb8287bf4f8cb78a76	refs/pull/229/merge
0d6ec53d7d8ceaa372acf0b275f42252d5a3486f	refs/pull/2290/head
b7514437abe2649de077f2ac2c528f02282750a8	refs/pull/2290/merge
8a365ad2e5ffea55b62308342f894e008ddb0722	refs/pull/2291/head
84281bf303c5a8434431fb7bc7a7e3ccb3e1594a	refs/pull/2292/head
093ba74088bf723420a0e4719dcffc73123f841b	refs/pull/2292/merge
efa935413ff3714c5200cae2ba076d1ffdd1da3a	refs/pull/2293/head
124788bf4bd8b8f6feac8e3824f274585736ed84	refs/pull/2294/head
124788bf4bd8b8f6feac8e3824f274585736ed84	refs/pull/2295/head
124788bf4bd8b8f6feac8e3824f274585736ed84	refs/pull/2296/head
124788bf4bd8b8f6feac8e3824f274585736ed84	refs/pull/2297/head
c187cf8f238c8028823153317c513b0ff82a89f2	refs/pull/2298/head
fa798039223b70e59655aca0ec096e6ba175c492	refs/pull/2299/head
e4797a3bc27771ce3b90c4e9f1dc1a20b7095f94	refs/pull/23/head
a7ba3c0727262986eef5016e0a2a11a6241cc9b3	refs/pull/23/merge
b75cf991d864730eba93a4f969e727bfa3594a4e	refs/pull/230/head
eb4a2a1c5ad3e0779dad7af147bcd46e02c2bd72	refs/pull/230/merge
4e742940711c71da755528ee0f4669125218aa66	refs/pull/2300/head
87d63f0597963367bbdcde6436c446328bea1bbb	refs/pull/2301/head
a7f8a084c7c2858638b8cdd145cb21ffcdfd9c57	refs/pull/2302/head
3a3abd0f4554026340a37b55ba7e9f0ef50473b3	refs/pull/2303/head
bf103e169b7c7c8a68ae4191514cfe517c577f6d	refs/pull/2304/head
61edf098d6593a28140db3522535db0b0f24162e	refs/pull/2305/head
8785572c4ddd4e18951834361a1b4fce0e5cae26	refs/pull/2306/head
4c0516a948aeb18c0dd339b4e1c64e509a09af57	refs/pull/2307/head
4c0516a948aeb18c0dd339b4e1c64e509a09af57	refs/pull/2308/head
4c0516a948aeb18c0dd339b4e1c64e509a09af57	refs/pull/2309/head
631eac25d6919c04c5710eec8e1c3c2dfe2e52c2	refs/pull/231/head
ec70689711b0cdb645590cb927e7a672cb3c446a	refs/pull/231/merge
4c0516a948aeb18c0dd339b4e1c64e509a09af57	refs/pull/2310/head
7482ee46454606a0883117d6cded6df809de710c	refs/pull/2311/head
a1e1ad31690f0647d3129c918da3700f8f2193b6	refs/pull/2311/merge
51ca6860c29c05675c0ec11675f2c476fb4a0e68	refs/pull/2312/head
f864912c533f1277a4b014f34bcb30fb546a3bb0	refs/pull/2313/head
5bf560c5ad6b32ff59c87fada30d656987b007de	refs/pull/2314/head
92ddf0d2c1f5f268855aaa396a320c730c193528	refs/pull/2315/head
2d5fe25fcac2ad62b81196924e6785834ff14699	refs/pull/2315/merge
f02c0077489031adfa88afd2b984760ae7f2ce87	refs/pull/2316/head
97f0fdad9bd32aa5eeb6fc2d524823df55e5b61e	refs/pull/2317/head
983606b795cece6372f5c39f15e8c18167da98c1	refs/pull/2317/merge
27d9fcf26b1b61103d7dbd75b5372892f6e0b012	refs/pull/2318/head
b1ac1eb8d2e0152e68219d26f6d3ca24a5da9265	refs/pull/2319/head
880d57dd1eae07d49b3bcbb59f34cbedd9dac10b	refs/pull/232/head
012c89b25a63eda7b565a981d3413b1d5d645ca9	refs/pull/2320/head
7ee7fcf6adb44c3dad71aca3bb9f4acb07fab322	refs/pull/2321/head
732db6ccd6d0698eb506411177e8554b74224000	refs/pull/2321/merge
12f439c4a0c858a24f05a0a3057ea809aeceb95e	refs/pull/2322/head
0859468b0d68b215a6a061587b4a118fac083658	refs/pull/2323/head
0070592d49983d5fc8155cf850544484be3d9f04	refs/pull/2324/head
29c0ea998e2c8a20455efa0d80d5408f0fb8c850	refs/pull/2324/merge
93918a303748db17a3c4c0744dc5c59743d4abe2	refs/pull/2325/head
af6da32b10b9a8ff27ae84c500f51020c519ba54	refs/pull/2325/merge
22787869a5394d2e0130203ae3f77818e8fd0cc2	refs/pull/2326/head
04abc43cef65b131cd7773a62ad23992eb368824	refs/pull/2327/head
4239fe3c60bb4c7b18eb221b889461ec7cd7456a	refs/pull/2328/head
8572a76a4a6c98382f4a174ebeac11c8bcb3b596	refs/pull/2329/head
9653e356be137935666f1b067bb9c55413dbedae	refs/pull/2329/merge
7613d53cdbce1449719b5fcde5d4953c18e9ab8a	refs/pull/233/head
4a6e27655bf9b2060b7d4d538fbde2e13844c51d	refs/pull/233/merge
f7242311fc8a84d8bd6cf68c8f091540283a94b0	refs/pull/2330/head
dbe4dbc346024eedaaa08472d4cf451b56ee90bf	refs/pull/2331/head
53e8e8af1d2ee95af9f963260286ba069908d65d	refs/pull/2332/head
8e730a4a982e0c5cf7a58beeaecba7ab221f472c	refs/pull/2333/head
3c4f4fe3f923b9e6775ce3dff3801673d94df7a2	refs/pull/2333/merge
44be2f98d62d73a690c295c9b3c782aa9cebb0e8	refs/pull/2334/head
7f0f0c48f9d76ce918390707abead09cbd37b833	refs/pull/2335/head
5d24df317fdaa2c1b247a8de2b96fd2d2870504a	refs/pull/2335/merge
a536eac2eeafb7cc3c536b1a83fc4ae345a96cba	refs/pull/2336/head
b3207cb1534c891aa1f198f3036b55896acc4713	refs/pull/2336/merge
cdbc183428509b130bd303b8962aa06d578cf2e9	refs/pull/2337/head
d8af7ef71b1552067b474f510aa6c008f3ff3e62	refs/pull/2337/merge
a7fd57a3410b2f5296ee2c8b6a1e354729d577ec	refs/pull/2338/head
7eb033e09761656df091df33b3f3c3ce8498c11d	refs/pull/2338/merge
dc3366261c6bdbb8a1fe6d5025e9d31b6c985fe2	refs/pull/2339/head
10395bcf3c44571a7e821eb820ca6d993bb1448f	refs/pull/234/head
8ae6ce651a687bec17037ea7e889c88982c0bd82	refs/pull/234/merge
540d90c286dbae160d09d4e80ec111e4e7d4afbe	refs/pull/2340/head
02784f9fb336f477e517c3d804fb69413672aa7d	refs/pull/2340/merge
36f40841d55e67f6f1a15f82eedcffe6cc55acdc	refs/pull/2341/head
a692cb83a71af298d1782839cf09226cb7a77dda	refs/pull/2342/head
b8e91161f06a6175c20d5c7a4d687211e1afbf14	refs/pull/2342/merge
a692cb83a71af298d1782839cf09226cb7a77dda	refs/pull/2343/head
d9267a56aa89da2537d215261e7391efec3c9e82	refs/pull/2343/merge
a692cb83a71af298d1782839cf09226cb7a77dda	refs/pull/2344/head
69a4651d261ae32b704c0f71fcd8b8db6caa7f23	refs/pull/2344/merge
a692cb83a71af298d1782839cf09226cb7a77dda	refs/pull/2345/head
9c57df73f4a37e972202d33bdc8448b1d94eccf0	refs/pull/2345/merge
69834856c84c60723119a87a86913f26a0c45e3c	refs/pull/2346/head
964f45101afec1f44bcea34e96510f71eb8992ff	refs/pull/2346/merge
781d072e2aecd66f5de00e5c742d9665f405bfc2	refs/pull/2347/head
40f69d9127fcaba619345ad11720da0f620f5f33	refs/pull/2347/merge
a692cb83a71af298d1782839cf09226cb7a77dda	refs/pull/2348/head
8cfa423a976b170d5f0715cee33175443b0ea7be	refs/pull/2348/merge
e1050a6ef5e26299b2c6d9743067fe3d7f4f8071	refs/pull/2349/head
5080ea1325b68577e26895c7489ddadee68c556c	refs/pull/235/head
e9748425010cf31f89b570187aff2a511320e3d9	refs/pull/235/merge
7fb70f6e68fd8e7200b2219ec97c26f2384088c2	refs/pull/2350/head
c3004506a026a122b932ef9d44a31726b5591934	refs/pull/2350/merge
ecf1c6444638e9777b0a061f6a242ac6fd507a5d	refs/pull/2351/head
387e82d320422b394e4433bfb39fee49f8728086	refs/pull/2351/merge
47380ab6346965cf24fc5d99adfc94e4356f0526	refs/pull/2352/head
9cca84b4b32655152e4971d6248b09ccd993a94c	refs/pull/2352/merge
c8f1ca389dbe4fad15d4f4fa2b2dea11ba35b483	refs/pull/2353/head
ebb4724a2bb76351c4915faa7d8f4d5dacb20e7f	refs/pull/2354/head
7b158a7993d9265de5b07eb7ab3d6715af3facb1	refs/pull/2354/merge
d9f08032b8d5c158a4165901244a0b4cc68a0b5e	refs/pull/2355/head
6b72efb4130d96947c7f90026042fa09a440d091	refs/pull/2356/head
01ef6296eb4608b9c0e5ea5a8089fa9624dbe40b	refs/pull/2356/merge
5c31c3eb645a3652e538af2e16cfd3ff281f7f44	refs/pull/2357/head
08c432a2d4f52c202a2bebaa72330a17e94aedd1	refs/pull/2358/head
867e84bb72a465fe92a23222436a1e357e323393	refs/pull/2358/merge
13c31bb3da25a35972085028e6bf158ec696c5a3	refs/pull/2359/head
5254bbee2562ea5828753bebc107f6ff2017eff3	refs/pull/236/head
7f569f1271c4fc5babff013507be4ae578da4f52	refs/pull/2360/head
f86bf9ddc222e950acc20053b7ed87f25d9be6d7	refs/pull/2360/merge
e0202a6e1f34fd6dbf6eb4ba038fb4ec699f911c	refs/pull/2361/head
60cc2449af180a35e56a751fedf9e312060ab018	refs/pull/2361/merge
b335e3960db7cacabec081af5ddcf02c7ec27025	refs/pull/2362/head
4b6d8b7c24cd11645d97189d2ab46e15d0e834f1	refs/pull/2362/merge
e1456730787b1478068adf885d46a563c0b55a3a	refs/pull/2363/head
c729a860a55757471277b6411939809ed4b506c1	refs/pull/2363/merge
37becf38c2ef175a3dadcf750e2cca836942d83e	refs/pull/2364/head
00be4a33cbff11b70cc2e0fec0b7bc98a69cf8f3	refs/pull/2364/merge
f5f4e767ce7c809c46e281a25db94a77ed856792	refs/pull/2365/head
a6b65d6930cb663ad5444a52760ddf7f72cb6e9c	refs/pull/2365/merge
7b3d407ec1452eeb1f715e812b124d10047337fc	refs/pull/2366/head
945802cd5b14a0219a3d316bbfc0b52fca44c062	refs/pull/2366/merge
1f32bf0c64d0ee0d2cce1d6266ad2864e0f710c8	refs/pull/2367/head
4a3e7af015a73641edee791f89f73f10f6f175df	refs/pull/2367/merge
1f467417c11d0f7b735869e7ee606fc360390fce	refs/pull/2368/head
34dd76cfb1dd46f001729999041cb441c4ed4a6b	refs/pull/2368/merge
db2ee5760c9f5d54393ecaf70aec23bda5c6f410	refs/pull/237/head
bb24cc1d8ac28e346f7bc9466413f35adcde9697	refs/pull/237/merge
992a5bdeaa346544e5e1dd023576581e82366dad	refs/pull/238/head
cb32250ebf95f5de89c6ae1ff2178f37061c2e23	refs/pull/239/head
d87428f62f1c7015ededa58bc79324b6532ffa2d	refs/pull/24/head
cb7d9bea31aa408eb44ccce462e9fe8559087f62	refs/pull/24/merge
47890903cc1bc2b59773b358289dba92b4336777	refs/pull/240/head
844cb2210d9fc66627c562b7a2fdaf6b9cd52ae1	refs/pull/241/head
37f324d55fcd357ddf3c2869ed27b43e163b18f4	refs/pull/242/head
6b37c98c6c56221deb91b9733e09187f0cdac76a	refs/pull/242/merge
6fb0be8aa236636f6b8f066e1f87d759f9e7a322	refs/pull/243/head
ea14bb8c73b330266d64637b975092c5e0361fdc	refs/pull/243/merge
c73dbcaacc66ebb238614a6b6048d5fb93bc7680	refs/pull/244/head
e1932ef66e69b6d6ad278c4bacd54acfddf472ad	refs/pull/245/head
ec0eeed09b6871d4e9677ae54995ec33162d7003	refs/pull/245/merge
9803826bc78dfa63d60a691dcbba164ea89d1d15	refs/pull/246/head
0f4ff470298de90bd04faca701dc021acaf1728b	refs/pull/246/merge
6febcb37b182f810b1eb29ef4f7cbc146fef36c7	refs/pull/247/head
74105d5f0558e0bc46b2e56339a11cc2c0c4ab9f	refs/pull/247/merge
9d70587db88dc60f70a877312e452e247be424be	refs/pull/248/head
85aca2ac33d99f787e70760aeb57c6b54dd68f32	refs/pull/248/merge
cc581efdf2d9a3d809374b8ab81105c14b04b7d8	refs/pull/249/head
9c5071f554dd2f9ca7dcf57a425a9b9d5774c32a	refs/pull/249/merge
9e7d7594790b7a679acb6a3cf58b3adcc9ccdc03	refs/pull/25/head
3f5f2bfc9e857a90939a0f01b12ef0d721022b2b	refs/pull/25/merge
687479ae5d4f16729a41528e087e7f6125f423d3	refs/pull/250/head
90091e8c79601fd4fcabe8040f7c766c2b746181	refs/pull/250/merge
4274c698f46a9bc45834c4904e7e113450c042fb	refs/pull/251/head
e3bbc2d1685901f33b0abdabd6e7c31c51eb7aad	refs/pull/252/head
5e397e7d7459f8fa478c97047c03da73980e10aa	refs/pull/252/merge
b5d47a7bf3ea580a350fdf90e6553a2291d6679b	refs/pull/253/head
2f471e0ef15c9f38728fbf7e2624dea6060730b5	refs/pull/253/merge
dc45ae627aaa61b73b573b0f51469393f122b5f6	refs/pull/254/head
813c47b504e1890a26a437b0981ea83d2c011b77	refs/pull/255/head
b9305281683542b1115a23bdbbc1d7c7d94e5ad2	refs/pull/256/head
bf082c9afd0e20d83ba5bd99fe9168a15bca5e8c	refs/pull/257/head
02bb03a125fd63d65847f3baa7bc52cba6c21966	refs/pull/257/merge
6efe8dc5e4d7c47ad56e7ff7014b23f71aff9768	refs/pull/258/head
6efe8dc5e4d7c47ad56e7ff7014b23f71aff9768	refs/pull/259/head
d2c175254e9375f309dd04ba575353a05b622949	refs/pull/26/head
d79ef6d8e422b5958bfae838a0b3e1554eb1bb2f	refs/pull/26/merge
6efe8dc5e4d7c47ad56e7ff7014b23f71aff9768	refs/pull/260/head
6efe8dc5e4d7c47ad56e7ff7014b23f71aff9768	refs/pull/261/head
71c2c43056bf2a58a3560b59dcbdc62453e98152	refs/pull/262/head
67f36c56395ea3e0f229558af52a8fa764ff354d	refs/pull/262/merge
efc68b0714e6433aefbec6f3be454f68209c8472	refs/pull/263/head
c574f050f197b4e21a74f75f9a2dd325bd1af965	refs/pull/263/merge
ab7797dbe95fff38d9265869ea367020046db118	refs/pull/264/head
efc68b0714e6433aefbec6f3be454f68209c8472	refs/pull/265/head
44ae68fed1736e48fe3c8224731bdda76bb82e75	refs/pull/266/head
2512f15446149235156528dafbe75930c712b29e	refs/pull/267/head
6950c700c4ef866d71e7ada5f629795a4ed912fc	refs/pull/268/head
c5d48ee716b4edad33bf073b72320a2c3f4fc61d	refs/pull/268/merge
83754a3f19a172af1e0ff014060a0c698f3d6678	refs/pull/269/head
dc6294e486dd1163b36d657c0791df1d12aa6441	refs/pull/27/head
d58a2e07d3557b58d2e47f24d142074695c7e593	refs/pull/27/merge
506701e4a8dfbc70d5f98ebfef54de58aa8a7d3b	refs/pull/270/head
dc2c71f633d25389ad4118f1e357b4c8cc32ef4c	refs/pull/270/merge
51ec89be27723190892671bc4b65eb9d5b9e13ca	refs/pull/271/head
8ae65be132bd2d991e488aa499cc36342956d6e0	refs/pull/271/merge
563022f360ca8a59400a5cca5f000996e2fab590	refs/pull/272/head
0032147ad615b73d0805d7f9ddc2c41a30193d26	refs/pull/273/head
afbe43f4f621df2f16398e3c70bcd86347d750e1	refs/pull/273/merge
eaac403364bd4bd0ca7ff9df94acfbfbdf0a3559	refs/pull/274/head
975e55827a33ad5fae96e372816caa0125ddef89	refs/pull/275/head
48848ce98c6e8c7944008aeca9862918feb10d44	refs/pull/275/merge
87e614ef6a6f9a79ff8d3e438a4fcea318e32b5a	refs/pull/276/head
2c087517769b848f6b7004cf84d40eea753a4a1b	refs/pull/276/merge
975e55827a33ad5fae96e372816caa0125ddef89	refs/pull/277/head
ab2a4935228ba462a7400d8d940954c0c1b07df3	refs/pull/277/merge
a5dd440aa59cbe281c066e6354743d51f25044e0	refs/pull/278/head
72bea89ccd42837a57eace66f499daa5e7c720be	refs/pull/279/head
e119efbe14d1cc2cf752eda716be981aca444c61	refs/pull/279/merge
f7575bde1799807c7b4b14ba98b214b065a55474	refs/pull/28/head
137029393ee84dbd2752dfb4e6607db7ee86e7fa	refs/pull/28/merge
9777ab3baea6155c562c13b4898bc92160ea9687	refs/pull/280/head
04f67417b5d14d792f4fc691ed8a4473cce37c82	refs/pull/280/merge
dca591da91e2acb52de8c093fbd31938ba1cc311	refs/pull/281/head
7d28108417b162c9ccddd625c7715db778533e63	refs/pull/281/merge
7029a3774de2e1a6a8635dec64c70fbda9fc3a1e	refs/pull/282/head
e3b433cd315dd1e2889334c9cb71218452a7195e	refs/pull/283/head
0f67f41b62753b5e84fa4d75338aa346ad5a2eac	refs/pull/284/head
7198dffb45c1b63801199e31c0e3bf0f988f39f9	refs/pull/285/head
67418dd8ffad7c07ed95437f7a4d1359da9d93d2	refs/pull/286/head
ff4b44825def01b6ba5102d015c1f41fd90916da	refs/pull/286/merge
e1d0b25d9357bcba43e18e0f2ea4616853c773e8	refs/pull/287/head
8d737f86028e1771d0feabb11316618e1ebee707	refs/pull/288/head
a7321d33e85435693ec3cf808c45274aef044003	refs/pull/289/head
cbac6caee7e788569562cb7138eb698cc46a1b8f	refs/pull/29/head
f3bc214d3343c5d5787f7269635c8504e8b13e19	refs/pull/29/merge
ce40b9b86ad104ce203264cd736f849c21014649	refs/pull/290/head
2664010d1f620479f8a49732cfa94433867a453a	refs/pull/290/merge
4f58111cb7d20ef9a3ae8aad702904c52921e5e9	refs/pull/291/head
20bee6b985dab8cf0f264276b7678269f35a8446	refs/pull/291/merge
ee2ac6e9169c3f7b0ce3ed6fc51b40ffabb9d25e	refs/pull/292/head
aba16a2df546e78b1870da95fafb648c439cd24d	refs/pull/292/merge
f5ef12bb452068826f98e155f9da70541a0b993a	refs/pull/293/head
6897b797e484d5764140edf05833fb0dcffce2aa	refs/pull/293/merge
a51aac41cd3653a365e765e81ccb1c58af0cfa1b	refs/pull/294/head
71ee20022e72e9397c861a521524052ececb1f8a	refs/pull/295/head
2171369f7a8abc248475f6cab866ebfb8a4d4016	refs/pull/295/merge
e4067a1b767dd3aaef09bfbab1e9eb1da2c4a28a	refs/pull/296/head
e2ba0f1623573f7099a9fac5455fc2ecd930229c	refs/pull/296/merge
16ca59c5aca9ebcd609908340740a27dc320a401	refs/pull/297/head
0d01a0dad264f13596fe35536af3be2f596be751	refs/pull/298/head
b72456150e6565c94da848a9b7a620a998a7cf27	refs/pull/298/merge
0b2b2323b6b1dc975e60b878358d35249da34711	refs/pull/299/head
45f7c23716747c9c96408c249e0f83d74eb7ef62	refs/pull/299/merge
805021f46c11a4895bd513b710104d6480c619e7	refs/pull/30/head
d55bbb71ff41aa18997976b19ab75a25749ee3ea	refs/pull/30/merge
b58ddaf727466eebd4a09bf4025672230d0f37d5	refs/pull/300/head
6aef46308f48155b43a30764d651e980ca18384f	refs/pull/301/head
9482b9a14fd2cb287005c3ed2080591f532054a7	refs/pull/302/head
d26a18cafb989aaf072934292d8fff3aa1a4648b	refs/pull/302/merge
70ebaadb9eea71bd57c9d42638d43ddff14b8771	refs/pull/303/head
39c2bfa3a707033b568ef13e108964f9afa5ae8e	refs/pull/304/head
e03bd695dc21a0cee4c666662c12d27d0a3508f5	refs/pull/304/merge
f5760d38fd2dfc5f5cf78a063500ea3dda748e31	refs/pull/305/head
520192ccfcff2557aac87f740ac0c49c7f9a6e6c	refs/pull/305/merge
f1151f84c03d81103fa056ab7e6f65c09a337abf	refs/pull/306/head
4ba3eab0ee56a6b978ee02a1407b89c6476fd265	refs/pull/306/merge
969bae44a7fb8342a234d227886b4ee143f67422	refs/pull/307/head
8a2c3dfa9bdbb668feb2a3dd231f7854ea853eef	refs/pull/308/head
e8128074018612dd9c2be646fdcc1768e618f57c	refs/pull/309/head
6cf7efbcb8a4e037a9cd5f19e572a3b05dd5b9d4	refs/pull/31/head
4614cfb929b10480bddb43e9ca9d25f048b687c2	refs/pull/31/merge
818962a4ab6e8f18fd179ae6642f11661219ebae	refs/pull/310/head
2ea89815a192bb83c012e5119da77c046b87c6ca	refs/pull/310/merge
43a8d0e56fd186144fb814cd0a55223ffa1a1101	refs/pull/311/head
8daa54d077df022990f1741eba240b81ccaac013	refs/pull/311/merge
3c7529a3b0c291ce52f1155022a7caac1ca313c0	refs/pull/312/head
5992cd140e6b6007fb7fb112bb8a0ebbd7a7b120	refs/pull/312/merge
1a71b5e6331f4033a97d8bf31f42714d0e880b67	refs/pull/313/head
e771dfd18a9d14580a565cb45001c0d0fb6dec5f	refs/pull/313/merge
3c73314ae74fc05158c50b41ad37a9b244c82ca9	refs/pull/314/head
d7169cc1a2746e60bf368c67f5ca1c4b43e3a08c	refs/pull/315/head
b73e02c99547d97a7c91bd9a6e9e89b936d84cfb	refs/pull/316/head
b73e02c99547d97a7c91bd9a6e9e89b936d84cfb	refs/pull/317/head
07a926dc8136fea53599a7a4e960590d4b5d4ccc	refs/pull/318/head
27fb70eb7e0c9169d5fd5a06d2077073f9796269	refs/pull/319/head
6bb56c53aecc2b381e469fd22c7eec2e52a2e9f5	refs/pull/32/head
313dd73fb451c63ac275a69f6292f79c2f8090a9	refs/pull/32/merge
9981b3b8313fb831247a16a04d5040bd6a8660b1	refs/pull/320/head
b8230d58ae6564d634737ff8afe700489a69d3d5	refs/pull/321/head
8a43014b2585d8e4527755969ae68dc6b79f1adb	refs/pull/321/merge
d66217af603136b40bb72734bbee50da70c28c92	refs/pull/322/head
e8352787f9dbd06ea880206aff55be0757b93464	refs/pull/322/merge
281e4d64a61b891e32e0344654b580b4203effa6	refs/pull/323/head
9591c76befb06643c57ed3c4701949720e3a24f7	refs/pull/324/head
730e2690fc075b97afaff2396cd6396bed7de82a	refs/pull/324/merge
910271881794a03987d048dd5d7ab083b8a021c7	refs/pull/325/head
b8bd9b36c89b96a7c2e4afdef9e6f7b4c9a4a292	refs/pull/325/merge
1e2c2396290ee7e6c8116d747fafc94b046c5691	refs/pull/326/head
ddf017746a326e44735fd003651a8670294df63f	refs/pull/327/head
7d1f53fef491b495575d4b9546397c151a4a4b50	refs/pull/327/merge
59a5954a58bced4f704f4742454b5871dc2e94b0	refs/pull/328/head
4446418445f669bc4328cce73d539407245ebe21	refs/pull/329/head
1fd0c14417047a152a6f5fbdddbc86dff9f64e58	refs/pull/33/head
421e28abd6d347491837fe422829db67c6b08fb0	refs/pull/33/merge
8ee63aed071fce294b0761e7f6de594a6f14b5cf	refs/pull/330/head
54068ea963bc816fd87bbe01d074078895c79194	refs/pull/330/merge
8052d4d9a4860b475dd3e34ccb56f03e6a1502af	refs/pull/331/head
4448333c832ce1aae5318bc886919b45b99bfcc7	refs/pull/331/merge
c76a133a57514a332828099d342c9763fd946bfa	refs/pull/332/head
3bc3e8ed5b1f5886962320bf9e4469db8fe414f8	refs/pull/333/head
b09a3f0f3b1bf72980ee0ff2ca6039f859925472	refs/pull/333/merge
30828718f8d9e576ec5e99f42e1519e5ee865dcc	refs/pull/334/head
4f9c91ab123dab85396c4886c7ff612cd0c19fd0	refs/pull/335/head
34ffe16e6a25d27149c6ff92d138a656404b2c2b	refs/pull/336/head
2440f643b2f9e7b34d6b070abcc5b2ca81629ae9	refs/pull/337/head
8370df02834a50fbd033241a69d9416dec03ac9e	refs/pull/337/merge
2c8536d0921902ede8654c83a512865ff5ecd153	refs/pull/338/head
a2115a00c819c9efb0dc8c22fb4a23a7bf7adba9	refs/pull/339/head
be9db50f609bf5d13fd59898619b5b62ca3319e7	refs/pull/339/merge
96201c0a0232f78f81d5a62c7184aef17efbab0e	refs/pull/34/head
186b377e51c20e6c62709f53c3058fb43fbb55a8	refs/pull/34/merge
9f8de3ea3399736b90676f1963122c217da6d71c	refs/pull/340/head
7a4bbf1d1c6609909cfb783c0e16b154b35c1a1c	refs/pull/340/merge
713f6da0a22fc3708d250c6bec70ebe70083fe6b	refs/pull/341/head
77bffa4d9e5b7272efd921ebb0a4a52a0633cdf4	refs/pull/341/merge
3a4171bef07099b9f37541b105f5ab32664651f4	refs/pull/342/head
5c6b951a4bd66bf23e2afdc964a7b5ce9d22d618	refs/pull/342/merge
2f21baa6ed5d2ad41ff380019a125b7d14842af6	refs/pull/343/head
6203c4c36868833acd8e8db71f5157b2dc6e1eb2	refs/pull/343/merge
0f0114a9c0648d793999bf220095809b303e4194	refs/pull/344/head
6291e135e80ca948bdc69a8680df75efaf012caf	refs/pull/344/merge
1dd026d743af90c8181b311f19e032d49710c3f6	refs/pull/345/head
5f6d2ce54160b0ab6d0a0aa498af52c2f090b399	refs/pull/345/merge
054cac9760f3ef9ca18798b90c13fc6c1c7f5d32	refs/pull/346/head
4f2693a5e39f7be9639b85f1552d9a095194c71d	refs/pull/347/head
facf4929fb2272b5be2bd2a7ccb675cd48f7c859	refs/pull/347/merge
154ae3d6aec75aa1fa1d84d3b02de64442569fb2	refs/pull/348/head
6b0df19c63fb6529a5ae69e802ad76603cddc081	refs/pull/348/merge
6044c4998da780ddd124864e3b10245faa9033d0	refs/pull/349/head
92695d9d84b347f0b8f1318bb8fd3d35b322ff38	refs/pull/35/head
09b949a02a47e234b0659cb385c1b6a054402f9b	refs/pull/35/merge
8693e43481f463e29dff70d089a84fc66dae697e	refs/pull/350/head
ede8f145e06370330f71c887c23bd30e87d7d0eb	refs/pull/351/head
add3cebdf89e93784955b34e1c1ffcba308b89cc	refs/pull/352/head
add3cebdf89e93784955b34e1c1ffcba308b89cc	refs/pull/353/head
a03574e49ba4c00de32dee9e13b91c78375f41d6	refs/pull/354/head
4b6594926300de2f35afdba685ce4fc4d0bae612	refs/pull/354/merge
8005da136c9e7bee7c268df5010cef2ee36ba804	refs/pull/355/head
82bee06cc4b5924db830ea14f71e5e5926e49049	refs/pull/356/head
2a7cef062110fbd11060d687badcdd46c13def65	refs/pull/357/head
d93e55b47f1e1c2b9b21ed1fccd84d3692226b94	refs/pull/357/merge
965811ece4a19f2d5e510111e971773c6a1d85e9	refs/pull/358/head
fc65a45ca02d80d845c492bd6695964480b1304b	refs/pull/359/head
eae4a400c6840734726c151ce21806d64478c869	refs/pull/36/merge
21702d83b531c9178463cd26c69bb24b81145f5e	refs/pull/360/head
09f2d37fe0926e22d1349df30706ac03e53a8883	refs/pull/360/merge
860e91566e952ce7b471223ea4be43d4ff81d009	refs/pull/361/head
6995532b33529f70d6c6882aa056c2251ca66cb3	refs/pull/362/head
924f39ed5c5257aca38e920a3e6966f9606ba570	refs/pull/363/head
a033989bc7bc87a98a9bcf7459f7e995e41f6fea	refs/pull/364/head
735d628588911c9f1f46f2ff00b3d5bfcd000997	refs/pull/364/merge
2e69ebc0eefec345e9fa55733331db7b9124798a	refs/pull/365/head
4b3e936e0d20a1c99bdb416b5376f38211109e17	refs/pull/365/merge
8acfcf16e9a812f95f50f76409b3836695ee65eb	refs/pull/366/head
01b3c78262b6c10457dfaea888712e56e5561c24	refs/pull/367/head
1de728be37791805a48485741718ca97fde06a0f	refs/pull/368/head
94a2abaab34e6771730a8397f955cbced4abb183	refs/pull/369/head
c2c81d0030372896ff4b95878a10d32d18fb86e4	refs/pull/369/merge
6e172690eda2de1723e9dada447a26893a5751c5	refs/pull/37/head
cfefedfa7ad0ee19a8fcaf42c320f1dd314465b2	refs/pull/37/merge
2411b9293d8f3dae209fb5a86ede69d6218e8a4d	refs/pull/370/head
355dc3c0e38336c80e43dbab746b7802b868b9c3	refs/pull/371/head
740fda6aa32b56f637d80ad34fba4238f277a37d	refs/pull/372/head
da726937fb61b4351873e72130810cde78e5a76f	refs/pull/373/head
ce4ce111e467f23642d04bb787357ba29c83287c	refs/pull/374/head
da4fe7dcf0bd9e2a7bf5fe816280450507f5a72e	refs/pull/374/merge
9b968d191ae80bd3dcafde2f955bf5be4c029100	refs/pull/375/head
b94c259441f08592efd9634a57c99020a76456b3	refs/pull/376/head
af34d2edcc85efebbee7669910bad46e5c3080d5	refs/pull/377/head
661fbd42a0d97d462840cde1b81f442a94527d8a	refs/pull/378/head
c60e04fa33058d0a9e045bfde2d68d4e7700fce1	refs/pull/378/merge
7be8ad20c300532bbb5160004bea043967a69f79	refs/pull/379/head
e9d092b9d9ce5cb5048689416c05f567fcc1c0bf	refs/pull/38/head
68b2f2f19afcd690d2f6f2db4d761404826cadd6	refs/pull/38/merge
0b6a15431d7fe284a5364716e02ec7a4687d6cbf	refs/pull/380/head
ecbabf664a16a23ab9becec4fdf9989538d5d33a	refs/pull/380/merge
041bc4cb971c219d253de6e9f807a56ec71dd842	refs/pull/381/head
99aeb702591880f3504639d7f80e3302fd0a1b0a	refs/pull/381/merge
aa76ce5d4cfe282357a69c83f63267fc0a8858a4	refs/pull/382/head
d4144c9b98499251abf723175067e9df655b0987	refs/pull/382/merge
d411f65158acc316595e9f6ab37ad2ea2669ddac	refs/pull/383/head
c732b04e466730f36e3d7d7c5a8b48b715217ce9	refs/pull/383/merge
2a688f830057f2bdae69519c970d2d0578ee16bf	refs/pull/384/head
3971eca663b0c2fd5141b86196256ec492d8f4c2	refs/pull/385/head
ea20451cbc8dfb3c01950e7aa59ca442c2d24954	refs/pull/385/merge
ffd505233d89ea2427f2421d05dcc724813ad080	refs/pull/386/head
2ff689786fba12543fc997c9c67398cbabea1716	refs/pull/387/head
b0e93cc308b72bb3c46f23e12328890500c7a198	refs/pull/387/merge
c13dcdd9ebdb4e70d5b44797fd275d3802e140f8	refs/pull/388/head
4eb026ad538cd8cee49de10833e87abe91bd08a7	refs/pull/388/merge
11482482f9cdda1c1e6b579576db142502c6b762	refs/pull/389/head
6fce7a1284c41bfcd4e2a71eb13bebf76731bfe5	refs/pull/389/merge
5b7c1b9741797bbbe092220f480013a03d49edb7	refs/pull/39/head
4605cec9352af462b91345d86c9202876e1a5c95	refs/pull/39/merge
95b37cafd2c5fe6b007ca80816f9bdb5a0b0295b	refs/pull/390/head
171a934571547e1d8613738d8f67c5f8d43c96de	refs/pull/391/head
fa8a941b93cf245cf1982a22301e989f17e08bbb	refs/pull/391/merge
09f2a82895953ba9f78ca46bf5362968d168fdc7	refs/pull/392/head
9259d3138e1229d2c462035677aae70b681eb27c	refs/pull/392/merge
b7cd847237820812328c9be987441ae75e3aa0e0	refs/pull/393/head
1420154845c4163900fe07676fd7e8ce44a98e1d	refs/pull/393/merge
f0a126c029001ff16e6d8d9ebdcc6d14fd8e06a5	refs/pull/394/head
5d270aa5c2855587024387976a0320c9c1a43e93	refs/pull/394/merge
c2a9ada7c2aa26ec71033cf1459d25ea91ce45fd	refs/pull/395/head
4b0ce0ea15741de9d146ba0f1cdbe654ac186b5b	refs/pull/395/merge
add8f76ab9bc32ff80307ea1a54408ff556d4d98	refs/pull/396/head
4a4b37c5cc4f0de1f7c778c8d3cf1c0390c92584	refs/pull/397/head
d2d311c3cd060cea6d1c6752c1de2f65d775a6dc	refs/pull/397/merge
e03d17cfd6ac838ad6c87bb40091aadbcef8ee5d	refs/pull/398/head
3a45134cec7c17ac8ac2ef07e1391138eaa97b88	refs/pull/399/head
5f0883381054b796b643dcff974435633eed8a79	refs/pull/40/head
fff6e0731ede82eb8b6458ec30813df5103dcb7c	refs/pull/40/merge
3a45134cec7c17ac8ac2ef07e1391138eaa97b88	refs/pull/400/head
19e334c5d973230d212bd35e2b97a2a98364f914	refs/pull/401/head
060009d0d31a9fe3c88f00b0cf58234e9068d1e5	refs/pull/401/merge
c0ece5a5d00587e85ba6c3174189ea5105a48da9	refs/pull/402/head
d13926a63e56ea9bb44137c5d55246ac1d3e272b	refs/pull/402/merge
197e7c8c93924d6bb1dc5fc568db49972820852b	refs/pull/403/head
5de094a45f9ef39cc9022bc2129a38baa6fd7348	refs/pull/403/merge
dae2fdcff0b766f94a96c56a28d11f88491cffcf	refs/pull/404/head
3357b944e7b90a3c448341388cb9739deb4a6441	refs/pull/404/merge
625dec87f3fadd53ce27cc84d4f95142780a6d34	refs/pull/405/head
977c55cdebda7bfd3323f6dbe901907739742301	refs/pull/405/merge
35bee3f9949222039bccf8fda5a7632319a61a03	refs/pull/406/head
39adf847eae4540edeb20ccf8215b74288e7b414	refs/pull/407/head
1c9647c523e4f80f3df332351fd7464d6a7cff25	refs/pull/408/head
e1bbc693110c3ae1b3e4ac9f47a7839628ab85b6	refs/pull/409/head
39facb149bad54048fe88f0bcdecd268486f4fc9	refs/pull/409/merge
34fd98e458017b3b4fe7daa90051350988c4b470	refs/pull/41/head
b987cd74357de0db664d883d0a631669722d0c65	refs/pull/410/head
64216235c7f991cc9d097d76d17af7a55da7c960	refs/pull/411/head
f2820cf01acf778d953a46357a6160ba42711eb1	refs/pull/412/head
a2d81607ada256390bd0ebf507640c2ab65e9976	refs/pull/413/head
c15b27cd6ba2c6f7aef3409a5545a0906e4092a5	refs/pull/414/head
299f6d98ddbb597633906a8e630942140d8a6360	refs/pull/414/merge
9da87231905913e9e33b30bbe92b54037a6b30ca	refs/pull/415/head
6eee92f6e4de0b1947bb3c8c7fff7d856d7fc95a	refs/pull/416/head
dc37cc0567667cb19b8b19c372c7d96cc2cd7439	refs/pull/417/head
f41ddf9516e2707aa9c820a2cbcf15afd6e42a3d	refs/pull/418/head
7df0b2aeacb40d690acfa456787be6feb2f94204	refs/pull/418/merge
bc88eb8cce00985cfbb5533e6b75e15cdecd9be5	refs/pull/419/head
48139cc024a9ee963cfc353344ae90de50e843dd	refs/pull/42/head
b3b56f364ec13bb78b9133a3ffabbdc12e234f79	refs/pull/42/merge
7fe2fb005bc78f94e145b6869611385826ed1220	refs/pull/420/head
4230df4b0b496369a3de8a5378a276ae47a18d6c	refs/pull/421/head
d97cbe4c1d8014dcf616880aefe8493b6f1e04f2	refs/pull/422/head
064a798301ab238976562c4da24bc5d27bb75605	refs/pull/423/head
11aa77ad6f46aba5fef14a3ef50c72cd4b17042b	refs/pull/424/head
0074d3da7ad402043d58ebb107435ce955a347f5	refs/pull/425/head
5078f1a841fa56f309dda07d682e4387347af817	refs/pull/426/head
99d0d8428b52beb4c2e40b7ef9e5102ff840cd26	refs/pull/427/head
c6b3d235b2bef83b1159cc94ae514221dd29bc58	refs/pull/428/head
a50a68d537980509a3646bba55a4ea78fb7807e1	refs/pull/429/head
9352403cbec0fe064962a1f39de0c2ce2ed99538	refs/pull/43/head
9dd59c48dc5b7f801699a7566913f83ac3eb0fd5	refs/pull/43/merge
13a7606e5f63cb48fae70eb93224deb534632fef	refs/pull/430/head
635bdb1aa78fc25da44ad80732a1f693b0d89aee	refs/pull/431/head
2692946a8c46ab5e68b7fc71bdc78ee024c50657	refs/pull/432/head
bba03b9c1203ec76b54fc644c5030525062a133b	refs/pull/432/merge
238137fee5e7ab2ca1503efda1a79d1c9ae7c94f	refs/pull/433/head
c6687885d697fa8d8dfa53c75b4805c65b3c0e28	refs/pull/433/merge
35f5124b1bc5458f661b2d0baf531cc5689cd015	refs/pull/434/head
bb00f983ce9bd01162f4abbbd57d04524701f3f6	refs/pull/434/merge
510a0fae8bb60e557188e14c0db9915f8615efcf	refs/pull/435/head
7c36a4577d2d62b711ceadb5e7d964349b8dfc4d	refs/pull/436/head
505e3e821f316a4932b7a8d66cc953c5fdbb74d8	refs/pull/437/head
fd4fdde02e8330ce360fe89670f86db537943e79	refs/pull/437/merge
8015dc1f2f81c63493905a1e6533ecc9ca12e2f2	refs/pull/438/head
6158339317e8f59013855567da3c332e81ff8124	refs/pull/438/merge
f5e839462ae9dfd4592b49e18e79ad66078e02f4	refs/pull/439/head
9b6ece0488661068f994d04fc0b4376e01eda853	refs/pull/439/merge
9052bb1b960c75c3c9ada8c2bcb41698e97b2167	refs/pull/44/head
ce9a48e999f90a66a2b1aa0fffb6e13dde6bf415	refs/pull/44/merge
3aa98e6975abcd67288b8620d1276bf7b8d3a4df	refs/pull/440/head
a91ee650e663fcf3dcb8277480bb16dd269434d7	refs/pull/440/merge
7292a5dc51676f6e5c99b3f6f748c311b57c0933	refs/pull/441/head
a23aba46f94f255f6f01082bb542e231c1b11d59	refs/pull/441/merge
897125a923ff57e54f81b309276d1fc20a345497	refs/pull/442/head
5cc60bdc6b94eaf318c1110382941acf83a58418	refs/pull/442/merge
126e72ec5456781c6e50b6e3f9684f65992f05bb	refs/pull/443/head
9fa9453201d90d523ac2f42831cbb701e103d22d	refs/pull/443/merge
762cccf710b8bb10da04b42e3f40a2c653c92fea	refs/pull/444/head
bfa3300b71435155384c6c1f488fb984bfd242ec	refs/pull/445/head
c1d0025bcc66357aff7c7836a553174d062fa603	refs/pull/445/merge
0e7750b2c2f65de8e7bf0517af847884e1fbc650	refs/pull/446/head
157adfb6564f7193deb68c7322156c1d921eadbf	refs/pull/446/merge
0e9cb8f0534e5597fa6c6dbb12c288f29893ca0a	refs/pull/447/head
805e4b74daafcd7c74795ea4d6909a68fc6216c1	refs/pull/448/head
82e5f3a737051155e194c17b33c79185b826cdbf	refs/pull/448/merge
a10ee7e987a64b5108e960b7cb73fac7404f355a	refs/pull/449/head
a0a8e6ccb83f08a0684987284c449c0b62400ca7	refs/pull/45/head
868d1c798b1ca9c8ab73b4f6ec05914406f227bc	refs/pull/45/merge
b18294040cde2618bca2f4d4464dedb059bae792	refs/pull/450/head
10f7994e820f3fe0cee8cd28229d27594893c28d	refs/pull/450/merge
7d2a9c916370c7a430e8c18bd79bbd589640b032	refs/pull/451/head
0fe95679b3e245b52ae06c9134ad620047eff418	refs/pull/452/head
58a836db5552783bf00144df08e76c7662f95269	refs/pull/453/head
a4ee44448fe98dcd8f1db9e43729ac67fc80e031	refs/pull/454/head
b27d5d7d5bff350481e67954378392022b210bfe	refs/pull/454/merge
a58355c95525bcb4635fed2bb685a7e6b576cade	refs/pull/455/head
560735f89fa25764211a159455801c91c4be3ba8	refs/pull/455/merge
e83c5163316f89bfbde7d9ab23ca2e25604af290	refs/pull/456/head
6582b5ec97e8adc84912d037f66c539adec13dd7	refs/pull/457/head
c75582789dae064967cfcde8f8a42613c9f992ec	refs/pull/458/head
e7ab4540fb9eab9a8b4cb0c019809bde84456f01	refs/pull/459/head
804dec28f489ff8bfcf30cc72afa683862442097	refs/pull/46/head
0a1337d3b1bc6ce7ef81ba55a59b12a20c7919a5	refs/pull/46/merge
d0db9edba0050ada6f6eac68061599690d2a4333	refs/pull/460/head
16870f750f9f4980fa9b046f7cf09c86b04f0c03	refs/pull/461/head
75665215bb0d39f04f571f6ecf8ba46ab8a15541	refs/pull/461/merge
4b92b4494da057ed52c2ff8c329457a1c294d135	refs/pull/462/head
29cd8050a26db4198a59a5cc375486a8287b914f	refs/pull/463/head
5c9d438777fa3bb8a5d6b87631eb728934917090	refs/pull/464/head
022b5959bb79086ef168306982649b8121a77869	refs/pull/465/head
6b657305e6c9a148d06d772121acd4425249dfbb	refs/pull/465/merge
86696ee4a0862c4309862fd58b132e13da25504c	refs/pull/466/head
f6e93188f1e23338ff33afb794fccf5b8c9b9bca	refs/pull/466/merge
94a312983b7f72c10e97482e1d4ea338b9213599	refs/pull/467/head
bb12e39f5487b01971701b06dc61ee4cedad72e4	refs/pull/467/merge
94a312983b7f72c10e97482e1d4ea338b9213599	refs/pull/468/head
41e9af78feabdcd4a42aab402b15abad78f38a37	refs/pull/468/merge
94a312983b7f72c10e97482e1d4ea338b9213599	refs/pull/469/head
f486d017c97328b5e7f6aec1984ea88a1b551eaa	refs/pull/469/merge
1f8d3353c7cf182f98ca21cddcf84e7c8a5505ef	refs/pull/47/head
d742ac535be30ce2b1f80670c7d92a76887afa43	refs/pull/470/head
0432e450e8e7babc65cdce7b14b7c37205b14464	refs/pull/471/head
c280538979e843b892c8e573720b5c5039fd2379	refs/pull/472/head
d5d8b61d3e95f787ee329beba48a43f433d4eeb4	refs/pull/473/head
3dee11dd5f1fc7ac2573f80475097fd8e869da4a	refs/pull/474/head
dc7aef8f0e34f7fac67de26894cdcd3c88facdf7	refs/pull/474/merge
f0d3f88b7c1bf34cd880650efb11bc2a34509ab4	refs/pull/475/head
9319e678d728d70f4192dc4f77f2aa79a504629a	refs/pull/476/head
447b3379282d768b5adec5ec3402414e7d5d59a1	refs/pull/477/head
1e98ff771fab5da375db43756fa0b5078ce47280	refs/pull/477/merge
f1e06fc72a51105b5b0fbfc275ce0b1c7a0075f7	refs/pull/478/head
e445488024ed54762ddd3349748999133288f2e4	refs/pull/478/merge
dafe8da85674dd3efb5b3b6416e3bb3514070f6c	refs/pull/479/head
dce145c11a89be7c795815c9bd8fe2c07a5afa7d	refs/pull/48/head
63423183633441943b1a359be0f185511fff5bdf	refs/pull/48/merge
a850a206a0f1a6c8463c5efcf9862a9adf2dcdc4	refs/pull/480/head
4920de57c913cd9fba7a92c755400dc9fc5965d4	refs/pull/480/merge
f1c1dc2078ff2f6eac2df5b57f1a7a6490ddad73	refs/pull/481/head
d355148ff88d17d17c3d9cb19a1c286f84774644	refs/pull/482/head
a42e715dc3b29281f6c2bfe15a32cd5b66897bdd	refs/pull/483/head
46e53687bed43c17032ca0d646df76a150804d1f	refs/pull/484/head
5da49b4fd58a8cc3e3429fec64412e57dd4e87ca	refs/pull/485/head
d47c5de5fc812b1fbd04bb259a522e453d4b21e2	refs/pull/486/head
e5de17e2904caf470013a233b191cb237e7047d3	refs/pull/487/head
4f591871b8cbe3c0e9fc92042f7615a788c758ea	refs/pull/488/head
aba56c7464150f2f3a3b29c3732d337801454d29	refs/pull/489/head
d0642ab47b94177b8c4ba180de0af21d510ef4a5	refs/pull/49/head
7d506d076ee0525995ef7201de793fd9776365b6	refs/pull/49/merge
e8b000fb9564bde11d48b836c195b8c70f7f33f7	refs/pull/490/head
1aa58f9d3f7fd406e5ae82a29b3b954955587ac4	refs/pull/490/merge
45a41b7571f4feecc0c3b269fbfb078b9c3ad806	refs/pull/491/head
3e16346a2fbc8adc601e2aa891df8bf30fceb01f	refs/pull/491/merge
0854d4dff3e83f79a8288545d275e4d783029d78	refs/pull/492/head
e6eb2960056870482af8483c3b1b5828f9729113	refs/pull/492/merge
8e496b8e078418e365ee625b443afb8068fdc1c4	refs/pull/493/head
9fcd3c83cc24a9e75811390daa23b39efd4fabf9	refs/pull/494/head
f956cb52888f213fe0628c545d4048900c1e430f	refs/pull/494/merge
764a526393ca8ae76394aecc8a87d66abb80c1b4	refs/pull/495/head
828afa18365941d9f5a03eaab48fee4b5586a03e	refs/pull/496/head
681379ea2f533b89fbb8d8284062be520e328a5d	refs/pull/496/merge
8ffd77e43513eae5c0fdfdffe8f57071d6ec22d6	refs/pull/497/head
94abbaadb4564a203ab921a372aa0d65ee308314	refs/pull/498/head
548d1a7a739e6d94a4ae0db0dd77953b3cc84010	refs/pull/499/head
b6d886e745cf43aebc44f242d5c27d1f299e32aa	refs/pull/499/merge
0d6e0ce2a5090eb3c05a624d1ad584a1153fcc52	refs/pull/50/head
cfedfc18cda14081008f7f1fa3ff15d1af2d46ef	refs/pull/50/merge
b740bc3fedf419c7ee12364279cad84e1f2f7bb7	refs/pull/500/head
0dd1b017698dd9d15f291f1133eb40dac8d85a68	refs/pull/501/head
f16bae5d07734f82faebab361809e043866526fe	refs/pull/502/head
ea9454a3b9da2f36c532b496c3f2ffb1b1ae4e15	refs/pull/503/head
046f5f7a3495acbbb53ee2b7007d5c058f18cc0b	refs/pull/504/head
3358abdcb71db028b1bebe6e32f95748ca41d6c5	refs/pull/505/head
d77c4414835ec158c87d863e849f1c5f9c322a6d	refs/pull/506/head
f01d53b7bca03e185fe23a4b8fef64e7d685e215	refs/pull/507/head
585b48f274c396aee560dc83292932aeac906c25	refs/pull/508/head
c059c5b6ae27ef7ae09b7d0e7285172c19791d69	refs/pull/508/merge
f0aed3c0b144feacf8e4318560662b5202b1f4d3	refs/pull/509/head
f52a156d0e803b4d2a3d95cba0606ee2af0f38ab	refs/pull/509/merge
c45d11d8945c5007d49f30555a03e8cfd7fa4ec9	refs/pull/51/head
fed16a5071ac3fc9ca7179efc155adba12a938fc	refs/pull/51/merge
065c555fdea8da89184a351c90e63cb0c4b909c6	refs/pull/510/head
df6d30bd70e49899f54f77d3c4975c48cef5a9de	refs/pull/510/merge
6f492ded5c4b9ee82501433d5a5227bc3e546c31	refs/pull/511/head
34395f23ebf5b4c763d029659bdfd36702a0dbc9	refs/pull/511/merge
5e7811117c8044207764fd1b8880533042aad752	refs/pull/512/head
6b6bf676a8eef4606da81247bf7f45292903a6f4	refs/pull/512/merge
bacf83bd41a7956c999189e788f7a2b7a560083d	refs/pull/513/head
e786c287a88fd26a633790526c4354ee26bad247	refs/pull/514/head
c3e4537094f81ef05766bbcdc7523d321fc75ca7	refs/pull/514/merge
b34fcd2efe2d20bdc5b48d2ed02d47f5958a71bc	refs/pull/515/head
bab4717801ee7c64dfe9203e68b9ee2107490a3a	refs/pull/516/head
f41b2eeddc8b786dac8f388c9b3d20b1bd7c4fe1	refs/pull/516/merge
7d2786a397b297c738fcf06759a58f6611d057ef	refs/pull/517/head
eb41cebc895b629bc190af7f54829eb05ea4fad0	refs/pull/518/head
b8cd9bf331d19fa79b3dd9825f177f065757f1d5	refs/pull/519/head
c45d11d8945c5007d49f30555a03e8cfd7fa4ec9	refs/pull/52/head
e49b1c480a4ddf721e93ba7921bc0057d2f79e79	refs/pull/52/merge
70f77285216fb4f862208d3f8dfb04fdae9ddf48	refs/pull/520/head
c6da065a13d0d697160539d5fd802a962920fd9f	refs/pull/521/head
2f63dacdead5ca677b0a60d7c45dd8d5c4408d5d	refs/pull/522/head
9ef4d4b47c27aaac708c7a5755709fbad83f7c38	refs/pull/523/head
cacad29b6b0249a6f123f8223337bd85fa0c47c4	refs/pull/523/merge
8ad9ddae80099cb475db7aa3dbcca61b7aad8cce	refs/pull/524/head
ba21a71dcb7abb6d79ce7e0d6d395e17264ce283	refs/pull/525/head
4f3d596422ea4c00c97e3e3cc9db721ea0298e73	refs/pull/525/merge
51d44a820000983eeedad0d3cc27768ce15387cc	refs/pull/526/head
542e2d584db5e67696e8ab2b3ac07005460e96e0	refs/pull/527/head
2f28abeae8897b8a3d8a2a8744d10a42e2988153	refs/pull/528/head
6e0cc6776106079ed4efa0cc9abace4107657abf	refs/pull/529/head
7e8f90fb70b5588495b59e6dd4236b80e08cea9c	refs/pull/53/head
7e6f7867b96b561ad54e61c54ef6aa739082f9f9	refs/pull/53/merge
ff7269175060438337c53a9022081380948c5df5	refs/pull/530/head
7b4e23afa988b745df454571e871274d38eed3e0	refs/pull/530/merge
1572444361982199fdab9c6f6b7e94383717b6c9	refs/pull/531/head
89b9b298f3c6dbdb0c975d1519bedb331b94f75a	refs/pull/532/head
d3f96ff2248609a91abb2b692f86f6001acc4bd2	refs/pull/532/merge
54f5d6729735430194e22080cd048929d31a6af6	refs/pull/533/head
05bd51e1fcec03c8d992944044f8c5a0075f5c6f	refs/pull/533/merge
961f6dca90e45616f7efe2fba3dec82c7d121e09	refs/pull/534/head
9f0ed21454beb8d2fe85b95f2ea42ad0531b5ba2	refs/pull/535/head
680f38d39fc61fc9182501f8bc0132a7782a2b97	refs/pull/535/merge
4bfe18fd678efbde297293c917cbd752b8caf67a	refs/pull/536/head
f8af5ffe249abba351388ff5f64cdf47111fc5d1	refs/pull/537/head
1363d215fddbb7868782a23599c2a63c04e5193e	refs/pull/537/merge
f5b40f3c1152b52031c1d9835a48a3859c0c5c26	refs/pull/538/head
f7a10ce805c0b712525c9295cfba49392b2662b9	refs/pull/539/head
a30f27d3ab86c326225f5ea47af3797969c68eb8	refs/pull/54/head
064fd89d200925c75cec9aedfc525a47b1aebe67	refs/pull/54/merge
47094709bb05d1256f56235ec677278520bd4f1e	refs/pull/540/head
16876e87fde2a1bcb970e1b8f8b382ffb0fd3cd5	refs/pull/541/head
bf090c66eba1ddd561a6ac8035d8460d519930cb	refs/pull/542/head
bf090c66eba1ddd561a6ac8035d8460d519930cb	refs/pull/543/head
f77757418a6645864d05335c526ac0f7fc3f6e96	refs/pull/544/head
a3bb0d3af74853c2cc6fae3d620d672e89746b85	refs/pull/545/head
7a25e61c2b189f418b32074c7d43b98cd6ebccaa	refs/pull/546/head
db0f08e09d007e527cf12b63fcb27e20f7deaed0	refs/pull/546/merge
8985b74d9ecfbfcc04273044de22fdf0e3a25ce9	refs/pull/547/head
d28add7717c72095174908907b5d9f84297b9618	refs/pull/548/head
cad1c51fe6e020d35c5b89ab5b2ef03cd6fa7e2e	refs/pull/549/head
189a283989a7bfb94d168da2d7c91f31079cfbcc	refs/pull/55/head
dd8ebcbc8f558672dcfc4b736f1efdf6ceafb0f1	refs/pull/55/merge
3fac083bbc087654ff8ea01f917e4fc0ae6ab7e6	refs/pull/550/head
946639b06d45441927e8024e9c883e7a9698abe1	refs/pull/551/head
7f7ff1d93944f06e045018d36db388f529c41596	refs/pull/552/head
d3589cab37c01187e89eb8079c8e189aca3a660d	refs/pull/553/head
abc22a4a14feced0ed42fea0ef24e9e1d271c2c7	refs/pull/554/head
cd29a129598d0c7664e5e59ec7c8572c601bedba	refs/pull/555/head
11fbc87b303f9d837b41f3a29ad27d9c8b545a8c	refs/pull/556/head
9e651af29614edbe1de5aae6103a0cc40135cda6	refs/pull/557/head
03b4b5dfc522bf43edbf0c7fcb51278e9d028b05	refs/pull/558/head
8cb29a811b6a2a750bc74d353bb0c819d9f7e315	refs/pull/559/head
307cbd9fe2a3601acf8174c3bc8516f3376bdfde	refs/pull/56/head
c21fe508e84dc055132a48da68b75d35efd1c1cc	refs/pull/56/merge
2610e011cad15aa025f78b5ea6a40d6acb1b1f31	refs/pull/560/head
51f4115953ca03964c383f7039669d55d9bba4e6	refs/pull/561/head
f3cabebf37bc99d397d4d073cfd186b612048583	refs/pull/562/head
4c090eaa37f4c4942520217a07e62c20d3e517c8	refs/pull/563/head
d35d7ac3eb34b95d2a6086000e6e5d829d9886d4	refs/pull/564/head
c7650aa9b5dd2bb5199f6d3706c2317be9f6442f	refs/pull/565/head
807eb6f6d1f87f827c0c13d104c698b96ab21275	refs/pull/566/head
28b82bf02098264306d40afaa58ce5daf8003538	refs/pull/566/merge
4159af1fb988859bd60491749ac663c75cc1e269	refs/pull/567/head
88d51ebfe9c8f04e5107807096a29efc4c126ef4	refs/pull/568/head
51009bf1cfb5b285d934828b2bbf05356275e94c	refs/pull/569/head
1ce20806c5cd1c50ec477b4ef0ad33cdf6eb5403	refs/pull/57/head
87eb7cb85133ed56debaadbf7d7cd525cee965b2	refs/pull/570/head
6e76373312c666ded387f58cc98bb44e6b75a190	refs/pull/571/head
0eaec20ab2cd48952cf889b2ecc377655a49730d	refs/pull/572/head
76db50dd17c8d47880374c3c37f6f82833d8f9dc	refs/pull/573/head
35c9c34c1851dd8c8389ed1abc95ee5ae30c32d3	refs/pull/574/head
aae7d39ea4e3aa9f99f1da428d363ebd0ace42da	refs/pull/575/head
8bcf3e93840c668326da228c295cc069224338ef	refs/pull/575/merge
bf5eb045795579dd5d996e787e246996688cf4bf	refs/pull/576/head
4c14991d0672617460638b1bb445686da09c4889	refs/pull/577/head
5b1a30d42dcb432cdd008b78b96b9f268f0b10da	refs/pull/578/head
5c3ee0b5ae1d0c6ae1669bb3a3f6236f9129e1ef	refs/pull/579/head
f5168e975b72ca0894f413041222e8c035086d2c	refs/pull/58/head
b6ea7c576c9343a234f7d25ec0f8e7463b32e7df	refs/pull/580/head
16a465bc018d09e9d7bbbdc5f40a7fb99c21f8ef	refs/pull/581/head
f440f70aca692ae4c95ac87a617547e0acc646f0	refs/pull/582/head
5eeeef3fe015513503b5ff58f5c799756e345422	refs/pull/583/head
8315333a44758baecf53e45c0b27bc94d12f1939	refs/pull/584/head
ec813614a941e2ba67fd04ec28f694be90c2ff87	refs/pull/585/head
92ded5e1197af9ce7d99794b38f17bc32b0cf8f3	refs/pull/586/head
f52ee75f5d95ccd81a430f55709ba6d2b1b24654	refs/pull/586/merge
b880926df10d7bab0188c50427e1fdc951f3a19d	refs/pull/587/head
1952c34728ff0378a74f7347dc3dc34fe5caf04c	refs/pull/588/head
76b92a2608fe245b224d1b41fa9a45af97000ac1	refs/pull/589/head
12865625487fd8a78dd84f7ae3aee91a562a1d0e	refs/pull/59/head
e864b6c891f14f1cd94c4e5fca4a7cd0bf081759	refs/pull/59/merge
f8f7ea0860ed36e42418968f58958246489deab9	refs/pull/590/head
327919e5ef6187f01a7e2942e339c14f901515c3	refs/pull/591/head
1702badee1e4931ac1ae7e320aef7f9b16ca4a6b	refs/pull/592/head
1702badee1e4931ac1ae7e320aef7f9b16ca4a6b	refs/pull/593/head
1702badee1e4931ac1ae7e320aef7f9b16ca4a6b	refs/pull/594/head
bf9236841e28d26a026d34a27daf2207ce2253e7	refs/pull/595/head
1bc649cb97ae3de8ce0372701d95d5c288853d16	refs/pull/596/head
d4606574fb03e6db49af8565a2ce83b7d654c5f9	refs/pull/597/head
874dd410cecbc2953f624ab6ab9fda10d1650870	refs/pull/598/head
f89db0834b58e84c98e1716f536f353192c5e672	refs/pull/599/head
54e18991e1977f2167c081ac34dae493fa2de6ca	refs/pull/6/head
a54aaf4844c19f7c18c2ad2f1e51e7a85e5ef8af	refs/pull/6/merge
a13b61fbf66964abf2ffbf985a37a374f7b84639	refs/pull/60/head
6df48ea0a83ad3f192e09e18daf606a85ccc14ce	refs/pull/60/merge
f1cce6ac91322c8e18bcd88e3babe13d3540f040	refs/pull/600/head
b2cd974299c00fe78f47683cbe9619f85503be61	refs/pull/601/head
2fe064a94ca8074cc0a25c5a3222bbff148b7bdb	refs/pull/602/head
5f20e1b530f95131a925d5ff6b1f9f852510a75b	refs/pull/602/merge
d8618e8a8f32c919ecac62f3cf5aa4394bb8ca61	refs/pull/603/head
fa5f31367b35b8e721aa52a64712ba9d65d8b27d	refs/pull/603/merge
8d54009a44c9e660bf29b3053b8d9bf1b78e2871	refs/pull/604/head
5e64a9e36e071e65994d8b812fc596f6ae57be90	refs/pull/605/head
f4fbbf30c2866bb423731899b666bc3184d8e162	refs/pull/606/head
d393f34702585c03655fc0a6dd6424aa4c7ccb62	refs/pull/607/head
63edd33e046a76cbb57c1268b1fc39cfc1a09993	refs/pull/607/merge
c890cace30bde5cdc4a68b0b1244c6db3efe2cf7	refs/pull/608/head
8510768657aa186aa8ae199ed390ca8c0486fa78	refs/pull/609/head
8a2ea7b72c459f537b2d8dcb5cecce968d528709	refs/pull/61/head
a532315d80b9ba8a61062c633ba79100a511a459	refs/pull/61/merge
7f657d0d9b442a7ef578c99d3c5c36a8a23015cc	refs/pull/610/head
ad1fdb86ae42378d10584deb58115adf11de8ef7	refs/pull/611/head
3ed388f0a8295c504da5d0a39887f246ec532aaa	refs/pull/612/head
ac102169ec6f47b8be1fe69b4798de385f102af8	refs/pull/613/head
5186e9a753144aa7d349ced4bafc24ea00af197e	refs/pull/614/head
2f9f26b561c243a4e07da5ac55396297a0100f14	refs/pull/615/head
8dca754b1e874719a732bc9ab7b0e14b21b1bc10	refs/pull/616/head
1879573d3394bcc0475add303670a0df5be3edf7	refs/pull/617/head
5b42a412a2710504296e50d73245538a568a407c	refs/pull/618/head
6238abaaba066e503beaf6dd6ad874bfa39cb835	refs/pull/619/head
53c200725b7a742933f8a66d72f7045558e43afa	refs/pull/62/head
07381a2a4a54c45288c655040dc7bed47bf19b87	refs/pull/62/merge
0f04fa2930d5cc7dfd2a5c5185573f7ecefa6055	refs/pull/620/head
b9200a053789d3bd6c170c46f35e16df5f661d94	refs/pull/621/head
9bf5a12479e7c5ff901dae6665ddbb4d949742a7	refs/pull/622/head
885e76a3235f8af57f3723502d881d960804402a	refs/pull/622/merge
6d5b26420848ec3bc7eae46a7ffa54f20276249d	refs/pull/623/head
a83509d9fc3c3cc70f3d651981061071967eb482	refs/pull/624/head
e448214e87b46dc649781b10727043bc390d9aab	refs/pull/625/head
48dcda206819b943115ee543449adbb19a629013	refs/pull/626/head
da14b8fa2cfbd03273d927abdd6f6c9c56867345	refs/pull/627/head
9995265a9619782b3f319605c050d8dacd964743	refs/pull/628/head
a5f67bb49f149620a8cb22ea4baa0f1ecd657e25	refs/pull/629/head
17692934bd8598253c6b2da492014e46293aa433	refs/pull/63/head
40f7c036b35bd398ef27a68ce2f8f22cfd7ed1ee	refs/pull/63/merge
a5f67bb49f149620a8cb22ea4baa0f1ecd657e25	refs/pull/630/head
8e6711ab67522d5c8917dc44d4257eb9ed9c2248	refs/pull/631/head
52f859b82d2877419f61e795d4b0c76babd15b6d	refs/pull/632/head
693a9cb5a0e2fb63106828718e0dd3987bc34549	refs/pull/633/head
7b32ad05deb208f96e8c59b660f44357fafd8e0a	refs/pull/634/head
f94d0f4d060386675d2cfbe2675ae5fcfd85b1f3	refs/pull/635/head
eab138aa6a093b466d6126c8293c9ad34e309a4c	refs/pull/636/head
a8c80519a9e235ff21e10923a06098bf17c900dc	refs/pull/637/head
08827ae3d321ab3da0aebf81e9a7bfff37e57b94	refs/pull/638/head
ce07a9c5e42c8a8927f206228a86f00924f5cc83	refs/pull/639/head
ca9c42abd9c72ab463088bb4282af37d435de869	refs/pull/64/head
d115626dbe964b9b02b2118508f06a678b6f1ad9	refs/pull/64/merge
8ede551b2dd1ba4026cfb5f617b4d19be91865e2	refs/pull/640/head
312d5fd40b548ee1c51218c84cdabbf8136f8cd3	refs/pull/641/head
c4317032e6339d557b6adc27df1255b652a990cf	refs/pull/642/head
738f43f04771490084fb5f6872da982c48a136e6	refs/pull/643/head
5adbd93c77b5f013fa902876fd0068ee1fe7fbcd	refs/pull/644/head
2e7dc47e782ff17e8e12a2319a6a7bcf9bb76cd7	refs/pull/645/head
87eb6cc17b8c3b6a0265fb8157069d4fce4896d3	refs/pull/646/head
0a863e6affc1eb419bb13dc0a6333abb2db52c58	refs/pull/647/head
8c2a0130552269b5e0b1d82a7819a600fed1671f	refs/pull/647/merge
ec4055face097775ecc8dc453172e1ea40fe48ce	refs/pull/648/head
1bdcc3b40503e16dbc32c2cc6182783da6a2e9e6	refs/pull/649/head
34596f7223522ffafb98d9b58504523ad0904fba	refs/pull/65/head
3a14ca3ed5c0956954faaa489f4188bd43ffa1d1	refs/pull/65/merge
931ad3e7bfcb2c42a53ad9af53079e13a30240da	refs/pull/650/head
1921cf931dc0c25ce31ff1b6e50b39e75a971312	refs/pull/651/head
1310a569d89442a996ec499d8051ff5bea28256a	refs/pull/652/head
c4317032e6339d557b6adc27df1255b652a990cf	refs/pull/653/head
76babb494d07c94ef248c1388ca4c4d38d8caac2	refs/pull/654/head
dc2fc5f2f01447a1e9c6a84498c7c9f8b005be6a	refs/pull/655/head
121452fa57cd0544c52c214a43366003fb920eb8	refs/pull/656/head
b216996c202c788cfd59b2e5903cd3201986db4d	refs/pull/657/head
57cdc6fe7c634732a2bda79a127174531be2b2b9	refs/pull/658/head
aad27d733d4a8925a91c06143d6e929e0ae504d5	refs/pull/659/head
e1e8a7d45934028b3e117d9b7c015b29603b006d	refs/pull/659/merge
4c441d79fc36099daaafdb739729477de7ade5af	refs/pull/66/head
12925d776092de33230ff2dc93ab965aee921261	refs/pull/66/merge
ab4be3b082ebeb12bfbb86182de5401c47c97373	refs/pull/660/head
d2e5647a713196d14943e1fc08ed964cefc68f07	refs/pull/661/head
adee96c55a5759588d03c03ee2ad9cfc05687899	refs/pull/662/head
d674c1e6d12b5008f0179f5c1b64f27a887952bb	refs/pull/663/head
7d19e810a38bda2cf04dbc7d59714d9fec9b5fdc	refs/pull/664/head
7d19e810a38bda2cf04dbc7d59714d9fec9b5fdc	refs/pull/665/head
4f0d7f0882b8fc4427f06128925a90504cf48dc3	refs/pull/666/head
ac8cb233ecea69d46ba5a0af0e63bc7c03963cbf	refs/pull/667/head
ad081ec0bb62ff798ad533887c0cd20600a5780e	refs/pull/668/head
61f33a4d2662408269ac4f39223d8dd7b7d532ce	refs/pull/669/head
b08b38ab518eee721c1ddb153d99809311a76af2	refs/pull/67/head
85adb04e3d9a7a79e9b24ea50be71ac55dff6f65	refs/pull/670/head
9f70567524e913ace7a60de39afc4dc3c4fd1284	refs/pull/671/head
a7f110970edae539b63099d344c4ee4b1579be40	refs/pull/672/head
de2b2c335a8f90f8ceb09a2092c4e37745b104c8	refs/pull/673/head
b35da19ae111e6c74dad4906f8202aefa386ce27	refs/pull/673/merge
37cf2b8acbf1caaa5d529630f7e8cc69b0660fd2	refs/pull/674/head
4c4b783fd52252200a607c83517e126988e67f19	refs/pull/675/head
e4768931d0e9bca4fd8fcb7f3048287f4fa6d0a5	refs/pull/676/head
64be602ead47ddc1a3be23d7b3ae30b3f73c5b4b	refs/pull/677/head
2d1f9a8485e744e23b1f02826877afe829a639cf	refs/pull/678/head
ad8339aebf28ec84c22ed59cef06614d204adb55	refs/pull/679/head
91865feb2935d0daae6f2cf38333188821a1908a	refs/pull/68/head
f28f9f0aaa6a84845506fe9b01a45587788b526d	refs/pull/68/merge
c64984e146e509a743c9adc7b61bf7b274103cf9	refs/pull/680/head
abc2c1c84c7b4b9ec2e17bed0c40632245c1d53f	refs/pull/681/head
d6da8315d37c6264dfd777f487b19ba200dd31fd	refs/pull/682/head
9a85b489d84c2a63de21fd16830d7f1b8628e6b8	refs/pull/683/head
547b3087ac2e8e05af86b4b9972cef8c20da1cdf	refs/pull/684/head
f110cdd4889d4bc504333fff224c18eb55417c66	refs/pull/684/merge
c653a9b8d3863b3484eff224bbfbde65c250eaf0	refs/pull/685/head
dd277273324eaba5e1f4a368bf2e4d046033c776	refs/pull/686/head
3dd4a9e9e098fa2ee647c6c616af4904bed6512e	refs/pull/687/head
b032358ca97df3bd5605ff356196f82a1f16a320	refs/pull/688/head
2e003cfc0a6512861c5826a79e54ebc2ebf3eafb	refs/pull/689/head
cb5680e1ccb178571e1eed81ee9dcde4d49949a5	refs/pull/69/head
ad5debcff2eef64abe2c72b88d9bc74fcecca116	refs/pull/69/merge
b2732e609785dbaa8f13e6c8d80f8e1eb0baae8f	refs/pull/690/head
a592f8f0599db821dbff76a08172069295aaa971	refs/pull/691/head
9d346f8b6bf8ba59e5dcb5460048934030634c1d	refs/pull/692/head
63dc269e25415b92548ab2f6f6aaae8350e8ccab	refs/pull/693/head
a59b9c9c6bcce0650d550eaa23aa0fb1842ec200	refs/pull/694/head
e502f370b048e2d48c18e59231d100264ed9b703	refs/pull/695/head
65171f2d996da9f7a4d7757e02cac15d8557f8de	refs/pull/695/merge
7f0be97333b9d69aea81b3335134708b887491ee	refs/pull/696/head
8257ef9f2ee98bb3ae06929ea40a0c0254b4eb50	refs/pull/697/head
bdf07d8f7aafda4d900b2e088dda716c692b2bf8	refs/pull/698/head
eacaf3572cc25dbe26e35c5972da85df455421c0	refs/pull/699/head
3d927aba957aa5c9ff7be76419d40588dcb36ab9	refs/pull/70/head
725adf0a9b89a5426579b73cc5a3a35999eac9a1	refs/pull/700/head
39ba4558981e999fe3144e36bb57a3b6af7fa572	refs/pull/701/head
a8732f64978ed5debd60a3f49c85421b2e769492	refs/pull/702/head
86fac32579c2691c89dae177c97e1a81a184a7b4	refs/pull/703/head
f0ed5910f208760a4779ccbd5b3d68dadde0b55f	refs/pull/704/head
e0f1b5c0502ee202db9d3bb088e7b95dcff44e39	refs/pull/705/head
12a7b5aae07296fa27b6bb32fec4924d0ca9f810	refs/pull/706/head
be59f1826a3aea2ae453e1970d9e1f8025a858f6	refs/pull/707/head
c9e573971cefbebb8197d5d68d0216ad12d1ea90	refs/pull/708/head
b9d7c6f92ec4e910b0756cadbe4145d3ea924aec	refs/pull/709/head
3b9555f4525542f8b088f6493381f1299d586c0c	refs/pull/71/head
5055e7eca24c38130a1d88599d16f8059c036730	refs/pull/71/merge
f6eeb18d3aa331148378912ae8d2707e0b90ea1e	refs/pull/710/head
99d2e466844a9bcf205a1f1c3631ceef845d0593	refs/pull/711/head
ba297fd67bb98bd06408241030cf42f410d5d366	refs/pull/712/head
2cc27f27446b4480a638f46d15ffaee90d69be51	refs/pull/713/head
6d2f8e7e70e19df7e1693b13e64121eabee038f2	refs/pull/714/head
5f8d41d7d2fde5763deeda8355f61fff6d26deff	refs/pull/715/head
911de63afa274b0791e4d4252934a5e9b0031f10	refs/pull/716/head
a6e4e9cc6addeb6c3f0e086d849600f22fe8bddb	refs/pull/717/head
faaafcd3f446874b4f6bf7bf5b4e2ee7101b2a82	refs/pull/718/head
6e2157da4b17c0bdda5fd276c16cf5c5c1fe8937	refs/pull/719/head
8dc50eefb14d8afe884895f65b850836b714babd	refs/pull/719/merge
237de9871d90e81eecd57b2aafe4c37b3e1286e3	refs/pull/72/head
3e5b8ace7b8965ae8ef4f93f20fb7b268acf90df	refs/pull/720/head
3fe22a40410e9812cf13a82d6560baa1f53e4f77	refs/pull/721/head
6d51cff41d9ee312a0d9ae3308546284ead1d4c6	refs/pull/722/head
0c20665132ee039a488dd8d4405e789c15967895	refs/pull/723/head
31cbfc09b745253c451831b75e38997e74be37d2	refs/pull/724/head
6f603695093a828d46b979b276b2e3288f1563e5	refs/pull/725/head
93dbdd78acf5f703126695aff0e27024a6b725c0	refs/pull/726/head
fcf1522e3d88d12245ed5fd21a754a1662cd3f52	refs/pull/726/merge
dc63eb59a7adb3e53f7b1b7d15365c1b315255d0	refs/pull/727/head
064f4e541b8968d05bbd471ec347b9ed91181d72	refs/pull/728/head
bf78ac13f969c59f51388b19f2c63d2ac3b3d936	refs/pull/729/head
b993569153f3b74b957b0356bf4f11564a06290a	refs/pull/73/head
4d43fe183c723fbe564df7b7b32fb518e759846a	refs/pull/73/merge
e86f23cd314264b5a52d0977b44ae4e974164ad1	refs/pull/730/head
646db44d56344e249a2e739c1aa60c06ce489fc8	refs/pull/731/head
a929ec683c162acbf56b6cb9bd00df77ac38b179	refs/pull/732/head
f7ea0ad06649bb8860dfc8fb3fb9250b82ad8e56	refs/pull/733/head
6b4b319ff844fe55ccfebbffeab4b27c019fdd08	refs/pull/733/merge
18eeb5a2650ef4d662f5c9bb888cac8694753ba5	refs/pull/734/head
18eeb5a2650ef4d662f5c9bb888cac8694753ba5	refs/pull/735/head
ba3d81e82d02a03acf77da4c951b3a44ed396072	refs/pull/736/head
9d636f91cafa5e0a842051aedf083f96d285d0e2	refs/pull/736/merge
a25545dcf2f1f739fbe255356b21ab8ed3458322	refs/pull/737/head
3c6e5f4a70c80fb7942b8ee9109d57dea14e1723	refs/pull/738/head
931c2b27a09a11927fa19625e59a496e87ee3f0d	refs/pull/739/head
d9bb0251b775b4182739ca15d845b0e5ef8c6fcd	refs/pull/74/head
b355f360147eb62d9aa81b5ce8100209d924eda9	refs/pull/74/merge
bf84079b8ae8b97143b9808814d5d34dbc90fe89	refs/pull/740/head
2a57832105069363ffc4643e4d4bdd1ef8703da8	refs/pull/741/head
fe880cb01fc780acc4327ac5b1491619eb2ffe32	refs/pull/741/merge
c0e9c47b145172598b1605cd55e0528148e71382	refs/pull/742/head
1610b296064a8757dc159435fa49b1c59b6f05d7	refs/pull/743/head
11f099f8892ee7492555cefb96249282dfc95270	refs/pull/744/head
681c5dcb7904c14bbbd0bec8735fd531c7c515b5	refs/pull/745/head
e7dcbbff5bb7d3a85a9fe514efa63d2c13b838e1	refs/pull/745/merge
a12cc2d2c3a69258bb0e36503cbf5318ef29fef0	refs/pull/746/head
7a5d41f2d1ec1d13a068477e939b040a131563c5	refs/pull/747/head
034a1fb2909dd66d50c6cd474514c34896ff14bc	refs/pull/747/merge
3e6ad04ad64701d356964c3d70a6ff728d1de3fe	refs/pull/748/head
22fb6ff70803c44a819eafe3735539442d418b0b	refs/pull/749/head
47c2aa5625b9459d6b556491341389d0052f8ed9	refs/pull/75/head
146f3717ff74d880e4d289325b90e9d2dc51b70a	refs/pull/75/merge
4afa60746a25a7651647161fc0a8905b03da2543	refs/pull/750/head
0091f33360b909d68fc3014e86ac0e049b7abc89	refs/pull/750/merge
46365925d22d31feae7618614dd7872a19bebeef	refs/pull/751/head
458fb92a92f2bdafdc24f5504accacaad9365c43	refs/pull/752/head
e61ebc97e1a60d62736506fbec131f1a3512d33b	refs/pull/753/head
90eb9a8de42abbf5bddd8778743cb5a1398f44a6	refs/pull/754/head
063d2aaa4016bd6d98d2ce6695e24865e93b0ed3	refs/pull/755/head
c9b1d5c46cceb7bebff4d46a5bda982d64b98d4f	refs/pull/756/head
20d3a50f5a4bf91223c1b849d91e790683d70d66	refs/pull/757/head
cf5a98ac239da6bef457938b307feb1c1babc948	refs/pull/758/head
8f06fb8722cbed18f5b5da441b281a219738d64e	refs/pull/76/head
ec8a83e7b8cd1a04af6d30ea5092f618972f7fc4	refs/pull/76/merge
72fddcff55425cffb598790fce3d5e7c47325234	refs/pull/760/head
b680c9b7a118c675fa2e621707ccc5f9f5719e80	refs/pull/761/head
84d4b19144a78856feeea919ef60853869da7c32	refs/pull/761/merge
13cab8c7b892ad18fde8c279a84fd4aec0efdaf3	refs/pull/762/head
55a21d0f594ca086416bebbece8d833f51546490	refs/pull/763/head
ce9932e4748ecaa9cfaf9435229e68ed35686c9d	refs/pull/763/merge
f8c07b1a78565d1ad318188b414cae5088451a10	refs/pull/764/head
b3eaa38f82c81555fb1cfebcfc9d9bb2b4f43a4a	refs/pull/765/head
373ae2827f02558931ac6d26dd1f6345b70ce909	refs/pull/766/head
64068558e09ecb35a5601224d1d3573471777969	refs/pull/766/merge
7d0749a32084e85a1c861010e7b39d5abc211f4b	refs/pull/767/head
5f78c9a547f5cf6cebae935ea11c253faae8a240	refs/pull/767/merge
d3fe5608708fc5333b7e673dbb2cf8c0bbf5692a	refs/pull/768/head
c524897e1b7cb2662f589b6a1403cac9249f5e5d	refs/pull/769/head
a46e901f6da457228305ee38a33c96bfb11c13d7	refs/pull/769/merge
6a7071958620dadcce84e4faaa470407ae3d4108	refs/pull/77/head
2819e1a5ad773ed50c07707899d8a43bf06b912a	refs/pull/770/head
307124b00d47a1b079e23d0fca4e5319c0f0a450	refs/pull/771/head
2226d1ac7a20e2e3604a1ed3715a1074d2e6f288	refs/pull/772/head
17c9a6dc4ae4c1fa37e81ec692158def8350b464	refs/pull/773/head
9681e408b354c5e356d01e0ce65a980623dc56a9	refs/pull/773/merge
e0bde7ba9d3c583b67483762779cc674e5c1be61	refs/pull/774/head
a554a65503e498ccecc43b379ed5363d6ccf0072	refs/pull/775/head
57815a3b7aaab2456b2800067db09e69af25838c	refs/pull/776/head
714635b3f3f51b2cd4a9d54b283bb6b167c9fe72	refs/pull/777/head
0b096d2ba913a6604be690eb890c6d84afcba852	refs/pull/778/head
df9489688ef3eb70e5b35f239c4cf618ede6fa57	refs/pull/779/head
b5ef125e8f7d0ce341a3b59d070a6c61b53d369c	refs/pull/779/merge
cb42ba907f1bf39526670f17eaf4ca4334b51664	refs/pull/78/head
8bea3dec8902800bad6f3e3ee5b7666452eabaa2	refs/pull/780/head
db570894eb9927481216650b23f55d69b122db43	refs/pull/780/merge
1b931e610ddfc02dc2e88234b106e3d3ff841b01	refs/pull/781/head
e64c2bf5b4cf69f4b206042da940b92eab8ec5a5	refs/pull/783/head
42eb77d92931e1957acdf9453d1a69c8ce3b82c5	refs/pull/784/head
9b8f7b8c5a6098653a0b616a36feb0dc2216a994	refs/pull/785/head
66ac7ecc07d5e1309bbddc9c2af7b9fd27a91673	refs/pull/786/head
c3cd149071aea63b4d76eb0baa92e2cf4c3dfc5b	refs/pull/787/head
56b6a3b46acec64c686a76232bdcce17f4903b64	refs/pull/787/merge
0ee415988cd98878b6dff5f0433ab555e083a345	refs/pull/788/head
f0b8df52709525d703c2cedbb77c6b22f4a9d03b	refs/pull/789/head
84b13755b515fd2fc57670d4ee2d52f67cbd39be	refs/pull/79/head
74ae9d0e0432dc4973e7899658227f44bb61eda5	refs/pull/79/merge
761758fd3eb74a651f93165ecb1e7c0da1bdf50e	refs/pull/790/head
b730ddd693cf1258cdce78217b445ede16c7de88	refs/pull/790/merge
771c251bbde52975d5e63df6dad7df4bb162c416	refs/pull/791/head
b1b7de169f7c5f1756b8a9335313bb8a23f96028	refs/pull/791/merge
c868941679b660e329a6282f6070dc942b9fa7f5	refs/pull/792/head
3932f9143f3cfe6066ae3f6b93e4ec91e1329127	refs/pull/793/head
9244a4aff97816e2ea742d6c496fea29f6d77d92	refs/pull/793/merge
c33df843bd3519f9d57fcd0cff8e9b33a43879c2	refs/pull/794/head
48326d16dbd7c395bfef04b707d0925b9f0e9857	refs/pull/795/head
f0d84134ac6865b5ea5838422e49344597ecf06a	refs/pull/796/head
da6e853e04b59cda8f0d012a6d0aa4abbb39dbd3	refs/pull/796/merge
933a7353847538c4e84e343b8138058ec8683420	refs/pull/797/head
ffdda7c0f14c72fc5f6a6b9332e2c69170c70d06	refs/pull/798/head
cc106fffcc5cc8697022fb10042ce66eb9a88e21	refs/pull/798/merge
907ab1011dce9112700498e034b974ba60f8b407	refs/pull/799/head
379a0a8ff7f77dff3c074156de9bfeda8fdca133	refs/pull/8/head
e00de0b578112f715d2ad2d753be1772e1f745b5	refs/pull/8/merge
922e7a02805cfb47086d243c02ca37af31390464	refs/pull/80/head
bdad11a38ddce863bb7873a5f4dfe9a21832d588	refs/pull/80/merge
4efa2ed71cccdbf09878fe9202d94beed60c3088	refs/pull/800/head
8be6550d11bb687d917c472b439a926db3f5ffe1	refs/pull/801/head
0dee8e923142583de13f051e2821f128895b1552	refs/pull/802/head
a3f7b926a926aaff563ca93127a6436e43ab5de9	refs/pull/803/head
d7bc9aca44bdff18ec2cee4f45d34c0965dc2002	refs/pull/804/head
3f00a9757b8b9bd898ef925504cc41615bbbff4d	refs/pull/805/head
277b3445960400929284c76e6fbcea828d03595e	refs/pull/805/merge
b4cb448e8d76ae16f6fa38a773244bb4a8499938	refs/pull/806/head
652f3dffce13f9e3448fef06f3236ff9b6e61d8a	refs/pull/807/head
d99202f8e1443f517b16811b7d2ba2593898e9d0	refs/pull/808/head
d8cca91327e8b08c23b893d989caf3c5c8a3e697	refs/pull/809/head
8100f04c8db1beb43b73ddb339514edb0905046c	refs/pull/81/head
68886d8f929873b6fc7d8f8667d84d99baf9f0df	refs/pull/81/merge
dfb2d397c6193e428a9dd259b572a0b174bdc2a7	refs/pull/810/head
eff2d25d853dc9604c65763ad89e63fe07ca068b	refs/pull/810/merge
13f261cc5aa5d773b0fbedcc6d270b5c262cf324	refs/pull/812/head
a168afcff5dd48f18144608a875df67b71dd8ad7	refs/pull/812/merge
5077bedccbd8c92223362f3e0ea3603f7e84b272	refs/pull/813/head
4b37449507d3d1e9407b370367cea5d1cacb79f0	refs/pull/814/head
9703cf74210840e6c5674ae54e210addafd2c418	refs/pull/815/head
c9a4265e536c3973c69154783fcffb25f5ec3639	refs/pull/816/head
bdc498d52e52d95ec979d894fd0cd74b43062f4b	refs/pull/818/head
6193ace43aae05e455b1838c1961a7ef07300cb4	refs/pull/819/head
83433dcff21ff7ebfde6cb6d395e41ddae2225a5	refs/pull/82/head
d9ba88c62336fa62b1254d93df66073e8fbabd06	refs/pull/82/merge
25517c96553c05979b0697eb8d627f9420c48022	refs/pull/821/head
7b9103cbadfc111755d2db61239fcac4f4d14a33	refs/pull/822/head
d398122a6a6aea4b12d96c639fb4c9850f4c9f77	refs/pull/823/head
cd9e69a910eebfaa8fd7866326d60a5c9733f1c8	refs/pull/824/head
5a81cd5007523309401acec978a23a90f19b4a81	refs/pull/824/merge
36e08a75a3b9fdb0d5ca643f214fe4524578716f	refs/pull/825/head
e1f2e309fc9ef87d705b138e85da34fc5e3399bf	refs/pull/825/merge
38faa98b53cf216147e6a11ee417772a5cfd4db1	refs/pull/826/head
0c8dcbf01cc7bb78f62291b645d56d344b24e5fd	refs/pull/827/head
762eb962cc7ff8f865304b7132e081969912f87a	refs/pull/828/head
11a286b071ca8a6b96f4fba6658e9bafb9314be4	refs/pull/829/head
3092ea4eabe88e273e6ca337afcb77c00edbc4f9	refs/pull/83/head
4e05a9d5444c04c93d32d2541c88153d97e3add7	refs/pull/83/merge
09976779c3b4dc47e44bb70034119548b9f51391	refs/pull/830/head
dcd72eef4844535839e03d7d6fa0bf18a2b3add9	refs/pull/831/head
dbe25d111b3ff98bc320f9f20c1fbcbf1fa01680	refs/pull/832/head
fa7734c60326c719364381fd70616f4e6959ccab	refs/pull/833/head
282e524547a4998c131a8162b72a33f6129e637b	refs/pull/834/head
12d08afe9ce6e93b5e68d81fd27a73150d8622b2	refs/pull/834/merge
9b494c26c18e5a5b4f2561e30546d3bf3e82ef11	refs/pull/835/head
901d4b9fe83917f6879df10e85c946904b746461	refs/pull/836/head
865d0ae10f32ce49be8f1c578a0062d15f2969d1	refs/pull/836/merge
5f333724cfe785ca89d002d6c26a5f4666ecadb2	refs/pull/837/head
1d66d043845f1f28a38dff234fe1157377aaea5e	refs/pull/838/head
edefccc26198c2b670ffc427b4c81df6282fac79	refs/pull/839/head
f7a2e611262fd977ac99e066872d3d0743b7df3c	refs/pull/84/head
79cb3946755b601daf3821bcd3fe800755312984	refs/pull/84/merge
bf3e2864f3b977eacf9d5bce29ce128e5a226013	refs/pull/840/head
45a51e18c1d36994d7a72f889c013b05e5e71e31	refs/pull/841/head
9c1bf4217a7e892a2da79d6169e91d5e1f026842	refs/pull/842/head
21458ae1280f27f1eb9666b3676c82116c009d91	refs/pull/842/merge
b1e93f255dac0de86ef85c4ed0f889d302116104	refs/pull/843/head
b4f928ad7ddaab93cde5ad0260d9c76cc92012f7	refs/pull/844/head
8287efa764dd354203849bc791c21b00420e2990	refs/pull/844/merge
0542903414365a0cbc2ab2ca8441640332a57cca	refs/pull/845/head
bf3e2864f3b977eacf9d5bce29ce128e5a226013	refs/pull/846/head
ee6def58bdb8427cec18ce0e9fa9b6b5d30aa2e1	refs/pull/847/head
0f088258529c3ef7164066a2152a0fd69d4f4fd7	refs/pull/848/head
f47a50c610e0bdc73f1360efae82d988976cbdeb	refs/pull/849/head
03aaa8a517aeb7ccf982b55f008b02eb995b426c	refs/pull/85/head
47d28a1db71570f3d80e1bb37b2ac34ee232e537	refs/pull/85/merge
9e46c5e9d88abf389fddc5643162c7de51750a11	refs/pull/850/head
7f3e6a867b54378d7650c688eae8e4bdc076a75f	refs/pull/850/merge
25bdc58af2314635957a376c90f9acbbb4d8799f	refs/pull/851/head
45064174132d45d1972e8ae6a7c3fc65793be0f1	refs/pull/851/merge
1abedcd628ffa60231ac72a1431bf1091d39733b	refs/pull/852/head
9829a211a8d7860bfcbd954f2ba2e8cd20ad40c3	refs/pull/852/merge
55576715174e380b725aa5e79596d0cdcc8b2898	refs/pull/853/head
923ea4c9a5b4f1debd272a45e335d7363dcf204e	refs/pull/853/merge
3735ca15e478de6bab33017849ec091b49b369de	refs/pull/854/head
cf4015effc1440282dd6c2ad2abc9f35d58bef83	refs/pull/854/merge
6c452b691e33ddce14596d7e52cab07f2135e957	refs/pull/855/head
a6b2f0ef449776715e7dbf2e9180134f77f16cc2	refs/pull/855/merge
d74590eb6c1fd0e665d144551679dbf9b092be9a	refs/pull/856/head
74d8582462be44ce14c71e59ada81fb07b8a0a77	refs/pull/856/merge
3b13e1ed0cd611c8632be0b8e422754885dcce23	refs/pull/857/head
f08f587e3552a22bbf661304e0c80046938af410	refs/pull/857/merge
6a43d9d56749a02d5552d58dfaf2ea969968ba40	refs/pull/858/head
a282ef59fc18844c682d68ae306382822fff18f3	refs/pull/859/head
d8ac5c3c23a7af4b7bef6e696399ccf1420cee83	refs/pull/859/merge
76b3c1e446c8b6b0f5c7ea30f3b57cafd29d6bbe	refs/pull/86/head
7a485ca295b6def5252400a6b857ad88e482a15b	refs/pull/86/merge
0e2c76e48bf2844a48d14c07c6369518d00603f9	refs/pull/860/head
0c05b3ce774132a743e2f20fe8c5a35884fd270f	refs/pull/861/head
ae09ff2e70c80414fe778f8599fae093f658a275	refs/pull/862/head
69ee2979394bd2f916fd33377e27d10b90f642fb	refs/pull/862/merge
93e9c7e22229dfb68a72885fb671b2c86914e189	refs/pull/863/head
43acd70abaab4f6a868fdcd34895d5bd143a54d8	refs/pull/864/head
0d8e6e06d4f407751b7bbd5cc57cc0546c2ed401	refs/pull/865/head
a76703d4ac67cb86b6bef60761ff13a1f2595002	refs/pull/866/head
7958f21a92b8e9048df842680eeb3465526940e2	refs/pull/867/head
19aefa42b783e1868e559a2df7d0505d3a5cbd23	refs/pull/867/merge
aff92827b54f4b7f9e339982a49bab4bdbd1fc55	refs/pull/868/head
6462b3eaf6ece684f97de2e36699213244328942	refs/pull/869/head
76e3ce024d8afc24bde2fa4f42d09183e3446cc3	refs/pull/869/merge
6147201afe3930a6b94716b42608b1619072c74f	refs/pull/87/head
e1d7bff50bf1e5861a30b26ac8568808babad106	refs/pull/87/merge
1ffcb784cd4e74bae17b622e1ffb3c3c6d225b1e	refs/pull/870/head
cdffd78dfa84064b97acae93567b96c0fe01b87c	refs/pull/870/merge
a327e41c274cbef2cee3c8ceaf872253b1c2e8e9	refs/pull/871/head
d396aec746c6bfe818934fb9cf0c5944318f2be8	refs/pull/871/merge
9e0f651a2ffaaa91ec7d19594c7e21236bb037a2	refs/pull/872/head
87172724f9962489fa30a832cc1ef90498e1eeb4	refs/pull/872/merge
2ced6925bb669cfaeeef9463bde5b97646b8e2d2	refs/pull/873/head
f7a4e22abf4039b8d24be4b81a77bd3032f59bc9	refs/pull/874/head
e59a6dd839ce665b08301cade6249ef3e63f6d79	refs/pull/874/merge
484110d3543a58ec7a693ffa2e780b6bc7d15421	refs/pull/875/head
243384e60bcfe9a6811b24c2831e8980ef7e9437	refs/pull/875/merge
9f8f0424c0917364c174505eb9d61d04372a11c5	refs/pull/876/head
fccb57759c1c3879737d6c4c5b6bc47c8ba28574	refs/pull/876/merge
10a43c3970af765757fdc8e52dd23defdcd870b3	refs/pull/877/head
47af4c803852a408678527632718d54480941709	refs/pull/877/merge
0af783548744dc5e2a0e92040f166f80ea0500bf	refs/pull/878/head
531942d353758305e29879654b93f4ba3dcbcc63	refs/pull/879/head
8200615bad298eaad636e5b3a11fd7b39c4b58eb	refs/pull/88/head
e58d731c3bff2cad958676d51713616714a616dd	refs/pull/88/merge
2ec1879724677ce32c2b88551f7bfbd0af1e58fb	refs/pull/880/head
29cc7e83c41ce1328626860475e253447a8a7845	refs/pull/881/head
27aad6902c67f91b23c128ca92a61431481215a6	refs/pull/882/head
ff697c241a252a01f6dd340bc81652ee33daa4b0	refs/pull/883/head
ced4cd3bbd8149bff8f8919fc635afd809be749a	refs/pull/884/head
d5f508b055abe83fce57d38a502840575a5756c8	refs/pull/885/head
98f2c7b7adf1d01e95ebd31b083b6966838cffb6	refs/pull/886/head
166acada5e2f2a4ef3ef4d4b7e11bf8b25de78e1	refs/pull/887/head
0fe6e399e0ca349e4d2d4164756d2e5f96257c87	refs/pull/887/merge
e0df3eb612574d79247d4f6541aeb080c0fdef5c	refs/pull/888/head
653a2dd9c05b57fa4f0df9fc9169949bcdcd69d5	refs/pull/889/head
84338147b1ba3b4f81b508c85862f863b584da1c	refs/pull/89/head
8d407c4b58b1ad7293eb82faaa05a69b124614ae	refs/pull/89/merge
bb88f7025916a5355c3a72827216f213e2d1f150	refs/pull/890/head
c3c5af7f8bcf08768ba8636fd9929e921017b8ec	refs/pull/890/merge
7d7e794ab7286db0aea88c6e1eab881fc5d188f7	refs/pull/891/head
b034abff337541eb1e0b6e229b71bd1815ab7907	refs/pull/892/head
e731febf9200dd2120ccf30b8603bc404461e47e	refs/pull/893/head
28c47c9f76dcbc2e2db9dfa0715ca54434220592	refs/pull/894/head
61217a83bd7ff0ce9016eb4df9ded4fdf29a506c	refs/pull/895/head
a5accaa126e891007a83e7839571358135037dc8	refs/pull/896/head
e34648ccaa5218da7fc4a8e2c43f3d1eb5e0e6eb	refs/pull/896/merge
c999e8f1da2e38a2554732efcc2ee66c72326c3d	refs/pull/897/head
287c65d30659741f3954407e9219e633758bd5f1	refs/pull/897/merge
ff87f94c924f8cbca6445c39ec9782cf953cca85	refs/pull/898/head
dfb59be789777f0589b559b72722624f30e952a2	refs/pull/899/head
52ca64ea99b01eeaebbd78b51aba0d29c0c32333	refs/pull/9/head
03fe34847d5ab765271ccdb8a0802343de6e67a1	refs/pull/9/merge
1820395ddfd6f4f8d27a155ea3ea9b77f047fd13	refs/pull/90/head
2429c2201b05e38b57276353d89cc2d96bb0f04e	refs/pull/90/merge
9ce698981839211f4f2e4748ca79be23afa05a40	refs/pull/900/head
38b583c889c040d5163dc316ecaf6590ed0814bf	refs/pull/901/head
33153f1bdf41c1b9118e16a8fbf1231084b2576b	refs/pull/902/head
5269cc2216c1ec1eb76152becb329bdcaf74b663	refs/pull/902/merge
ef6437ad86bb57c0e3b700bdb1bfac2cc83a1b24	refs/pull/903/head
feba2aa026e4148c874bd4744f38231f46386f87	refs/pull/904/head
8d2a676451deca041bb007147d8d0982cf8a1705	refs/pull/905/head
02b50572ff9520a8c3aee593ca7e82177429c745	refs/pull/906/head
be016bee3c5039053fc127bb64e0719e0a3ad82f	refs/pull/906/merge
e00e5db3d8b943bd517a9a71b89cf17205cc706e	refs/pull/907/head
173b4d9b1117311ae32bf6dda9f52e386b461a20	refs/pull/908/head
1d43b14429bd2e9a311a6000ea9ba85803a00e8e	refs/pull/909/head
8d7091f8373ee42431faaca7f89884fc53d14158	refs/pull/91/head
9533b64b49275d238fbc3996b6f4cab796b5c65f	refs/pull/91/merge
754f290bebb0cfed2725b71b4de19b01479d25ff	refs/pull/910/head
5707536d755531a7a22854deac58183c72103e4a	refs/pull/911/head
cebf9404aa85c81cb7ea6aa02b9011230248d527	refs/pull/912/head
e63170c73200d6e7475855eef2ed9a335a204d92	refs/pull/912/merge
787e4de18027365251eca6be33d2796e770359b8	refs/pull/913/head
ddc70430dde092f3ff1b5f1e3409e46e5f9b0e4e	refs/pull/913/merge
82c84b502aa43ca20f94580163bd301f98c466c4	refs/pull/914/head
5d0396f57d8d99938ab86693cdc3df6fa21816c7	refs/pull/914/merge
2923f0b2d5653b6a1ddded741102fb70c876fff3	refs/pull/915/head
460d51f5d53f3924018c4939ef5dfb066d57d47f	refs/pull/915/merge
99c8c6a3240732c12a2c6a01e34237eba275813c	refs/pull/916/head
2fc972f1fb9ef7eac0963a31f592f4bf40bab9b1	refs/pull/917/head
faefdd61ec7c7f6f3c8c9907891465ac9a2a1475	refs/pull/918/head
ccfedc7140dbf63ba26a15f93bd3885180b26517	refs/pull/919/head
01f8f37af36f8da76f81e5bc09c864e485e44dc1	refs/pull/92/head
467a529945a060b79b04850611b66cc6543475f7	refs/pull/92/merge
a8885f393cc4d957b813ffb6697c165fba79bdf7	refs/pull/920/head
c34e6d49702a1d351391029ea60293516ca213be	refs/pull/920/merge
ce26446b1a2e7bf14cdf814ca56c37b2e7d6b578	refs/pull/921/head
030998a732ac54f41473b07c7376ca46b817bf4e	refs/pull/922/head
55451a79eecf984d7adf54a324378227ea95e9d6	refs/pull/923/head
9c9e602d1c45dbd262aa9e098f6e4df8bee0b7f3	refs/pull/924/head
7a68e9e0b8eda91eb576bbbc5ed66298f3ab761c	refs/pull/925/head
cd882788f9af83ab29fa94672b081a475821fc24	refs/pull/926/head
1e786682b4eb4b040e8c39fe324830bc726dadac	refs/pull/927/head
55e43a93c5c1c8388a8e900ebeb227a983b4c9cb	refs/pull/928/head
d4cba84a8162bb9056a7c1c63e90937532a20c88	refs/pull/928/merge
723b0e55e75d264f83407c3fb50f3ccc16d35062	refs/pull/929/head
37c6d6a9bfea6232cfcc158313f46643020d01b5	refs/pull/93/head
f5bec095aec19344b2ca35dc7ea05116e438ce20	refs/pull/93/merge
8511a2d4f108aa3458d0c285553abb1de047f9d2	refs/pull/930/head
2a9236e731cc1915c9b2478f31fc925c271fb7a4	refs/pull/931/head
28f13f1a4f9160ea760667619c73cd5f2476b1e4	refs/pull/931/merge
fe7c4ca795ed0f749ee342b4487e22311e0b220c	refs/pull/932/head
a7e74db64528cb86188f38bd7f7b58b09359d72f	refs/pull/932/merge
f46dd517aed10d26f2ce974f639ca3f2b4591b14	refs/pull/933/head
494173a5865ca6588379e498203c65ae1014f4d1	refs/pull/934/head
d06b0379d933a62a0319b834a6f3963c8ab9719d	refs/pull/935/head
7fab6f9caea1724ba03e37ec2e772a9040378153	refs/pull/936/head
b99ed7e8f74e5d3a59a7ecd7919c2e5ef66d0dea	refs/pull/936/merge
494173a5865ca6588379e498203c65ae1014f4d1	refs/pull/937/head
39fe104f4aa9bc6605f3df19e12d4e1f639dc18e	refs/pull/938/head
9899661be867db12c728833245c3f8f2c7b6d9cb	refs/pull/939/head
6e14b31cca77c4254a706eb7dea41a10f39feee7	refs/pull/94/head
c89df4ab064c9303ce2d634eb61b9687b62bf6dd	refs/pull/94/merge
55451a79eecf984d7adf54a324378227ea95e9d6	refs/pull/940/head
38b10890f88bd5ff2f6c92585be46c961093a5ba	refs/pull/941/head
5c60b3716361f4fa440357d6bdabac1ce798a892	refs/pull/941/merge
4fca37ea04370a2bfdd68929bb25c8c5d3d456f0	refs/pull/942/head
9d81ce6033fd391f97474d801d93a6d6a91a7251	refs/pull/943/head
1db62e44b7ec93b6654271ef34065b31496cd02e	refs/pull/944/head
6a9e635086a4a919055b13e4f62e0441ec5bc238	refs/pull/944/merge
68dbbe5629f090e150548ccaad18dd2665ee93da	refs/pull/945/head
14ba22e23bd9050357329ef504f1224aaf3bbfed	refs/pull/946/head
2fc64af8733b42360ac43636b13ac5db4d623bf0	refs/pull/947/head
2c9019abd6b56e3f2d2046bc78e3f92d17a22e88	refs/pull/948/head
8b5a9b8ec6557c83deb8df2ec7129155d92f1248	refs/pull/948/merge
a894d5464c0f176ef6818c6f059889cd0e5cf29e	refs/pull/949/head
cb5226c158bd6a35e15044537be395c67b904588	refs/pull/95/head
32652d07528600d114d4a778a8f17d99c9372efe	refs/pull/95/merge
45739d23d3f91d3d3f2ee48c4cf14f8841c233b7	refs/pull/950/head
e3854f2cc106e02ab52931576cffc33e3ed0bdee	refs/pull/951/head
001bb27988088c43c8cadccda1426603d0863af9	refs/pull/952/head
686478a2d41a1fd423f9e13b466c0ced66c7fcbf	refs/pull/953/head
d5dc323f3d639deb90f8ab0f0770bbad9a7b68f0	refs/pull/954/head
58ee9db60d5428e035228e78cf9eaf3f7d8c7cce	refs/pull/955/head
fe4cac7d0e798265a37ed32bb10530181d2584c7	refs/pull/956/head
feb3b8aa8a761c4384ad57395acc4edd6fb76992	refs/pull/957/head
1ef6bac1a269e05b8c065931ab433a05961ba25f	refs/pull/958/head
403798e4d85681ac03a1dbdfc1404ccbf88355c1	refs/pull/958/merge
7436b090bf027199596ba7ab406240c35b34d46d	refs/pull/959/head
010417581de60b9b9c75e4080da3fccec3a70ae7	refs/pull/96/merge
b790c0ea7e0aa1f2db835b58f722a8eb2e7ca653	refs/pull/960/head
3793d16b40105ec1d5b640aee147ced4cee7a728	refs/pull/961/head
2ab0c1c69bfabd4f49719e39c3a05224e8d3fb28	refs/pull/962/head
bd82ca2687a5bd6bc02153b4582bd22239ea4b4a	refs/pull/963/head
3df40b5abbe5b8b919ad7e8a5ae388eb7c035125	refs/pull/964/head
f1d6bd07d9ecdd2bd14f0937c40580e2a6998250	refs/pull/965/head
800f6332a5f3a2482c049e7e16d252acd92c344e	refs/pull/966/head
d3ba3adc71b01845f6b2903e1b67932fa0806179	refs/pull/966/merge
6be2dbb1fb2edad7ceda43c562fb7017168e362d	refs/pull/967/head
57e134237fa275d6a6949fe06f530980189c5958	refs/pull/967/merge
3c3c409e1058355849fe89b94571da22c67a3da6	refs/pull/968/head
e564d7d9af3df1f57d1f3856be2625b91c0fde64	refs/pull/969/head
21ccbd3146dab1191808298cf1c39fa990e19634	refs/pull/97/head
c1a7f14de21f36c4dd6452ac156244563d557f21	refs/pull/97/merge
822b7bbd380db02228cc82e4800fcde75572e98c	refs/pull/970/head
c813ff8eadd61cb46856013cb02faa7d67e69175	refs/pull/970/merge
1cd21001fb3d2c15ec856d61aa1136e669400f64	refs/pull/971/head
77dd4f17a825d968122a41c36a0fc240b82575f0	refs/pull/972/head
74b2a03df57fd56ee59c20fccc07cd7b485b4dae	refs/pull/973/head
265213944ac2d05df0f543675cd299de02c9ef8b	refs/pull/974/head
9042b8180309adf10a54c061dd7241bb80fbac12	refs/pull/975/head
3e1fd508440f8f0b953b4a8b9a1c9efc3b9b946a	refs/pull/976/head
606729bda112c38928e7c76f20c4fdbd7752b102	refs/pull/977/head
21d81af3ede7c00ed5c7afe2c349523020770e72	refs/pull/978/head
a3a74375532ae9382058ae3cbcee557ec65610e8	refs/pull/979/head
267ce664199dd11eb930265b3b617d9bb67c97fc	refs/pull/979/merge
45ffdff55a2b3435c168df23600d166944cfdab9	refs/pull/98/merge
6452d7d8f67ba281d685da4f7e64bd803c751e78	refs/pull/980/head
40eeb3849154cd89ddde512d8049e0655e4ad1f6	refs/pull/980/merge
7ac5c3a3b6f68d575613b12fd5641e68d41b320e	refs/pull/981/head
a31a147a34f809cb1eaa973890c7d50eb5a3ffb8	refs/pull/982/head
8d205037e0bce4502efaef7e618e800fbcf47513	refs/pull/983/head
682331c14f22048ed46e0b03a0dcbb603bd63736	refs/pull/983/merge
de7f7c8f5f0b95d16501ee1c1f92a2f9d1e1fbb1	refs/pull/984/head
98164e9585e02e31dcf1377a553efe076c15f8c6	refs/pull/985/head
eba3d2d7260859612de6de7f8184d7e699415a6c	refs/pull/986/head
4b8a586c190a9852b66feeb3c06b913f9aff4793	refs/pull/986/merge
9beaaa24b4e01b76e51f3437123acf6051b49c44	refs/pull/987/head
8fce8c772dee33e2b2aba96182241f79d8d2c65a	refs/pull/988/head
2a4bd315eb1ffd823c616b9ae1990adab544361e	refs/pull/989/head
db9f8ec173713a24508297ba30c21bfcb402ad38	refs/pull/989/merge
d3fae2a076c42da510f5ee3dfba138fb7da0d151	refs/pull/99/head
e067f2d1d4cea4af91177cfac870d347ba78d806	refs/pull/99/merge
ed3e322cd0ed64811518eda05befcddbb3a94714	refs/pull/990/head
a65ce7f831aa5fcc596c6d23fcde543d98b39bd7	refs/pull/991/head
5f20db23378ed0ee5d0fb5547be2a0d4b43e9e0a	refs/pull/992/head
c4670f36064a1e123c1998913c77fc095ace300c	refs/pull/992/merge
447a3087288221d7e1118ed69fdfc5c1fa604873	refs/pull/993/head
5673c9f9dcb229e612c66697f249233492d0a3b2	refs/pull/994/head
1580561a3d27d3bedf59778697365552d7912de4	refs/pull/994/merge
670b81a890388c60b7032a4f5b879f2ece8c4558	refs/pull/995/head
6daa652b7b153969c5f7efc524f965989137bf26	refs/pull/996/head
6bfe228fbaffe61e1b5a84ebb2129027edae1607	refs/pull/997/head
420af970d78de551b0fdd41fbaea40c24cec8adc	refs/pull/998/head
4011e90a935edc5fe28377fe5bfc5d148f2c84c4	refs/pull/999/head
d5aef6e4d58cfe1549adef5b436f3ace984e8c86	refs/tags/gitgui-0.10.0
3d654be48f65545c4d3e35f5d3bbed5489820930	refs/tags/gitgui-0.10.0^{}
33682a5e98adfd8ba4ce0e21363c443bd273eb77	refs/tags/gitgui-0.10.1
729ffa50f75a025935623bfc58d0932c65f7de2f	refs/tags/gitgui-0.10.1^{}
ca9b793bda20c7d011c96895e9407fac2df9648b	refs/tags/gitgui-0.10.2
95dcfa3633004da0049d3d0fa03f80589cbcaf31	refs/tags/gitgui-0.10.2^{}
8c178f72b54f387b84388d093a920ae45b8659dd	refs/tags/gitgui-0.11.0
1c1fe1005c9dacc05a34eb892ae20ebb1904a33b	refs/tags/gitgui-0.11.0^{}
15c7170c8c1f6d4f8b8aa539987a92c45d06be9e	refs/tags/gitgui-0.12.0
e612120d232a5ef04dcf22fc92741565ebb4d0c8	refs/tags/gitgui-0.12.0^{}
13e556f1cf57325069146bd113decccf3cb8b53e	refs/tags/gitgui-0.13.0
00e9de72c8f9b7c048bb56a59be9567d69dc1e01	refs/tags/gitgui-0.13.0^{}
4c36ee7b0587083f82a6359a3b14cf6c73c65d34	refs/tags/gitgui-0.14.0
fbc9629e2f0cd31ab08638ebbd8f98a323329a5b	refs/tags/gitgui-0.14.0^{}
3297e79271c53d99b8f62b99f91a2c6135da5f05	refs/tags/gitgui-0.15.0
ae6ec6124bb96157ca96bc90831b4874e8ad6789	refs/tags/gitgui-0.15.0^{}
3da5ebb0ea02d4b777abacbc6f2d077a45975f00	refs/tags/gitgui-0.16.0
942e6baa92846e5628752c65a22bc4957d8de4d0	refs/tags/gitgui-0.16.0^{}
82ee80451b41482fbc19417a5c8466a3cee19462	refs/tags/gitgui-0.17.0
f6dd784ed4c1705d465b1238f9a5971f2733e582	refs/tags/gitgui-0.17.0^{}
05ed6224f705b71044e62069c28536f3d7aa817f	refs/tags/gitgui-0.18.0
8a383db4b28059becc3ebfd1b402299e34c3151f	refs/tags/gitgui-0.18.0^{}
599e357d73b688bd0c8d84692248169784fdb128	refs/tags/gitgui-0.19.0
1b2c79e63e5afa3cecb3ab4a40cb414dbe6511ce	refs/tags/gitgui-0.19.0^{}
6a74faa0772508c9359246e0203b1bf3c924887c	refs/tags/gitgui-0.20.0
4498b3a50a0e839788682f672df267cbc1ba9292	refs/tags/gitgui-0.20.0^{}
0b834c74e9d34fff7cf85ee768c30b9058f9ee6d	refs/tags/gitgui-0.21.0
ccc985126f23ff5d9ac610cb820bca48405ff5ef	refs/tags/gitgui-0.21.0^{}
b23024e06ef8be4400d45ccfbadce7596194c842	refs/tags/gitgui-0.6.0
fdf6cfc4266d1e88e74c09e9166fa0b5c9ad29cb	refs/tags/gitgui-0.6.0^{}
b9a6216ee0a6c4be73a18bd4ba359ad2d07c2492	refs/tags/gitgui-0.6.1
981193786fc30b9ee73b9f223a75642b4ed455b9	refs/tags/gitgui-0.6.1^{}
cd3a4d85819dea639809c7b115d77e031e1a7956	refs/tags/gitgui-0.6.2
51bd9d7b8cf29e0e441531fb0a671cc7093f278b	refs/tags/gitgui-0.6.2^{}
ce0720c8f65f26863dd841c7540c0e7d605668a6	refs/tags/gitgui-0.6.3
0b5ea163d21163343579cd6eb9274ccc2190a0fe	refs/tags/gitgui-0.6.3^{}
c5f1a89c7061c5477fdbe90c08f2462c7eae0f31	refs/tags/gitgui-0.6.4
756d846fea4ac4b3bf0a0aea9fbf721138cf34cc	refs/tags/gitgui-0.6.4^{}
6fa8a902cc1d18527e1355773c86721945475d37	refs/tags/gitgui-0.6.5
2ec0cb7959b0bf965d54f95453f5b4b34e8d3100	refs/tags/gitgui-0.6.5^{}
cc68f7347ad60400e3d539ff25964913958e49be	refs/tags/gitgui-0.7.0
d6da71a9d16b8cf27f9d8f90692d3625c849cbc8	refs/tags/gitgui-0.7.0^{}
97e0876879b77c745bca6706084300e13d3a1055	refs/tags/gitgui-0.7.0-rc1
ebcaadabcb90eaf35a3bd69a50cccce4be4dcc2c	refs/tags/gitgui-0.7.0-rc1^{}
57614cb2524364b37f0df37d5eacd67508bfca64	refs/tags/gitgui-0.7.1
b9e7efb8b5f7d424466dd1ce61fd20658f60543f	refs/tags/gitgui-0.7.1^{}
b97f2f9016bb358f1f562884b2bdaddb5f25c83a	refs/tags/gitgui-0.7.2
ea75ee3598ab6f8d0828f8cc6ec3d4a5f8d66813	refs/tags/gitgui-0.7.2^{}
a528e8b8fe6076b489d3cacf14005d23a4149455	refs/tags/gitgui-0.7.3
d80ded01de0189fe7179913d3ecdeecadf2052a0	refs/tags/gitgui-0.7.3^{}
24e11b6942db989ea1951c3400c7e37f46013bff	refs/tags/gitgui-0.7.4
7e508eb1a2efce72be1651a35ab3150bfa3c88d6	refs/tags/gitgui-0.7.4^{}
7513f0fbed19e3a0e169eed5861e1ee749f5cfdb	refs/tags/gitgui-0.7.5
20f1a10bfb6c31a3728a74bf1c33cb3cc5ac0c7e	refs/tags/gitgui-0.7.5^{}
37d54267eca4f75790289588f145f381786eeaf4	refs/tags/gitgui-0.8.0
84f67537b13bf0a959b1cad50b0d490071dc921a	refs/tags/gitgui-0.8.0^{}
648de15108e0cbabd9b612142e98a5f657e8d1ec	refs/tags/gitgui-0.8.1
51b8c5021a19195e0f138832b081a356a2247bca	refs/tags/gitgui-0.8.1^{}
dca75336d54844c13969cd86b02292fc1614a371	refs/tags/gitgui-0.8.2
c80d25dbce759a8483ffc1f085fdf4cd63cf9f05	refs/tags/gitgui-0.8.2^{}
072c71817c179b9e45d8639ca5326c5c5f66a91e	refs/tags/gitgui-0.8.3
3849bfba84fb5b0e9d46920f62105b4e1dd97e63	refs/tags/gitgui-0.8.3^{}
b024ddead7d8a9e57489be15b6a84568f11c3b67	refs/tags/gitgui-0.8.4
bbbadf6e58f72ac6bf739d2a1109cbd872eb1083	refs/tags/gitgui-0.8.4^{}
b8a030ceb44d877875b9a31eb7b9468760544a61	refs/tags/gitgui-0.9.0
41188dd1a837df08a959b63a2f56357971fa4549	refs/tags/gitgui-0.9.0^{}
d31c8f75043f8dfb068239ba5c1c03db38db2c0b	refs/tags/gitgui-0.9.1
a6d5888fa1bb24ef34ce36f0e684d13a58eba908	refs/tags/gitgui-0.9.1^{}
5d9bdeb409306d4a7b5dab7097aeecdda2bdb6f0	refs/tags/gitgui-0.9.2
3b8f19a02c3dd6043a7a6bdd65de2d4610c26b81	refs/tags/gitgui-0.9.2^{}
ce54345f86d1191e24450a91ff7f5a11625507fe	refs/tags/gitgui-0.9.3
094fbbf96415323907e71ec224a0f5d6e585d9d0	refs/tags/gitgui-0.9.3^{}
dd20f6ea53bf6828baba3e2f279bf633eaae6815	refs/tags/junio-gpg-pub
debb772bfc2bfedbfd5830dbe2c1c149dbf054e9	refs/tags/junio-gpg-pub^{}
d6602ec5194c87b0fc87103ca4d67251c76f233a	refs/tags/v0.99
a3eb250f996bf5e12376ec88622c4ccaabf20ea8	refs/tags/v0.99^{}
f25a265a342aed6041ab0cc484224d9ca54b6f41	refs/tags/v0.99.1
78d9d414123ad6f4f522ffecbcd9e4a7562948fd	refs/tags/v0.99.1^{}
c5db5456ae3b0873fc659c19fafdde22313cc441	refs/tags/v0.99.2
2779fad61302da0fe3a24995e343ab894f32fa42	refs/tags/v0.99.2^{}
7ceca275d047c90c0c7d5afb13ab97efdf51bd6e	refs/tags/v0.99.3
541ad6e2a9cfd71dc1e4131fb2b47e3c630417ed	refs/tags/v0.99.3^{}
b3e9704ecdf48869f635f0aa99ddfb513f885aff	refs/tags/v0.99.4
bf570303153902ec3d85570ed24515bcf8948848	refs/tags/v0.99.4^{}
07e38db6a5a03690034d27104401f6c8ea40f1fc	refs/tags/v0.99.5
3857284f7b892f855edffc5b9c196a0dd74b1b7d	refs/tags/v0.99.5^{}
f12e22d4c12c3d0263fa681f25c06569f643da0f	refs/tags/v0.99.6
99977bd5fdeabbd0608a70e9411c243007ec4ea2	refs/tags/v0.99.6^{}
f8696fcd2abc446a5ccda3e414b731eff2a7e981	refs/tags/v0.99.7
727132834e6be48a93c1bd6458a29d474ce7d5d5	refs/tags/v0.99.7^{}
1094cf40f7029f803421c1dcc971238507c830c5	refs/tags/v0.99.7a
089f20dce19711d34f5383ee289a9b1fbd3f3307	refs/tags/v0.99.7a^{}
da30c6c39cd3b048952a15929c5440acfd71b912	refs/tags/v0.99.7b
990f856a62a24bfd56bac1f5e4581381369e4ede	refs/tags/v0.99.7b^{}
9165ec17fde255a1770886189359897dbb541012	refs/tags/v0.99.7c
00d8bbd3c4bba72a6dfd48c2c0c9cbaa000f13c2	refs/tags/v0.99.7c^{}
02b2acff8bafb6d73c6513469cdda0c6c18c4138	refs/tags/v0.99.7d
d5bc7eecbbb0b9f6122708bf5cd62f78ebdaafd8	refs/tags/v0.99.7d^{}
b041895af323bdef10cc9a718bda468ba3622bc0	refs/tags/v0.99.8
91dd674e30ba0298e89c9be2657024805170c2ac	refs/tags/v0.99.8^{}
cfc2ea6116410a545573d5fa5311d3c3b2df69d1	refs/tags/v0.99.8a
e1d04f8aad59397cbd55e72bf8a1bd75606f5350	refs/tags/v0.99.8a^{}
0b122201af0afb6a6a8059ff446a1e26b1d0c823	refs/tags/v0.99.8b
8b1f8d04c999421f8d2d8f248c82506390980a2c	refs/tags/v0.99.8b^{}
d186f3d21148f373a5ea5e43804f5f6707670a87	refs/tags/v0.99.8c
32e49d5d1ccbc4833b0c6f30d6dfc0f0936cc3f3	refs/tags/v0.99.8c^{}
48055bb38d650ab39957ed07d640469176c12419	refs/tags/v0.99.8d
a2239b79e554bab92abe47d8568cbbfe5c77ce85	refs/tags/v0.99.8d^{}
b79a5a49c9e412e27a336e705fb7b462367f4c16	refs/tags/v0.99.8e
c99ec048bf386ed2b28086cb3756af2dc91fc3d2	refs/tags/v0.99.8e^{}
ebd5d002da3f6cfbd0aa3ff5b5c4a9d9eeee630d	refs/tags/v0.99.8f
c9ed27b9e8372822219780705128cf37bd25e26b	refs/tags/v0.99.8f^{}
08f9f32076455ff75b59b41d7003927869082a3f	refs/tags/v0.99.8g
a1c7a69047e88244ed321b5aa2a8bcbba5a869c2	refs/tags/v0.99.8g^{}
67b4b78858d9d9dd044f758a90a4270e48543cf1	refs/tags/v0.99.9
46774a81f9d6ca4d230d33757afe9dd07bfe398b	refs/tags/v0.99.9^{}
c512b0344196931ad3a9a049eb3f5d3f05b09328	refs/tags/v0.99.9a
e634aec752642dcf86c3fc82025e43381d6768c2	refs/tags/v0.99.9a^{}
3d65a838c77f816527acf84c899419eb6825dcee	refs/tags/v0.99.9b
235d521da60e4699e5bd59ac658b5b48bd76ddca	refs/tags/v0.99.9b^{}
3521017556c5de4159da4615a39fa4d5d2c279b5	refs/tags/v0.99.9c
6ddc0964034342519a87fe013781abf31c6db6ad	refs/tags/v0.99.9c^{}
107e3d2b4d5b9ecd9a15a23ad1c64652b8b67ba9	refs/tags/v0.99.9d
87ce294c9129879f717f8749cae1c659e18a3823	refs/tags/v0.99.9d^{}
10e5ae69eb6cdcdd149bb23e1e73131adf4ab3b7	refs/tags/v0.99.9e
72e5890b68e7199d92620d3bba91fa36dd259404	refs/tags/v0.99.9e^{}
b685b14cd9385e8b0f5742ebcd35ef8c8c12ec4d	refs/tags/v0.99.9f
5ca15b8af7f018b9ae9da30130f9dcd1a896e0b3	refs/tags/v0.99.9f^{}
bd67d7d845eb5ae929306dadd3dff41cf04ce004	refs/tags/v0.99.9g
23ea3e201cea0deea909569e08e950a9ec2345f7	refs/tags/v0.99.9g^{}
5c857638d55bdd575d3f38bf3b99f1a2f99d3e46	refs/tags/v0.99.9h
f7a2eb735982e921ae4379f1dcf5f7a023610393	refs/tags/v0.99.9h^{}
4a6a394c62f33a3bf94badd6b14bc1f48647905f	refs/tags/v0.99.9i
60d64db4614b1007ca37c228923ec1964d5ad394	refs/tags/v0.99.9i^{}
c0f7d44ecba75d54a73ba542adde0ff80d2da03a	refs/tags/v0.99.9j
27dedf0c3b78d1072fb5449149421284f9e5297b	refs/tags/v0.99.9j^{}
0c675e9d0b5f5d1fbb7b0169d71769993b225701	refs/tags/v0.99.9k
93dcab2937624ebb97f91807576cddb242a55a46	refs/tags/v0.99.9k^{}
ca6cec9c5843d85d23b1184d584a11699d92e927	refs/tags/v0.99.9l
423325a2d24638ddcc82ce47be5e40be550f4507	refs/tags/v0.99.9l^{}
93ea4a9599564101be20507a3a756d38427a70ac	refs/tags/v0.99.9m
a9572072f0ab0ac97e64b0dc01254a3ad95befe1	refs/tags/v0.99.9m^{}
71c1a700da60da8cf99d586cc618c46fef201ed1	refs/tags/v0.99.9n
1ed91937e5cd59fdbdfa5f15f6fac132d2b21ce0	refs/tags/v0.99.9n^{}
f665776185ad074b236c00751d666da7d1977dbe	refs/tags/v1.0.0
c2f3bf071ee90b01f2d629921bb04c4f798f02fa	refs/tags/v1.0.0^{}
02a5ab81c43d0aeea569974b286a9098c458cc92	refs/tags/v1.0.0a
e4e79a217576d24ef4d73b620766f62b155bcd98	refs/tags/v1.0.0a^{}
1e1e783bd0e79e550d2600ec4bb86cb21a44552e	refs/tags/v1.0.0b
8d712aafd2df3c1f5147a28947f98cefe667cf76	refs/tags/v1.0.0b^{}
02a5ab81c43d0aeea569974b286a9098c458cc92	refs/tags/v1.0.1
e4e79a217576d24ef4d73b620766f62b155bcd98	refs/tags/v1.0.1^{}
4fc6be194288ad419ff5a2926d333478d43ce84a	refs/tags/v1.0.10
e99c2fbdda590b0d5fb5bd89001e6d9df8342564	refs/tags/v1.0.10^{}
36317208c59f0fbc133137997be70da61acdf733	refs/tags/v1.0.11
ae4a35261d5d0050445c66171111e46e3fae1edc	refs/tags/v1.0.11^{}
cf30cbae9b7238848a7ad45a4e5b81a24fedaffa	refs/tags/v1.0.12
3a75f674017fdf86d8b742cdfeb0df8700a2d03a	refs/tags/v1.0.12^{}
046968b18ac0839c68773a104fc377078775615c	refs/tags/v1.0.13
ca182053c7710a286d72102f4576cf32e0dafcfb	refs/tags/v1.0.13^{}
1e1e783bd0e79e550d2600ec4bb86cb21a44552e	refs/tags/v1.0.2
8d712aafd2df3c1f5147a28947f98cefe667cf76	refs/tags/v1.0.2^{}
ccefd6e899a861f911052e47eabe4f77c09163ec	refs/tags/v1.0.3
c63da8d8e8c5b5078e59af15c1a41ff98ad61d59	refs/tags/v1.0.3^{}
1e6455d0c3f9ee79c461bd68aafad8b7f8765c8a	refs/tags/v1.0.4
6ab58895cd951f6f5c96fa432afb122cfeb12746	refs/tags/v1.0.4^{}
6649c46643a721ec193b62383f8ba994f94a0b90	refs/tags/v1.0.5
e5f5219a4f1faf3b4e1816fad3a6296a1d39b878	refs/tags/v1.0.5^{}
b76e47088c9a5d487ff5fc9f763e4bd74939e84c	refs/tags/v1.0.6
17dff84b5e745ba17a5b3ae5591d79f96b165d48	refs/tags/v1.0.6^{}
c90d90397e392f699f85c3c288f7cc8459322df3	refs/tags/v1.0.7
92e802c6ccb96d1b5e8561b0a136d43d82253293	refs/tags/v1.0.7^{}
58e206d216154d855f9d5f6185ef8032422345f1	refs/tags/v1.0.8
8fc11b5aa98540f7caab87e22e5aae63512893a2	refs/tags/v1.0.8^{}
f0c5bb5c32a8cd16d38a9a16ffbd6407b4e59d4d	refs/tags/v1.0.9
0de62e598552765eb674b72bbaf55b2e2933f617	refs/tags/v1.0.9^{}
5f4cd4ca015dc795b9f7f4fed11b3f80a60ac175	refs/tags/v1.0rc1
f7a2eb735982e921ae4379f1dcf5f7a023610393	refs/tags/v1.0rc1^{}
112c4fd6b3fe400a075d575c0fe1a583aafe8f2c	refs/tags/v1.0rc2
60d64db4614b1007ca37c228923ec1964d5ad394	refs/tags/v1.0rc2^{}
dcd118f6b933d7a81739c3c4269e2bf4654e4a99	refs/tags/v1.0rc3
27dedf0c3b78d1072fb5449149421284f9e5297b	refs/tags/v1.0rc3^{}
055e4ae3ae6eb344cbabf2a5256a49ea66040131	refs/tags/v1.0rc4
423325a2d24638ddcc82ce47be5e40be550f4507	refs/tags/v1.0rc4^{}
2d2846cd06fce719c35b58a8b81f7ae42f1986ca	refs/tags/v1.0rc5
a9572072f0ab0ac97e64b0dc01254a3ad95befe1	refs/tags/v1.0rc5^{}
781aab17fe544cbfcaba0f0ea5cacf7672717236	refs/tags/v1.0rc6
1ed91937e5cd59fdbdfa5f15f6fac132d2b21ce0	refs/tags/v1.0rc6^{}
e415b8f68c5ba6fce646594654684b6fb0677a72	refs/tags/v1.1.0
5a2282de13c4da13f979185e652c8a08e2481fd1	refs/tags/v1.1.0^{}
15d906ab34f62ca761c251a06809128ad810be27	refs/tags/v1.1.1
78ff5cf6b5595fa3ae291fa9ee3595b7c7cc624a	refs/tags/v1.1.1^{}
5ba271e62293a729cb6b9911e085e5ba13be51d9	refs/tags/v1.1.2
59617ebb746b67921856c00a63f943d43b0abeea	refs/tags/v1.1.2^{}
2ba53073f7c14cf45f220e59e4b54a4b657f7216	refs/tags/v1.1.3
8a263aeb4f913e04e18248eb4d370157f1d253e6	refs/tags/v1.1.3^{}
7206e3016cb2606b3debfeb86f87b61f02af6455	refs/tags/v1.1.4
c4e804bbf0c16aa0c2234ea733fba73de28bddaa	refs/tags/v1.1.4^{}
68f29c84d063878f57c1b98f416f8f2bc74d6d0a	refs/tags/v1.1.5
2111168f314ac4f53932b8bbb16191a3855f5b6f	refs/tags/v1.1.5^{}
669ac2d682aa0719afad6db470e88909fbe40026	refs/tags/v1.1.6
8fedb83c05d4b3d877a220d614e8b9d40f02709d	refs/tags/v1.1.6^{}
041ed88c7369c3e45077502b74664d8101f99ab3	refs/tags/v1.2.0
bd9ca0baff88107e26915cdaaf9821dc70a187e3	refs/tags/v1.2.0^{}
e93f19bd6cab17c507792599b8a22f7b567ef516	refs/tags/v1.2.1
babfaf8dee0baa09c56d1a2ec5623b60d900518b	refs/tags/v1.2.1^{}
f29dc187bd0f00b9db8a6bd06a849e7e1828664f	refs/tags/v1.2.2
39ba7d54649b35c943b026b54bff40cfa0153f3e	refs/tags/v1.2.2^{}
51f2164fdc92913c3d1c6d199409b43cb9b6649f	refs/tags/v1.2.3
6dc78e696b8597204b903073da932fc5ed0f419e	refs/tags/v1.2.3^{}
ddfbec1986195c7f1c1076cf617dd802dacb774a	refs/tags/v1.2.4
e1a0c8b1483b38d32d3870408e03a6c1b340aa15	refs/tags/v1.2.4^{}
96c82afe7cab9f3e4dfc479ecca4eba0c99822df	refs/tags/v1.2.5
72fdfb50f721460e4cdff16fbe9c72d4ce6c668c	refs/tags/v1.2.5^{}
0719925f2364525036803722735c5591d7fdc134	refs/tags/v1.2.6
98cf8156078eb5256d77d01786863185a1728140	refs/tags/v1.2.6^{}
b0517166ae2ad92f3b17638cbdee0f04b8170d99	refs/tags/v1.3.0
4baff50551545e2b6825973ec37bcaf03edb95fe	refs/tags/v1.3.0^{}
f047e17cd78f053fdda5e0e2452d2696f4967bcb	refs/tags/v1.3.0-rc1
dff86e282fa38bf60d53b82cfa54f5f449563338	refs/tags/v1.3.0-rc1^{}
89afb0424f333b2e0712631b27de10c77f56b87d	refs/tags/v1.3.0-rc2
fc4c4cd21c783b6dc387002c6e018d26f7405e9f	refs/tags/v1.3.0-rc2^{}
bc703dc75e9793180bf0d651e8383da199a25cb6	refs/tags/v1.3.0-rc3
a0a01958d7c059b1535b79a80dc37181b25bb677	refs/tags/v1.3.0-rc3^{}
86a9bf69164090c91474bb7bcdde7d76966b7d40	refs/tags/v1.3.0-rc4
42b5c78845feb44f1d36eecad4c72336d5c2a9c5	refs/tags/v1.3.0-rc4^{}
fa7bd724f61bcdcd71ef579f7b94b72bda1298cf	refs/tags/v1.3.1
7d09fbe4ab7f080a8f8f5dcef7e0f3edf5e26019	refs/tags/v1.3.1^{}
432567e79be81bc91f4af5bcfe5ac51330d2d349	refs/tags/v1.3.2
7abd7117ec57b8c3c2a469db62c7811fdac5c655	refs/tags/v1.3.2^{}
ffa22c1601a782de4f54c7667d772936da123ef0	refs/tags/v1.3.3
1b9bc5a7b7434d771726011613a00cb202bd9f44	refs/tags/v1.3.3^{}
120530fb2e10679d9095e278c95c0e98c96f3080	refs/tags/v1.4.0
41292ddd37202ff6dce34986c87a6000c5d3fbfa	refs/tags/v1.4.0^{}
92d7605b6d9312a29efa30b1baa4d7c880a0be41	refs/tags/v1.4.0-rc1
16cee38ae2bff93a4e4c512550fb4ccac035a3a1	refs/tags/v1.4.0-rc1^{}
589ee4d580d34a76238e90795a070a7372de18a2	refs/tags/v1.4.0-rc2
b86bec6c4ff7909246e68a4495dcaaeede3907e9	refs/tags/v1.4.0-rc2^{}
4ce643674c24dbda1d0fa0a0da60163ff9ea666f	refs/tags/v1.4.1
0556a11a0df6b4119e01aa77dfb795561e62eb34	refs/tags/v1.4.1^{}
738dec0ead6a96f87cf71989a1dad7bb5d1faba4	refs/tags/v1.4.1-rc1
bf9e9542f94bc39e8bc653065d477bd25e79010e	refs/tags/v1.4.1-rc1^{}
33c9db007159db11c1ad5fa7101ea95853740acf	refs/tags/v1.4.1-rc2
abc02670169cee9541793a86324a014272ca8ed5	refs/tags/v1.4.1-rc2^{}
8419a453dc088b25b63ab1746d3d7e679caf686d	refs/tags/v1.4.1.1
a0764cb838c2f1885fb58ca794c21523fb05c825	refs/tags/v1.4.1.1^{}
85ba32e27db65314ad4ea25f5afcaad684d68811	refs/tags/v1.4.2
01aaf1f88ddc2b99162c302710339f202996f39b	refs/tags/v1.4.2^{}
9182013b4241fefc455f07fc78a922c9c149a38b	refs/tags/v1.4.2-rc1
b9718d41c7e9c171e432bafac97a33be36f0e2bf	refs/tags/v1.4.2-rc1^{}
d2d79edaf81ec78ad11c8daeb91ee3e82a4aaa19	refs/tags/v1.4.2-rc2
96256bba949f43548a0be0af877680eb62b156f6	refs/tags/v1.4.2-rc2^{}
bc3aec1567d09218d319e8053d58fd740e3f6d4a	refs/tags/v1.4.2-rc3
5a716826a6f7f209777f344143cdd9e4f2903097	refs/tags/v1.4.2-rc3^{}
8c7a107d8eeba18ae56befb6142daaba91aa3ecf	refs/tags/v1.4.2-rc4
943d5b73e2adf3cd0d3f72c9a06c75681a4ea3ca	refs/tags/v1.4.2-rc4^{}
ad86a7fc13a820a56957f41f81c4763f734676f4	refs/tags/v1.4.2.1
883653babd8ee7ea23e6a5c392bb739348b1eb61	refs/tags/v1.4.2.1^{}
27da5785a8fec4e462aeee4dc41281ac89233675	refs/tags/v1.4.2.2
82ca50556471eadfc3212cb478161c3da5c4d02a	refs/tags/v1.4.2.2^{}
32578a62ce8469465504509360aed5f1a6dc5b2b	refs/tags/v1.4.2.3
6fe5b7ff6cafcc94415deba2f3d611770d8e6b1e	refs/tags/v1.4.2.3^{}
ab71dde01e310ed582e86446d216531f792468bf	refs/tags/v1.4.2.4
9de0834663f28bee9e6b2c4647ed6128241ed26f	refs/tags/v1.4.2.4^{}
d9b0f913ce0508fcc83e642e0241f373428368e5	refs/tags/v1.4.3
e0b0830726286287744cc9e1a629a534bbe75452	refs/tags/v1.4.3^{}
4314f5982d2aac08001a977fc0b1b611e858e025	refs/tags/v1.4.3-rc1
1965efb1599f59b8e3380335d1fa395e2008a30b	refs/tags/v1.4.3-rc1^{}
8730a82b9f00b8debab717ec384eedbd0f36a54f	refs/tags/v1.4.3-rc2
4e27fb06f0fe4206606172f94a18e08d7d87c070	refs/tags/v1.4.3-rc2^{}
a497d102d6961ded91b60dc3524eb63679d7dc08	refs/tags/v1.4.3-rc3
0a246571d47642dd7b6b796e601b820ca9f0c8c4	refs/tags/v1.4.3-rc3^{}
95f1e36cc34e8738e5c431aac47d6fea18913db0	refs/tags/v1.4.3.1
0b92f1a9d213644d2cd6c1870091c090a6b7eca9	refs/tags/v1.4.3.1^{}
8413d9ffefd1fde6d8a04f9e22503ab910fc36de	refs/tags/v1.4.3.2
a153adf683d2b6e22c7e892ed8a161b140156186	refs/tags/v1.4.3.2^{}
d1eebeecb839749b1559ec7d44b9a31b2513cfb3	refs/tags/v1.4.3.3
84ab7b6fc7e190ac1c1d0bc5b7c48befa42eff3c	refs/tags/v1.4.3.3^{}
100490cfcd50d0f9ddadeb90cf5d95b28e2397ce	refs/tags/v1.4.3.4
6c2f207b2316149ee8dfaf026e4a869ff9ab42f7	refs/tags/v1.4.3.4^{}
a8d8dc4c6cd6d4681746fd6919318640ee97a059	refs/tags/v1.4.3.5
e02cd6388f0193706279268a7d9fa57be4cbc997	refs/tags/v1.4.3.5^{}
fab4f17015ccb2c6ea978b45386d45dd008df42d	refs/tags/v1.4.4
e267c2f6f0784e242883b7d3fe5f36ef63d6950d	refs/tags/v1.4.4^{}
3a41a48d139d1425c1d27e3fbe4f511fb7e09e94	refs/tags/v1.4.4-rc1
baf0bfcb4b335438e9359835f2c27cccf20e54a3	refs/tags/v1.4.4-rc1^{}
b9b0b3d0020c3559d4d9e6d07e3316c3ebcd6e85	refs/tags/v1.4.4-rc2
a74e60a0f59899c612053b6fe0f0f62652118151	refs/tags/v1.4.4-rc2^{}
21dff5f4982333d694d105595a701540d4d0d1db	refs/tags/v1.4.4.1
e945f95157c2c515e763ade874931fc1eb671a0b	refs/tags/v1.4.4.1^{}
5c505935b3f71f28d6668db82d56882dcf255a1d	refs/tags/v1.4.4.2
49ed2bc4660c7cd0592cf21cc514080574d06320	refs/tags/v1.4.4.2^{}
3e6234343ec458a3b117c7ace635d4eb4bc88cc7	refs/tags/v1.4.4.3
851a911024481f6759bce337b8dc50241070db81	refs/tags/v1.4.4.3^{}
ae9ced19800491a5d80de5ee36bc07d68868a4dd	refs/tags/v1.4.4.4
8977c110b5bbd230c28c727ddb85856067d55cfb	refs/tags/v1.4.4.4^{}
43c7d40ba9c604fde48fc0f4f47c2f8498d09ed5	refs/tags/v1.4.4.5
fedc7d5458bd8e2e9589567041228a24a8d7eb4c	refs/tags/v1.4.4.5^{}
6db027ffe03210324939b3dd655c4223ca023b45	refs/tags/v1.5.0
437b1b20df4b356c9342dac8d38849f24ef44f27	refs/tags/v1.5.0^{}
838723d49dd62951d8ffc80ccda71ad5629012cb	refs/tags/v1.5.0-rc0
d5e86da89155b462c30a59bc724037fb111d3894	refs/tags/v1.5.0-rc0^{}
8680f614db9bb5047cd47891639447fa21c26440	refs/tags/v1.5.0-rc1
ba70de01bb0c8a08135b63ace183bd3f4b149d9e	refs/tags/v1.5.0-rc1^{}
dfa8d07f4571cdb6d2d24d6bc4d9ed337a4fdcba	refs/tags/v1.5.0-rc2
eaf6459e4d482af51429f9464125621b805eb5fd	refs/tags/v1.5.0-rc2^{}
e81820fb5a31f0c2ab8b79176e23ca76aafef59c	refs/tags/v1.5.0-rc3
8c4e4ef0f575cd60fb4bb6a70305fcb0ed85da6a	refs/tags/v1.5.0-rc3^{}
599ccb32c0119ebfb06cba011d9ba4095c3d1153	refs/tags/v1.5.0-rc4
5c553ea2de0e21cb843eaf49b1820f9e395c76a3	refs/tags/v1.5.0-rc4^{}
dedb0faa48787839dbc47b7ca2507bda5924ec2c	refs/tags/v1.5.0.1
4bc94d289221e16cccbc72f73b3b5b1de0b822c5	refs/tags/v1.5.0.1^{}
c24c69110fe7d6783c0319d52887a113b5ead8b3	refs/tags/v1.5.0.2
0d9b9ab1284ce125fd49cf7dbf4d28e0540cf035	refs/tags/v1.5.0.2^{}
da37b50a83e8b714e7e9e25d70f6182bce453b06	refs/tags/v1.5.0.3
7193db3685b71be3e93aaac785bdc554d91d2167	refs/tags/v1.5.0.3^{}
a8feda1fc45bafacbb6dda05d5b04d2c46803f62	refs/tags/v1.5.0.4
3d4e1932f24346d26f15e98dd6a74798035e7870	refs/tags/v1.5.0.4^{}
e37ddf98775ed404d2b77289153d63984e45a121	refs/tags/v1.5.0.5
6bf035f2780bde45682e0edf40e35a150bd83706	refs/tags/v1.5.0.5^{}
d7c3410b45c9e99a40110b7ffe86cec354093ee7	refs/tags/v1.5.0.6
9529a2524a29c15107905f2f8f0b310a40880dc7	refs/tags/v1.5.0.6^{}
512a51393f2ccb9567ee9900dffd94c31e1ba2c0	refs/tags/v1.5.0.7
9694ec4533b30c1299e9ce7742c65c78b4fa3c5d	refs/tags/v1.5.0.7^{}
45354a57ee7e3e42c7137db6c94fa968c6babe8d	refs/tags/v1.5.1
89815cab95268e8f0f58142b848ac4cd5e9cbdcb	refs/tags/v1.5.1^{}
0d60827b367081ee597667f3d4eb1372e2220da9	refs/tags/v1.5.1-rc1
ceb8442af7367611c3f5db124a5dc1dbb7fb438f	refs/tags/v1.5.1-rc1^{}
50833c0d3d450294842eb2837024371ea3f99efa	refs/tags/v1.5.1-rc2
b6da18b1d103617a5944d470a1f17e398f8141e4	refs/tags/v1.5.1-rc2^{}
bf85c8576ea8791c8e51b6471822e8bca44ba8bd	refs/tags/v1.5.1-rc3
7685227e973fce34340d3766b1775263751afa56	refs/tags/v1.5.1-rc3^{}
c5ec6d00eb063f547e314fdf8a1d8cf09472da6b	refs/tags/v1.5.1.1
9b11d24d4156e0b2246383faad16eb8aa0caeefb	refs/tags/v1.5.1.1^{}
b64b0ac499cb56a975f0cfa4fad6d9283124b981	refs/tags/v1.5.1.2
97317061c6799765c7f2f83d8e3f4f74df469793	refs/tags/v1.5.1.2^{}
11c7306c6940712aaed0dc71023d78a3057c1cf1	refs/tags/v1.5.1.3
b5cc62f701abf8b903387a5d7c77a59f347d66fd	refs/tags/v1.5.1.3^{}
577324aa8fdb1bd89a6c657cdee8a6e49459f99f	refs/tags/v1.5.1.4
1cc202bd4ebd0390d738f0d633d42791cb79dd05	refs/tags/v1.5.1.4^{}
683abfb7317e2f1889686409838f74190b447dd3	refs/tags/v1.5.1.5
6b68342edc392bb640b30c2115eb6585a3303e25	refs/tags/v1.5.1.5^{}
567cc3706822e27cc66bfdd761a0803ded1564fc	refs/tags/v1.5.1.6
f7b47b273ed2c9e9b298c4f5dd02884b46dfbced	refs/tags/v1.5.1.6^{}
8b1e5575ab18757272e86c5ec7a10411bbaa3662	refs/tags/v1.5.2
aba170cdb4874b72dd619e6f7bbc13c33295f831	refs/tags/v1.5.2^{}
6b4b7cf3b7dea2f1aadf9e2bd21da75dae9bbc5b	refs/tags/v1.5.2-rc0
4280cde95fa4e3fb012eb6d0c239a7777baaf60c	refs/tags/v1.5.2-rc0^{}
1dfd9e1fd5fc1129a5a4f6b1b977c88a137fb053	refs/tags/v1.5.2-rc1
4c1611249432733818e724fe04a3e9b04848cdab	refs/tags/v1.5.2-rc1^{}
009b88644c36209e5ed2de067d5cdce9a1ff0dc0	refs/tags/v1.5.2-rc2
9159afbfce955db86373dab95b5f8e31fb763dae	refs/tags/v1.5.2-rc2^{}
c91a7daeaa2327ac60a37f5aeb0b9fbe50eedfe8	refs/tags/v1.5.2-rc3
843142ada000a992fa87bd2dc7796501332a52d9	refs/tags/v1.5.2-rc3^{}
231ff84e8275b8ece773502a40e37643a18505da	refs/tags/v1.5.2.1
41cf68a85ca2a9199b32eb3932582b234fa474b4	refs/tags/v1.5.2.1^{}
ca2a99f835a3e0d20dcfba02887abf6e5e5d8b43	refs/tags/v1.5.2.2
c7c84859ad586ae5670224e1abc4f846f7c3a9ae	refs/tags/v1.5.2.2^{}
408e05f2b702aea739c3b44dc903a48a59eb8b65	refs/tags/v1.5.2.3
57887443c24e5a2b4b04e7db69b44b53d8e87b44	refs/tags/v1.5.2.3^{}
60efd81ed4fc209f526983617460e7d6ef8d66cd	refs/tags/v1.5.2.4
ffb293b63d13b3b06b454a5f9f0ff6802ef15f0d	refs/tags/v1.5.2.4^{}
43738ab9ed77af9f2427c010147e5215068d5af6	refs/tags/v1.5.2.5
b13ef4916ac5a25cc5897f85ba0b4c5953cff609	refs/tags/v1.5.2.5^{}
257d66a53a9cea97b2b735f311587e919bd98d5b	refs/tags/v1.5.3
86bab9615c3516d4ac7756ae3c1285d331b78f04	refs/tags/v1.5.3^{}
c07b61032ee2d7e107a6963fc721e261f082eca8	refs/tags/v1.5.3-rc0
2ecf3cee0754961401200e9f35071001ccdbbce3	refs/tags/v1.5.3-rc0^{}
de1e62333947ec4192f66aac7106babde1c38fdf	refs/tags/v1.5.3-rc1
61c3f9086a733124258168f5c8e7437e3c56f3c3	refs/tags/v1.5.3-rc1^{}
55376e46cabd21f3440d5af41c8f6e861bbe0eb7	refs/tags/v1.5.3-rc2
9dfdf14b3805e89aa2782458bda15b3dfae24c09	refs/tags/v1.5.3-rc2^{}
c2e35df92e33ef8a8ab0f84a7dc3a7514768a261	refs/tags/v1.5.3-rc3
f48a203a563ae8a46daa8b8923b5d81dc40502fb	refs/tags/v1.5.3-rc3^{}
8953282555df4171a62b21090b6ce365782a6a1f	refs/tags/v1.5.3-rc4
4f8f03d6435e3e1c0d4f95d43022b81c95d6347f	refs/tags/v1.5.3-rc4^{}
6c733bfce556c1496e22e2aabdd94f28b29dac28	refs/tags/v1.5.3-rc5
1467b5fec376b6c43a5fa54bffd356e458a8d57c	refs/tags/v1.5.3-rc5^{}
c95d8e09f8f8aa15017d21664914e6c1c225421f	refs/tags/v1.5.3-rc6
a475e8095aeb898c1ca60673b82df97d2300cc95	refs/tags/v1.5.3-rc6^{}
c5b5022922b36880c9952f440d47360b302c7e20	refs/tags/v1.5.3-rc7
99c7ff35257886df349eafd7a370a1d530d731ec	refs/tags/v1.5.3-rc7^{}
48f320cfdd19f9ea6bea43f44568d1d32091b6ad	refs/tags/v1.5.3.1
5587cac28be66acf5edc2a4b83b67c8cfffbc5e9	refs/tags/v1.5.3.1^{}
dff68a6aa355f80cb013ad46ad4fa557ae56a148	refs/tags/v1.5.3.2
806ea701ce3624aa6a89648b6ca5d858703398cb	refs/tags/v1.5.3.2^{}
c03c76284e1fbd3753b348376d464b7d94e5f1df	refs/tags/v1.5.3.3
552ce11006e39bd07efd79946f180df47aa35b4e	refs/tags/v1.5.3.3^{}
0b3fbf7c45d64cc22180242cd2bc756eb449b04d	refs/tags/v1.5.3.4
4c75136f7697f76b31641db775163f5c75906ee2	refs/tags/v1.5.3.4^{}
cfb2bd0675538bcd7639fd21c6266f39bf8c9909	refs/tags/v1.5.3.5
3f2a7ae2c84c921e11041a5edc2522964fc1cce5	refs/tags/v1.5.3.5^{}
114ad397ec6ea5f514e11d9e6294fc148f56e214	refs/tags/v1.5.3.6
005e2dfdf299a7d869fa9ec819171fba574f42eb	refs/tags/v1.5.3.6^{}
692fa26f87627362a35bbb2cb3d8f092abf97e82	refs/tags/v1.5.3.7
1d557352f18a4b8f73be402674af6bd5bb152ab9	refs/tags/v1.5.3.7^{}
2970ff57403ea1ac3ca317af8e318424886254c8	refs/tags/v1.5.3.8
aadd4efa715f56e0eac5ac459c8ff4933b56d4ce	refs/tags/v1.5.3.8^{}
495a54bc1397e2fd3177c2733baf4899b48d30bd	refs/tags/v1.5.4
c3c135291a62a01f7fd385f46cde34091767259b	refs/tags/v1.5.4^{}
7d3891b76dd25c29cc01ccd15e66588c1566eaa1	refs/tags/v1.5.4-rc0
1e8df762b38e01685f3aa3613e2d61f73346fcbe	refs/tags/v1.5.4-rc0^{}
52dcc60ccf2e65081c528be1a26e838ce43d2f4c	refs/tags/v1.5.4-rc1
74f6b03c5c8fceef416de9f9a18e5d64712b6d96	refs/tags/v1.5.4-rc1^{}
25e58e9eb7f236f2250668fab6e242e8906ab8d4	refs/tags/v1.5.4-rc2
bbff2dce2baf840cca6ddfd79be3c27f93322f47	refs/tags/v1.5.4-rc2^{}
759dc1e2a7ab523e732e6e875cebf81741c146a3	refs/tags/v1.5.4-rc3
145d08248eb6076b4557005fc7b4fc0270a7a780	refs/tags/v1.5.4-rc3^{}
034ee24912da0a700ba27109825710fd84d64591	refs/tags/v1.5.4-rc4
ce33288ea6b81a2f4f5aecd72177bcc8174562ae	refs/tags/v1.5.4-rc4^{}
6c8faea4fe71d794ae9c2c16f7bc4cfff5e15209	refs/tags/v1.5.4-rc5
bf5aeb150681ed743d317702eaf123c34b05c311	refs/tags/v1.5.4-rc5^{}
16d006f9c0f9806b645949e616c1b9cc34459b53	refs/tags/v1.5.4.1
527270689c364bea9b0630df9bae5e09c2071c1e	refs/tags/v1.5.4.1^{}
b616391b66ff46384e53e0477910124a33380022	refs/tags/v1.5.4.2
e5fc9a0aea2c3c49829b5cdf499339e5c759706b	refs/tags/v1.5.4.2^{}
540ddb6886d2d8a66f38a8a9ad2dd2d05d11da0f	refs/tags/v1.5.4.3
31e0b2ca81ad985a8768c33c0aba547a51d05277	refs/tags/v1.5.4.3^{}
9f4234ddfbcf384694ad6536399d26c06b829376	refs/tags/v1.5.4.4
56d5fe285583b5177ffc65dbe7df636ed5b8cc6b	refs/tags/v1.5.4.4^{}
55aa593084dcfba3eb069609c19ca8d9a1801f09	refs/tags/v1.5.4.5
f8dd64fdbf47ac65c1b8d2ed25b789ae2655f8c8	refs/tags/v1.5.4.5^{}
1a41d974cbb61394a08c261652b48aae71ee12d0	refs/tags/v1.5.4.6
872354dcb3ce5f34f7ddb12d2c89d26a1ea4daf0	refs/tags/v1.5.4.6^{}
07ef072f51d64a1945a34db5465adc560b6bcf23	refs/tags/v1.5.4.7
34b146c0f444fc9f83bea3215bd0cd546fc57c33	refs/tags/v1.5.4.7^{}
9d831805195ba40b62f632acc6bb6e53d3ec9ee1	refs/tags/v1.5.5
1d2375ddfee18bd3effd2c1f98527cc2f8b1df0a	refs/tags/v1.5.5^{}
dae90de273ba8c476c1d46f7cb95b55127aa02e7	refs/tags/v1.5.5-rc0
7092882c84269af287646294a151551c59170a64	refs/tags/v1.5.5-rc0^{}
ebd2c750a63b8e10f1871f915fb6a5209f979716	refs/tags/v1.5.5-rc1
bc6100087cfac0293e6ccbea95a24223b724d072	refs/tags/v1.5.5-rc1^{}
de9fbf5cf665a62367f0a6a294e5dd864e7d8408	refs/tags/v1.5.5-rc2
803d5158123346229d71de53818920efbc88ca0f	refs/tags/v1.5.5-rc2^{}
ce13ddd2791595738324bd340d0e2f87a0885323	refs/tags/v1.5.5-rc3
6c41b80153a2e4ee347d0e968ee8d0d9abfc8862	refs/tags/v1.5.5-rc3^{}
1526ba313f8fc54c5fdd2066ecd22e3d06b37dce	refs/tags/v1.5.5.1
66aaa2fc22c8494d9019b241f5d6395a6044a895	refs/tags/v1.5.5.1^{}
3bd1ac1ba71c5a6ed23b4ac4c21771cf8b9d4012	refs/tags/v1.5.5.2
77599cc0bbd0a08defc3bfa80ca52d931d8dc786	refs/tags/v1.5.5.2^{}
5b2c7c6bbeb0a7ab9d1c9d2e8164ddc7c2d9a341	refs/tags/v1.5.5.3
28bc30220f30850a10217d61f73e46d8a541e670	refs/tags/v1.5.5.3^{}
8e640d811c37ecdc1a943b43d3166d7bfcd6e8f6	refs/tags/v1.5.5.4
7064ca51b08304d56bf57d2cceb2884f1abf66e5	refs/tags/v1.5.5.4^{}
f113481fb53c28f41bc47f541fc706b3ea67ee8b	refs/tags/v1.5.5.5
006f31d77f3dd5f813557c2839b39b2aaa22b925	refs/tags/v1.5.5.5^{}
218f7b2ea008bb910586a88133c600c605060642	refs/tags/v1.5.5.6
f23ffbe890d36e277f02d4a84c2b52de3a4e3173	refs/tags/v1.5.5.6^{}
92c8503222062af1d25fdfc086dc269fce030754	refs/tags/v1.5.6
e449f105805ffa49ccf7cf080db897ecf65a1a0f	refs/tags/v1.5.6^{}
93912c31ea5275fe89e76760daf4f08f9c2b193e	refs/tags/v1.5.6-rc0
9bd81e4249a419f9cde8fd68e033e263533f4914	refs/tags/v1.5.6-rc0^{}
909d18f0da1c0fcf212b7281bd0776f706bb5af3	refs/tags/v1.5.6-rc1
02c17196e323d64b2062eb90b661ff3c65de1a07	refs/tags/v1.5.6-rc1^{}
d41e3d965c5cca27f7b8734d885f619ef949e0e2	refs/tags/v1.5.6-rc2
218bf69f0b137e0a21cfeeda6ba81947f220401f	refs/tags/v1.5.6-rc2^{}
fc0ccb8d377bc2ffb4a6feeb934d8026e1d4733f	refs/tags/v1.5.6-rc3
52cb2bc28b8336a3f2259bb1c6ad2b99c3caca9c	refs/tags/v1.5.6-rc3^{}
259904225ae7496470c220fdf8474c9887e8bf5f	refs/tags/v1.5.6.1
e636106c76e0273334940d899de1c928d08b29e8	refs/tags/v1.5.6.1^{}
80860b746cce772d0901291f9b86e1cbf778a4f0	refs/tags/v1.5.6.2
78e3118685bc2050b4ee9ab754dcd79eb2ed4fb7	refs/tags/v1.5.6.2^{}
b276452e021dea0415bee4875025e6a2e20f55be	refs/tags/v1.5.6.3
191a8e32b38c7ff0dd884df7bd323b7a5bd4336c	refs/tags/v1.5.6.3^{}
3b8fb8a7080a4714c5c470afe675e07d11cd7293	refs/tags/v1.5.6.4
a1b6fb04b1c1b581dfac5c13641af8b3ae44810f	refs/tags/v1.5.6.4^{}
07cca3b30ee2b5d060e44e5b18d7c22929c63d1a	refs/tags/v1.5.6.5
781c1834f5419bdf81bb7f3750170ccd6b809174	refs/tags/v1.5.6.5^{}
58a3a9eb4a3d3cb23dbb32edee25c20821d39d49	refs/tags/v1.5.6.6
438d2991eaa17549df67929cd4558d65840c37d7	refs/tags/v1.5.6.6^{}
91ad08a29fd43a27817ef8781f5e269caf7c1929	refs/tags/v1.6.0
ea02eef096d4bfcbb83e76cfab0fcb42dbcad35e	refs/tags/v1.6.0^{}
4be80e6b423b9ceffab50e120855806712ab3255	refs/tags/v1.6.0-rc0
93310a40eb022a0e36e7c618921931d8ffc31fd1	refs/tags/v1.6.0-rc0^{}
ad6137f51f5f67e2558849629332c7443ed01108	refs/tags/v1.6.0-rc1
8e1db3871c767cb17b5e0eeb7bea8d967821a055	refs/tags/v1.6.0-rc1^{}
b7d75e49508ac928677f5cb83f490cf40a7c83d3	refs/tags/v1.6.0-rc2
1fdf6ee6f81b31b299a8039832f45290faa4583a	refs/tags/v1.6.0-rc2^{}
534ffb09a87995dbb2380a9a28e7e7e58ce3516b	refs/tags/v1.6.0-rc3
65f59e2998c7dd87f61b25fa41bba72fd4247901	refs/tags/v1.6.0-rc3^{}
5ba80953c9ece9b1532e75a2a32debaa661e1a62	refs/tags/v1.6.0.1
5760a6b094736e6f59eb32c7abb4cdbb7fca1627	refs/tags/v1.6.0.1^{}
71ef53eec4dc817c6635480a0807fe98e08ab179	refs/tags/v1.6.0.2
97a7a82f199f165f85fe39a3c318b18c621e6335	refs/tags/v1.6.0.2^{}
d00da833cbeec16da9415e0ac11269594279545a	refs/tags/v1.6.0.3
031e6c898f61db1ae0c0be641eac6532c1000d56	refs/tags/v1.6.0.3^{}
02abbc9dd6f78b96976c9219b9507a2cc59c7d94	refs/tags/v1.6.0.4
7c181d627c136cbc67ef0f722e74e34017e662f0	refs/tags/v1.6.0.4^{}
23dc2ee076f1a015325e54245ebdab81833d1f66	refs/tags/v1.6.0.5
1c2ed59de2d14ad6ee9daa4d4f7254297d9a3830	refs/tags/v1.6.0.5^{}
95acb2fdf26f06642914335bd453b4d197a2e1f9	refs/tags/v1.6.0.6
718258e256b74622aa55f5ee0cb9cff4cce6bf9f	refs/tags/v1.6.0.6^{}
92b35d66d0e335771c2e4a4a79f95adb844b1f91	refs/tags/v1.6.1
8104ebfe8276657ee803cca7eb8665a78cf3ef83	refs/tags/v1.6.1^{}
cb0b0f8b81a72eb66b7f3793d53445a4ad8da6e5	refs/tags/v1.6.1-rc1
3273ebc759ee44fa22026d2882d56010742c6797	refs/tags/v1.6.1-rc1^{}
b08c151276a57904bfef48b23352a41d91c3800f	refs/tags/v1.6.1-rc2
f371d3ea3ca7933df787230f2eb9b67901bde9d3	refs/tags/v1.6.1-rc2^{}
7fd589b6a03d5b3dbf19f197fa6a2018f5d4e3ad	refs/tags/v1.6.1-rc3
8befc50c49e8a271fd3cd7fb34258fe88d1dfcad	refs/tags/v1.6.1-rc3^{}
926d6f0a8b900f1069bbcdd5f8e336640b8456fb	refs/tags/v1.6.1-rc4
779e3a8f8b77f4316bb61a8d67b49462b3893632	refs/tags/v1.6.1-rc4^{}
ffe392bad58e2e457c65c36ae21d30a9b088c2db	refs/tags/v1.6.1.1
5c415311f743ccb11a50f350ff1c385778f049d6	refs/tags/v1.6.1.1^{}
d4cf8bdb5873b87033bd9dfea169bc6ba50b8ae3	refs/tags/v1.6.1.2
b296e8fce6de6a40a41b5168dfbe735d11255256	refs/tags/v1.6.1.2^{}
2525ca8c31b639107a27244a9377a3b77bcc434a	refs/tags/v1.6.1.3
b59122f86f23007fce374f92de7f6e0a73793026	refs/tags/v1.6.1.3^{}
df84758e4ae71383f79b3c755e394cedf3de553a	refs/tags/v1.6.1.4
bab39ed371145b83340750101e7ec85167845857	refs/tags/v1.6.1.4^{}
b47530b5f33898b5607603b16c56bd2adcc4ac70	refs/tags/v1.6.2
a95148dea1d9546e96adef7c3cad11be80aa30f5	refs/tags/v1.6.2^{}
21bb996953bec323212ec128faa7e6cce5bce34f	refs/tags/v1.6.2-rc0
621f1b4bcf40f1469fc59202248df35619e33c82	refs/tags/v1.6.2-rc0^{}
2ab92b9af6202f071f069d7d7e1ead0aeb2871da	refs/tags/v1.6.2-rc1
1b7e543a6e2f156536a3cf227f9da1029bba6265	refs/tags/v1.6.2-rc1^{}
efa5d40e0053243cca322472e5497b55ef7fbcd9	refs/tags/v1.6.2-rc2
661763abf6e13eabf0aa1a3eefd364d32da8f4ad	refs/tags/v1.6.2-rc2^{}
f61264a821aafde174133af9ec1196089e9d8859	refs/tags/v1.6.2.1
6f55ee4317681a5639ff364d2f0a352bde064269	refs/tags/v1.6.2.1^{}
74f230d62142e27dcf5804897b87bd72751c9a2b	refs/tags/v1.6.2.2
3346330d708b9b786b16167cbbd4a3637b3a3517	refs/tags/v1.6.2.2^{}
4e6cd2dd98822f09a8a115057dedd1821b4eddbe	refs/tags/v1.6.2.3
3bd1bb327eb4d3e386800897734f9f42b48280ff	refs/tags/v1.6.2.3^{}
2f768616b2a7410e5ccc1e994458fe8d96944ef3	refs/tags/v1.6.2.4
1f9b620fdbf27835f54b11008d64c4014b8f4c32	refs/tags/v1.6.2.4^{}
bb9ebe80cc9a9b262aa03e3f4e65c502f3e72138	refs/tags/v1.6.2.5
a48f5d7153761fabf0b04fdfd1667adf7eeeddbe	refs/tags/v1.6.2.5^{}
26e3d69a684dbe531d7434837326e0ec12bdafc1	refs/tags/v1.6.3
f01f1099f40f24fe6f7802185340a6fa3a3d4f35	refs/tags/v1.6.3^{}
c3d00ec7e2e1faae7eb2d63b3ba524d506a7ded5	refs/tags/v1.6.3-rc0
c965c029330b1f81cc107c5d829e7fd79c61d8ea	refs/tags/v1.6.3-rc0^{}
efb6a9a3cc1ca05f1b7123db49338085b93e6985	refs/tags/v1.6.3-rc1
77b96d6dbf65f736a63b8a0bb5f810edbf895a09	refs/tags/v1.6.3-rc1^{}
d4f4f84998ca3b73c308a34a119180afa9f87b9c	refs/tags/v1.6.3-rc2
f29ac4f1b04c9cf84509e4a80f27f10b4373a446	refs/tags/v1.6.3-rc2^{}
39545e0082522edab157cf9e3e1cfe7875f1980e	refs/tags/v1.6.3-rc3
95110d75d972dfdd317829ae7feaf42d4f14ab25	refs/tags/v1.6.3-rc3^{}
11083e2cb54b064d47862054cff3d83df7f9071d	refs/tags/v1.6.3-rc4
503f464090d835ad333f5a55662ca0880c7b1d44	refs/tags/v1.6.3-rc4^{}
f2f4adba912cbd1a8dbf634c4a9a7e51695da92b	refs/tags/v1.6.3.1
4774780ab196ff4ace780445c06c8e5bfffffc49	refs/tags/v1.6.3.1^{}
c2ad09d420aea8cb9932d79b55296fb1f8834e23	refs/tags/v1.6.3.2
6c7f58d6f691c1091b90b0891e94c91e20fd6054	refs/tags/v1.6.3.2^{}
9bc5932d7e92f3566f6e0706db6957441d49864d	refs/tags/v1.6.3.3
cff4231a1dfbe68b4a163b31406d862567d3243a	refs/tags/v1.6.3.3^{}
a9a87e42eed1383719879c8ff6b0ef3134281bb1	refs/tags/v1.6.3.4
e276f018f2c1f0fc962fbe44a36708d1cdebada8	refs/tags/v1.6.3.4^{}
448704cb98b327072a4bcef0047843fddf6cb72e	refs/tags/v1.6.4
0a53e9ddeaddad63ad106860237bbf53411d11a7	refs/tags/v1.6.4^{}
9ff491f144f8fef254ab2c7855a8607a0758a0ed	refs/tags/v1.6.4-rc0
4ecbc178704ca6c1027a38483e98f5fe493b1322	refs/tags/v1.6.4-rc0^{}
058196d2e39dbe1ef6a4413680df37349fa2d4cf	refs/tags/v1.6.4-rc1
4525e8e41a8c0c4246a95097744604ea72198dad	refs/tags/v1.6.4-rc1^{}
a4122552ec8eed216c3bcbd00b31b818ad13b7e1	refs/tags/v1.6.4-rc2
0ad8ff2cd185e84fd49dd961370411e379681f10	refs/tags/v1.6.4-rc2^{}
ecd504afc851269543e43970346512772bade77c	refs/tags/v1.6.4-rc3
d8f7be2ebcb7e3ec40269080a9ab9a28bc06ba17	refs/tags/v1.6.4-rc3^{}
5d72ca751e70f9e5379e439a581f549805c3a381	refs/tags/v1.6.4.1
d9b9784f572a71b2f4ea0f8772b0d586ea0f848f	refs/tags/v1.6.4.1^{}
665c4938c4b31d55d8cbe455ed3057d47b116b5d	refs/tags/v1.6.4.2
82c3e210002d452867a46a9d8806a8aee82ae9d0	refs/tags/v1.6.4.2^{}
e6754cb493186681ccc4e561258130865e643949	refs/tags/v1.6.4.3
7fb6bcff2dece2ff9fbc5ebfe526d9b2a7e764c4	refs/tags/v1.6.4.3^{}
24e7385edfd09dfe8f458ba6036db8858c1cd8d7	refs/tags/v1.6.4.4
cb572206d9dac4ba52878e7e1a4a7028d85707ab	refs/tags/v1.6.4.4^{}
a4ea91ab348d1acd10897bccf90e956f84a91bf7	refs/tags/v1.6.4.5
88fcc52e4468d5dfef4f50d2bdee4b168a855368	refs/tags/v1.6.4.5^{}
9b5c99e27eff7dd16c4489c70699c98b3cc18105	refs/tags/v1.6.5
78d553b7d7b269bb22ebd8b1198657c37484a3a0	refs/tags/v1.6.5^{}
aeb7b89ff19d6479308ef49370c494a05d1c5e86	refs/tags/v1.6.5-rc0
5ad9dce7e691106fecde413de8cc321b937367a6	refs/tags/v1.6.5-rc0^{}
a3e2475ac3f8fc035fb24013af5c763bfa64db4f	refs/tags/v1.6.5-rc1
eaf1c941bbc10f5aa67fcf64e316fb548b910cfe	refs/tags/v1.6.5-rc1^{}
e3ebef87040b4c0e69434f5c5f150b3f30f4b56e	refs/tags/v1.6.5-rc2
a6dbf8814f433a7fbfa9cde6333c98019f6db1e4	refs/tags/v1.6.5-rc2^{}
0d0ae8dbf6f39180793f21117c335ec1679c9e49	refs/tags/v1.6.5-rc3
8fd2cfa7accd6b8f877014bf3e4bf8547b8e0d2a	refs/tags/v1.6.5-rc3^{}
4e59f63cd18444984fdf7807e7bd5212ad4fcc22	refs/tags/v1.6.5.1
b142da2a5dec8f868a61322e2ab591e9a008ec3b	refs/tags/v1.6.5.1^{}
f5f41eaa67421179df0ca3b01eb87471a7395464	refs/tags/v1.6.5.2
6c0efa2ac07f275c1edd11ae6646a647d7f19f36	refs/tags/v1.6.5.2^{}
4f2233ab2154436921acb8948b82a39ccca4ef45	refs/tags/v1.6.5.3
080cbc1275ac09445136ba429d90b5ec85e92c1c	refs/tags/v1.6.5.3^{}
9f5f1defffe9eb4e4f012d5259fd9359ccfccb95	refs/tags/v1.6.5.4
eefe19fbfc93b359afe43aa1645eb5591a502f15	refs/tags/v1.6.5.4^{}
9bf5cf662a6d622ee8bdbd7b84d777f3e403d245	refs/tags/v1.6.5.5
aa031314bf8189a15290d5bd0d85fa2a0307ceb7	refs/tags/v1.6.5.5^{}
61baffe6a3c7dbcb1b19f1edcc143e4f8140201c	refs/tags/v1.6.5.6
9861b644e045b5ee0e16dea65b44419205090960	refs/tags/v1.6.5.6^{}
8343b16bbca3b915551ffc3f0e7af5a76b15b9e8	refs/tags/v1.6.5.7
527b9d704d929a2fff2f9bf1c5e2856725c1416d	refs/tags/v1.6.5.7^{}
088f4810d88a751eb016fe8bdff8c5b999b0acae	refs/tags/v1.6.5.8
35eabd1579726d594e84fc8328a5c87693dd065a	refs/tags/v1.6.5.8^{}
ba33926345347c015e031b74c40d375c4693ea7d	refs/tags/v1.6.5.9
ec82874ad47627a44b6b22a6645551a214293711	refs/tags/v1.6.5.9^{}
ed31008e2d02552100ea232ee258d731717e66d5	refs/tags/v1.6.6
902f235378cb2b2f6dd5dd664b9630c95321f0ae	refs/tags/v1.6.6^{}
30c55398a3d20c400342319322a41d6177f23583	refs/tags/v1.6.6-rc0
12fb25dce80f6804da73e0b9451caeeddb1b16d9	refs/tags/v1.6.6-rc0^{}
8a06b55a017e21b45fcb0c0fd701f78df866d9c3	refs/tags/v1.6.6-rc1
b809d9cd0787e68f442c6795ec76580bb37d1a00	refs/tags/v1.6.6-rc1^{}
1250aafa65e7ec62cf776d863ca8c7e4f822928c	refs/tags/v1.6.6-rc2
80d93611c55fec171e0d9aba98db079952f9d7aa	refs/tags/v1.6.6-rc2^{}
d205d24b8ae17232babad615572bb0265bc029f1	refs/tags/v1.6.6-rc3
94058a90cf3e10122037cd80ea48d3d52be5efd9	refs/tags/v1.6.6-rc3^{}
09e5ddd756bca67552aad623bab374614ae5e60d	refs/tags/v1.6.6-rc4
ab0964d951e4ea88f9ea2cbb88388c1bcd4ae911	refs/tags/v1.6.6-rc4^{}
adbfb7842a1b28f2d9a5827f3753c757e4a258d7	refs/tags/v1.6.6.1
9504f3d3d2e62cb6fba9e7c61c6fe69dec9053a4	refs/tags/v1.6.6.1^{}
a2d72db5cd368581dc4c6b569565aa457df1b432	refs/tags/v1.6.6.2
4133fd25525022f99d2c7ba339618433bdd919fe	refs/tags/v1.6.6.2^{}
59a540fa3ce7e4483cbd9f3d7c552b009fc19c47	refs/tags/v1.6.6.3
abf411e28d9df669b0e690578a1eb95c0bd29847	refs/tags/v1.6.6.3^{}
15c6c83c4950d80e6bbabc5186c90b35629ce4f7	refs/tags/v1.7.0
e923eaeb901ff056421b9007adcbbce271caa7b6	refs/tags/v1.7.0^{}
00c2e1f092f5fc428e3f5b74bdbb618c227b2f54	refs/tags/v1.7.0-rc0
b2c2e4c22c6a4fe151f02380d247cf3d9a9d5d1e	refs/tags/v1.7.0-rc0^{}
65d04043855018175258649f1d41cfe0df8263d0	refs/tags/v1.7.0-rc1
b0883aa6c77111e88496bd0afe073caf68ab9f99	refs/tags/v1.7.0-rc1^{}
0798abe9c2bec5749a57b671c97e96e81de4bd5f	refs/tags/v1.7.0-rc2
8051a030617cf7d083568cca223bdaa15052c33f	refs/tags/v1.7.0-rc2^{}
86b302c5442abde3a9398f5d94643b538118dc86	refs/tags/v1.7.0.1
c5e5f6030573b5433284b4e6b4342ab7204f20e1	refs/tags/v1.7.0.1^{}
45cb040b09e67d5344c11d6435b3c808738de208	refs/tags/v1.7.0.2
97222d9634b5518cd3d328aa86b52746a16334a7	refs/tags/v1.7.0.2^{}
e4cc99ada70a14e3761025981b59c6644d32f24c	refs/tags/v1.7.0.3
0b3dcfe721dc8734e2688f936afad055d8541d97	refs/tags/v1.7.0.3^{}
67b8734499e29878dab9c526a488483d6962d7e6	refs/tags/v1.7.0.4
2be10bb5c1cfe15aa4f1b43137ccd17d826d8553	refs/tags/v1.7.0.4^{}
2ae36f58cb3ce3b75f0a3722ddc7232dd8b40e8e	refs/tags/v1.7.0.5
fcd424011bf7b841e9d4b3154ecadf6bf5e6e686	refs/tags/v1.7.0.5^{}
f09ddae60d35b62d380925ced938e91cdaff3bc9	refs/tags/v1.7.0.6
66cfd1026ffadc9dd7053823196af7578aa112bf	refs/tags/v1.7.0.6^{}
b4a6d13251415d94a4be31d13891121cd0d0b752	refs/tags/v1.7.0.7
593ce2bea5dad436e87b5dd37c205961d73feae9	refs/tags/v1.7.0.7^{}
4fe953c4304f6f7f6e565805e1031e7ebb43f8a3	refs/tags/v1.7.0.8
cbcab75c54b5956dcaa4f24a4074bc99adc49629	refs/tags/v1.7.0.8^{}
ce882a11731542c86eca3a54438f9400a13cd91b	refs/tags/v1.7.0.9
cb198b3b67feb2c0a6f22199ec14fa48d18ac1ce	refs/tags/v1.7.0.9^{}
bcdd637033297a35cd06bba2a6b0fe96d8fa330e	refs/tags/v1.7.1
d599e0484f8ebac8cc50e9557a4c3d246826843d	refs/tags/v1.7.1^{}
bdf533f9b47dc58ac452a4cc92c81dc0b2f5304f	refs/tags/v1.7.1-rc0
537f6c7fb40257776a513128043112ea43b5cdb8	refs/tags/v1.7.1-rc0^{}
d34cb027c31d8a80c5dbbf74272ecd07001952e6	refs/tags/v1.7.1-rc1
b9aa901856cee7ad16737343f6a372bb37871258	refs/tags/v1.7.1-rc1^{}
03c5bd5315930d8d88d0c6b521e998041a13bb26	refs/tags/v1.7.1-rc2
5469e2dab133a197dc2ca2fa47eb9e846ac19b66	refs/tags/v1.7.1-rc2^{}
f19df95a7e5cf8c130f1a513b188cad58134e47d	refs/tags/v1.7.1.1
a1463920565c67646507dc573d3f5280fa4cdcf3	refs/tags/v1.7.1.1^{}
70701283562a1fd4abb7b50685663a3de2c14a91	refs/tags/v1.7.1.2
245b10ca1b0ff21de42b12ee2c1e3c9f8d1d98a3	refs/tags/v1.7.1.2^{}
5d4708f9e69786f822575a23c4c393cf1a25e413	refs/tags/v1.7.1.3
bd01c6de67715586f7527115bb4f74e7929b3b66	refs/tags/v1.7.1.3^{}
900f48584f570c05eedf4b73c1194c3c638d0d90	refs/tags/v1.7.1.4
9db41eba4259126dbe1c68e2207d342d11f14745	refs/tags/v1.7.1.4^{}
db706538e03f7c275274775d2502180001c45c47	refs/tags/v1.7.10
e8dde3e5f9ddb7cf95a6ff3cea6cf07c3a2db80d	refs/tags/v1.7.10^{}
31d79e238ce0cea8931711b26e65dbef359c383c	refs/tags/v1.7.10-rc0
56a33c8f1bb5cef11ddf046f7b570f527ea77d37	refs/tags/v1.7.10-rc0^{}
73db6ae833b2f796d28fda80348090273e6a99cd	refs/tags/v1.7.10-rc1
0e2d57fd50f61e668be3180bc8f25991ea88aa8c	refs/tags/v1.7.10-rc1^{}
e1bc9717e4b0b6be039894d8a7948990208be475	refs/tags/v1.7.10-rc2
c16df57c5a778ef14ede7ad202c74146269d61ac	refs/tags/v1.7.10-rc2^{}
8198772992650c8339bff62eb0c69cfae1d6edf6	refs/tags/v1.7.10-rc3
455cf268dbaf227bdbd5e9fbf96525452bcfe44f	refs/tags/v1.7.10-rc3^{}
a9324ed7ed7845a93f77bbebd113b6768a3d9e22	refs/tags/v1.7.10-rc4
e5056c05ecd2bdaceaa95e12e9e94b1584ec59c8	refs/tags/v1.7.10-rc4^{}
9dfad1aaa164cf84096ec8006cc8729e4ce73da1	refs/tags/v1.7.10.1
bf505158d0292eed441fff1bc9157da19645ee91	refs/tags/v1.7.10.1^{}
b4965f858f57801d8d2b2bda3e00859e4d7a0581	refs/tags/v1.7.10.2
b6555d731e0828c356247a7836bdbd6e31c7a639	refs/tags/v1.7.10.2^{}
f5ad12bd11ca6e9d2a095d06aba641a099fbfd27	refs/tags/v1.7.10.3
26e5c5d09334d157bd04f794f16f6e338d50c752	refs/tags/v1.7.10.3^{}
934924d79f431ca00684dcf1c0c08df259aea570	refs/tags/v1.7.10.4
121f71f0da1bc9a4e1e96be2c3e683191a82a354	refs/tags/v1.7.10.4^{}
644b6ca3a68a0635e3d5e592e7967496c3964c53	refs/tags/v1.7.10.5
785ee4960c3d334cbc2b17ab74d2cebdf1b4db64	refs/tags/v1.7.10.5^{}
8fc9727c5a6861f502c094b9373b63745f6f6ad6	refs/tags/v1.7.11
0ce2e396ee9fb0fa07e8381b338e49859dbf03db	refs/tags/v1.7.11^{}
c690868b578019848f914056fb457bdda0f86062	refs/tags/v1.7.11-rc0
befc5ed3799cb6fcbaa7de03e7fa1760e846853c	refs/tags/v1.7.11-rc0^{}
0d126b844b4731f5a9f0f6e7c9417cb8abaaa7e0	refs/tags/v1.7.11-rc1
3fe4498197ced84886b4adaddf18f1109b477f8e	refs/tags/v1.7.11-rc1^{}
42e15c976603be47475dba75988b472d092eef0c	refs/tags/v1.7.11-rc2
a1a031d9356cc89cadc5e14acc4028e3ecc306eb	refs/tags/v1.7.11-rc2^{}
fc5340175ad75ea1e376596fd60ef6aac4bd216a	refs/tags/v1.7.11-rc3
9bea2b5896701cf952f75c8f6756656cd3c40af0	refs/tags/v1.7.11-rc3^{}
d636c481843edb5ff4dccb83ee43acd473c337f2	refs/tags/v1.7.11.1
0e64a95ae5824238cebdc921ed060efdef19620d	refs/tags/v1.7.11.1^{}
1522d2b4aa450f36374b7409795b3d6817177d02	refs/tags/v1.7.11.2
8d141a1d562abb31f27f599dbf6e10a6c06ed73e	refs/tags/v1.7.11.2^{}
cc36401a56dd741212c6cc1e28fe8623289e7490	refs/tags/v1.7.11.3
e6dfbcf12b0e70897818cb36903de0625931a5c6	refs/tags/v1.7.11.3^{}
fc98289584956de9ab1402a4cd607415926f5e68	refs/tags/v1.7.11.4
0e4c8822e98e27c3c63125570c8bcbf0a8fd34da	refs/tags/v1.7.11.4^{}
489bd3a789875f9b8991f90f6531466e81ac8230	refs/tags/v1.7.11.5
cd7c0be19f49efe77a8b0690ab92d2eb1cff1778	refs/tags/v1.7.11.5^{}
23ed9debf17263ed6bed478a4d6d86e71342c18a	refs/tags/v1.7.11.6
e09e4024a070e666ed40b66442e8151b91d623e4	refs/tags/v1.7.11.6^{}
527b331100ddba839cc54bb31c1bcd66acc08321	refs/tags/v1.7.11.7
bafc478f1618534fcb85bedc0fa224bd2d462441	refs/tags/v1.7.11.7^{}
14d20a75e3d57a872a8c81ae90dcc4c61ddba011	refs/tags/v1.7.12
889d35899ba64640e47798681ecb34a4be043bad	refs/tags/v1.7.12^{}
dcd07fb6262fd8bb9f531890df3986a8b719a0b5	refs/tags/v1.7.12-rc0
ccc1188fa34cd9519185a22b13599256ccfac7e1	refs/tags/v1.7.12-rc0^{}
38f8477bf437474ff27bcc3750640fe959e80b33	refs/tags/v1.7.12-rc1
3b2d763db07f251e424d7f940938d9df1e1d4d09	refs/tags/v1.7.12-rc1^{}
2a13db6a86ad017ab4ea1e5b577dc267721ab4b3	refs/tags/v1.7.12-rc2
e15c16de396a1e1f42001b03cb885ce64eb4098e	refs/tags/v1.7.12-rc2^{}
b4711af8b9afe0f4470c9dddf2fade4f7ed6698d	refs/tags/v1.7.12-rc3
2a9a19e1b160c8c63c470d4c236d65709214a66f	refs/tags/v1.7.12-rc3^{}
51993a414a76120fda20d56ba767fa513d9ff440	refs/tags/v1.7.12.1
304b7d99a705e8c125650dda347a571402222a3e	refs/tags/v1.7.12.1^{}
04043f4d1ae42bddee67d354a2e6fd2464592a1e	refs/tags/v1.7.12.2
d8cf053dacb4f78920c112d10c7be21e4f5a5817	refs/tags/v1.7.12.2^{}
b38da673be332933b8f3a873ce46ffea08d2ee2c	refs/tags/v1.7.12.3
234cd45662d5c094339d729bc040ae90ae688de7	refs/tags/v1.7.12.3^{}
cffb45719f60d6fc2cc98ead6af88a895c63c9ac	refs/tags/v1.7.12.4
7e2010537e96d0a1144520222f20ba1dc3d61441	refs/tags/v1.7.12.4^{}
718c6b9f9053f8e349c80f1a3f5479d857d4a430	refs/tags/v1.7.2
64fdc08dac6694d1e754580e7acb82dfa4988bb9	refs/tags/v1.7.2^{}
00e6af904e4ec9e908d5797975fd4a36f1d322dd	refs/tags/v1.7.2-rc0
492b10766f499b60bdc867c253f36d274ac51538	refs/tags/v1.7.2-rc0^{}
71fe8960062ff3e3fb9153290e886e5c18cd982f	refs/tags/v1.7.2-rc1
45e9a825edf9064ff76f6ff10357fdc79497f0eb	refs/tags/v1.7.2-rc1^{}
a6f1c609cce0fd0136263d200360b82bb62f2980	refs/tags/v1.7.2-rc2
9918285fb10d81af9021dae99c5f4de88ded497c	refs/tags/v1.7.2-rc2^{}
f50ac7ec43918a5af59f1a305d47cd16ed5e3b4d	refs/tags/v1.7.2-rc3
fc051572a3fe171286f10761bd33946c48de3f7f	refs/tags/v1.7.2-rc3^{}
72073f8469aebafa387f35024856e22cccf74c73	refs/tags/v1.7.2.1
2aedccd3d51ec922020f7c7e39df5d2c4d3af515	refs/tags/v1.7.2.1^{}
04d14fa25c7a481a6141248e3cbd04d76ab15df0	refs/tags/v1.7.2.2
8c67c392e1620fc3b749aa9e0b8da13bd84226f8	refs/tags/v1.7.2.2^{}
d23cad54b9c8a4e6c5b47f38d886ad849c2101c8	refs/tags/v1.7.2.3
dd34b6be8a3e869f3e0d62a13115f02d90cf4f80	refs/tags/v1.7.2.3^{}
471a0d38dfe2aad714316c8263e36b224d756c73	refs/tags/v1.7.2.4
2850c1a882ff78e181d0e44b54b595e6b272a02b	refs/tags/v1.7.2.4^{}
9de1cce1387da7ffe5ab6b3fc6ea12e36dc621bb	refs/tags/v1.7.2.5
b91779f17eb19ffc2e63e84728e785cf274b47df	refs/tags/v1.7.2.5^{}
7a1713988ef8fef791b949ac58fa7e75e1e9f535	refs/tags/v1.7.3
87b50542a08ac6caa083ddc376e674424e37940a	refs/tags/v1.7.3^{}
83b98292d674d468cc3470aae71e66a7be8a872a	refs/tags/v1.7.3-rc0
4682693e9ccc04252d0fad6f5627fc056abcdbba	refs/tags/v1.7.3-rc0^{}
99b4c1fc8026e8a45f158f1d6834f9b6ac21f28f	refs/tags/v1.7.3-rc1
3b3a8ed4beadf5d9437597108355b23c7143bc81	refs/tags/v1.7.3-rc1^{}
d996805dbc56eac21150bf1e43c5cc103cbadb63	refs/tags/v1.7.3-rc2
7e100effc6c3a8acbb4bf305638c7b324a63236d	refs/tags/v1.7.3-rc2^{}
0ebac1b0c737ef67f2e5c3348fa4a9153273a8d5	refs/tags/v1.7.3.1
92c1e717779a9aa3267cef232ce80ac93e3460fe	refs/tags/v1.7.3.1^{}
683c35c9ade6e241df832a2f82c521264f6a9b7f	refs/tags/v1.7.3.2
8a90438506d3b7c8ef8bd802b7ed10c1f12da1d0	refs/tags/v1.7.3.2^{}
b93f333422dfc5c8c7729eee91fd4f7c198516a0	refs/tags/v1.7.3.3
6079ec6680da5e40d15d981c24051e9bf5c226fc	refs/tags/v1.7.3.3^{}
9b3fc58973628cd45e4f2f6046c1f09c834e2626	refs/tags/v1.7.3.4
fa1c8542cb3ed2a193aac2e514ebe12d7fe22a04	refs/tags/v1.7.3.4^{}
3051e28518758b6bb4f7b15f6f4b16f169f26d30	refs/tags/v1.7.3.5
6e97ef31ce20ff93a4cc0e3c6ab5171fd6dda5f3	refs/tags/v1.7.3.5^{}
e54cf051c694e94a16fb335e2db737eec67c3f90	refs/tags/v1.7.4
7ed863a85a6ce2c4ac4476848310b8f917ab41f9	refs/tags/v1.7.4^{}
37e09de410fb4a7dab50e3db3ba44c06726871e8	refs/tags/v1.7.4-rc0
01b97a4cb60723d18b437efdc474503d2a9dd384	refs/tags/v1.7.4-rc0^{}
754c81418b6a5b7dfa4f6c5420f6880d36ad818c	refs/tags/v1.7.4-rc1
685e9d9145a186a4b2036ecf2be73cc86d99a9b7	refs/tags/v1.7.4-rc1^{}
1b243c8b7a9a2a842dc743c65f33e35fae837df8	refs/tags/v1.7.4-rc2
adf872e7837cc92e390f00ee32f32c5639d3a444	refs/tags/v1.7.4-rc2^{}
01cde9d884eb7e88c8a79d68804395a89b0013be	refs/tags/v1.7.4-rc3
630fc7878b6fd1bc188d4916b64f4df37658df96	refs/tags/v1.7.4-rc3^{}
40a31696b213101d35f133b0cbdc2f7969b43200	refs/tags/v1.7.4.1
9971d6d52c5afeb8ba60ae6ddcffb34af23eeadd	refs/tags/v1.7.4.1^{}
23b130b926d58efaa05aea15f131b8d7d0e49fe7	refs/tags/v1.7.4.2
78bc46675353e4833a59e0f4dfa47d57a9c1a46b	refs/tags/v1.7.4.2^{}
b3229df283460d404c293daa0d83a244f7653d49	refs/tags/v1.7.4.3
d83a831bf4eca748f159b326d5a2562085013900	refs/tags/v1.7.4.3^{}
eca92b9112163a9103567bd2789db71a37b2786f	refs/tags/v1.7.4.4
5fb41b883a5d0f9cbc4c6c693e6d84a8a5cee17e	refs/tags/v1.7.4.4^{}
667d091761f518bf2f5471c78c19a32fd722451b	refs/tags/v1.7.4.5
4fec83045bdc53ed9d3ff71ed099e3e6992b5c56	refs/tags/v1.7.4.5^{}
4d2f8aeba22578022e2d2a56dac37fcdf78d82d4	refs/tags/v1.7.5
ec014eac0e9e6f30cbbca616090fa2ecf74797e7	refs/tags/v1.7.5^{}
b96cdc601bb0d179498570c0546fc8454a48bae3	refs/tags/v1.7.5-rc0
6acef043581d69597860f3343ec2691c72b0803c	refs/tags/v1.7.5-rc0^{}
5489cb6572ec11b7055bb1b6d93edd94db731ffc	refs/tags/v1.7.5-rc1
6be0559183ac0b40680df314748141d1bdf28e41	refs/tags/v1.7.5-rc1^{}
34be3dea85172c60abdb9abf176597a10f440ca1	refs/tags/v1.7.5-rc2
865d370c4daf21e3d6dd48708fc4b716b63d795c	refs/tags/v1.7.5-rc2^{}
3b06a7ea240104015c8b50cc246b062e49fd943b	refs/tags/v1.7.5-rc3
6ceb270ce6f65cf4bc2a22830f96e0cc838b3fec	refs/tags/v1.7.5-rc3^{}
6cccf1f34b4aa420a23f010b848a45f08bc22103	refs/tags/v1.7.5.1
2f312e8851035a85f431911075383265f1519c04	refs/tags/v1.7.5.1^{}
72dee1ab404265529f7f70f1467ce24ba96f223f	refs/tags/v1.7.5.2
3d5ae435275e60be3ebd7302c1d2cf8ed6f0b8ad	refs/tags/v1.7.5.2^{}
b3bba323cfacb8ca9910a48f90a5279c27fcded5	refs/tags/v1.7.5.3
3c3e0b3c41f4c975828cf51d661614e45bf80dc0	refs/tags/v1.7.5.3^{}
13c3997882f8b397232babae37795b35c35106dc	refs/tags/v1.7.5.4
e5af0de202e885b793482d416b8ce9d50dd2b8bc	refs/tags/v1.7.5.4^{}
d78c84e8698e750139667bc724b08eb34e795b65	refs/tags/v1.7.6
f696543dad6c7ba27b0c4fab167a5687263a9ba0	refs/tags/v1.7.6^{}
20ccafc517fc29b508b0cbfc740b63b142f1ac90	refs/tags/v1.7.6-rc0
a6605d76cdad37ed3c55a7be4d2e0af0f4721bb2	refs/tags/v1.7.6-rc0^{}
723a23c394b2bf7fee61f49a1c93b28d1778d77c	refs/tags/v1.7.6-rc1
2cbd969bcfef26b32c78bfbe475ce0ad9646ea06	refs/tags/v1.7.6-rc1^{}
80d8f8133d58109d64b0dc6b94eb5d5c82dae0ce	refs/tags/v1.7.6-rc2
302bd999fd0ef41f3605a2212c23f54ae43649f8	refs/tags/v1.7.6-rc2^{}
5065fc82b8c5972261cf345289e25acafcd5b2fc	refs/tags/v1.7.6-rc3
7af4fc9cf3e3538a9bfb8b14feeacdeb7f6db7d5	refs/tags/v1.7.6-rc3^{}
ce54b9b90e96293436d908b78e02f1199ecd57de	refs/tags/v1.7.6.1
ccef6048cd697063967e5e02937911fd8125b364	refs/tags/v1.7.6.1^{}
f87933fe5dd98e8a23ed444d756e194a0242e32d	refs/tags/v1.7.6.2
509d59705ee07094bcc56b49a17ba0ae983da50f	refs/tags/v1.7.6.2^{}
e063a55b00ef37b569629b3db7cf750060adfabf	refs/tags/v1.7.6.3
740a8fc2249cf7d8b39ab50a25bbf86554158ae7	refs/tags/v1.7.6.3^{}
7ea214fad518c27bcd6170af542902ed79974ad1	refs/tags/v1.7.6.4
632052641517de1a965c1f045b97d2eaa541b2e9	refs/tags/v1.7.6.4^{}
8634b0870be3869a4bb36abab55574f9d1e00e78	refs/tags/v1.7.6.5
15b7898c5e9fc6fed9a6064213cfcd08cf7d7314	refs/tags/v1.7.6.5^{}
5f713cec5c8ddea1df70813feb76a48d151d7080	refs/tags/v1.7.6.6
f174a2583c9f42315b60205890fa67a79a1f1669	refs/tags/v1.7.6.6^{}
a258e475eb74e183e9e68ca30e32c5253081356d	refs/tags/v1.7.7
703f05ad5835cff92b12c29aecf8d724c8c847e2	refs/tags/v1.7.7^{}
8064fa9b5b7061231eff796a00581cc979a7ca2b	refs/tags/v1.7.7-rc0
a452d148d10a89ae502bc4755c191ab323227ce5	refs/tags/v1.7.7-rc0^{}
d9c4c8cce76d5fd8cdbef0bd6c68f55a4f020ee7	refs/tags/v1.7.7-rc1
5738c9c21e53356ab5020912116e7f82fd2d428f	refs/tags/v1.7.7-rc1^{}
62bdf4d5f20dbff42970fac679a58508dcb39df4	refs/tags/v1.7.7-rc2
167a5800cb707ed489c3cb88174ee21e95a610ae	refs/tags/v1.7.7-rc2^{}
0dc0d4aada91d465b054709e29c7c2d8a7de3de3	refs/tags/v1.7.7-rc3
85e9c7e1d42849c5c3084a9da748608468310c0e	refs/tags/v1.7.7-rc3^{}
0bed5b767b4ad2adf7347a332fd0b24b211612bc	refs/tags/v1.7.7.1
f7d958dff5e194797ef6776bcc77c1349f9f8c81	refs/tags/v1.7.7.1^{}
106ec8246a51a8835f06bbd9ee903064246193a2	refs/tags/v1.7.7.2
8d19b44b316411d6e3a90db257a4901580603884	refs/tags/v1.7.7.2^{}
a61df08ba2f6d9abb2a733a462e3c6e5fc534429	refs/tags/v1.7.7.3
d4d5ab4727edd1758157dd0b61c1ff3b7deabfcd	refs/tags/v1.7.7.3^{}
f8153402abf110675a792a938f670d88a074afcd	refs/tags/v1.7.7.4
bd5bce7cbc55fa52277cc8a39f673c3e2dc60670	refs/tags/v1.7.7.4^{}
b36dcd72396add3a1e825234ee566db2574fae73	refs/tags/v1.7.7.5
66c11f02b031aca6f1756086fefdf4b8a5575c56	refs/tags/v1.7.7.5^{}
cbaa057ca4054787e7916c2366be817eaa8046fa	refs/tags/v1.7.7.6
00653435488f5ed86c5d6dc411fa14fa56f5e3bc	refs/tags/v1.7.7.6^{}
882f44f2e3a60ec3eceac07686083110465ad6ea	refs/tags/v1.7.7.7
8258858493ad3504630c3bfa7dfde61df811994a	refs/tags/v1.7.7.7^{}
8b891d2711bdfb153176cc325150e0233bdff175	refs/tags/v1.7.8
406da7803217998ff6bf5dc69c55b1613556c2f4	refs/tags/v1.7.8^{}
8da4a6348c7ab40d544bdf75c7618fd461556c52	refs/tags/v1.7.8-rc0
be3fa9125e708348c7baf04ebe9507a72a9d1800	refs/tags/v1.7.8-rc0^{}
8e91dadf8cb38a95a9e164a12c0031889ebe0539	refs/tags/v1.7.8-rc1
4cb6764227173a6483edbdad09121651bc0b01c3	refs/tags/v1.7.8-rc1^{}
9765e24e023e94e9f38a8220a5efeda848b7c496	refs/tags/v1.7.8-rc2
bc1bbe0c19a6ff39522b4fa3259f34150e308e1f	refs/tags/v1.7.8-rc2^{}
a67939439750839d77c69f874a2d0587f7c063ad	refs/tags/v1.7.8-rc3
4d2440fe0daa9ad1556dfd220af8b3a883cf849d	refs/tags/v1.7.8-rc3^{}
f96a6ecfb81381758dfd9c0dc6951a21c74316ed	refs/tags/v1.7.8-rc4
fc14b89a7e6899b8ac3b5751ec2d8c98203ea4c2	refs/tags/v1.7.8-rc4^{}
a22731114eb6a0291d21e914a10564e70dc3caf6	refs/tags/v1.7.8.1
2ce0edcd786b790fed580e7df56291619834d276	refs/tags/v1.7.8.1^{}
fda7f6857be98ffebba53ff2fa47490a334070bf	refs/tags/v1.7.8.2
f3f778df6900881a7bac409c927931c32b82bcb5	refs/tags/v1.7.8.2^{}
b238a0622b01ee84752b556633a05a207e203616	refs/tags/v1.7.8.3
5f4d133fca7eb3cb750f056a6fd0281ba06cd12f	refs/tags/v1.7.8.3^{}
3ea469674140b08280eed5b9990a0ad81d8a0bcd	refs/tags/v1.7.8.4
c572f491e545f3fe76a966e418139fc9755a910f	refs/tags/v1.7.8.4^{}
1492e9c1abb38c4aa9814179787f8e179025f07d	refs/tags/v1.7.8.5
c524ceb12f65e2ad4fc68c9d5b39f6e4b6b5c17b	refs/tags/v1.7.8.5^{}
636f7e027a5e6351540ddbd8a0555442b0d3cd5b	refs/tags/v1.7.8.6
d9f5ef7a4a760d58f1f824f9fb8c12ef0371d3a9	refs/tags/v1.7.8.6^{}
e4dc716b1cfefb0e1bd46c699d4f74009118d001	refs/tags/v1.7.9
828ea97de486c1693d6e4f2c7347acb50235a85d	refs/tags/v1.7.9^{}
cc34c0417dfd4e647e41f3d34a032b7164aadea7	refs/tags/v1.7.9-rc0
eac2d83247ea0a265d923518c26873bb12c33778	refs/tags/v1.7.9-rc0^{}
ad2ec9a47a031ebf056444a94bea3750aaa68f63	refs/tags/v1.7.9-rc1
6db5c6e43dccb380ca6e9947777985eb11248c31	refs/tags/v1.7.9-rc1^{}
eab05abaeb51531e11835aaa4c26564a1babebac	refs/tags/v1.7.9-rc2
bddcefc6380bd6629f3f12b5ffd856ec436c6abd	refs/tags/v1.7.9-rc2^{}
47059bd24177104f61920b2589af97dc37914ba4	refs/tags/v1.7.9.1
90020e3bcd2108baecc79144319c86ad865c8c5e	refs/tags/v1.7.9.1^{}
f59f511e26b4924b22c6966e79fe4f754bc81dc6	refs/tags/v1.7.9.2
78f4c9f62549fdd9a52550449c4e3148e7e0900d	refs/tags/v1.7.9.2^{}
b599b4205ff08ddd07a80b56615e9c0e2dd948d7	refs/tags/v1.7.9.3
69f4e08f535d4e5a035069a64d1ebaea7be55d83	refs/tags/v1.7.9.3^{}
c1c91a83a1fd6b250fa0d2ec43bbf2aef5daabf2	refs/tags/v1.7.9.4
a46034819ecce6872bff099f3d75589f4d38c00c	refs/tags/v1.7.9.4^{}
e94214ce4b8acefce06d4ea37b76ac0de11ecb2d	refs/tags/v1.7.9.5
8ced9c90a28f6abc80dc5ad4cf7921c2322c0bb0	refs/tags/v1.7.9.5^{}
bf68fe0313c833fa62755176f6e24988ef7cf80f	refs/tags/v1.7.9.6
cb2ed324fc917db0b79d7b1f3756575ffa5f70d5	refs/tags/v1.7.9.6^{}
3996bb24c84013ec9ce9fa0980ce61f9ef97be4d	refs/tags/v1.7.9.7
d0f1ea6003d97e63110fa7d50bb07f546a909b6e	refs/tags/v1.7.9.7^{}
fe1bddee6d4e8aaeeebfe886fdd47cb6a5b2a8b5	refs/tags/v1.8.0
8c7a786b6c8eae8eac91083cdc9a6e337bc133b0	refs/tags/v1.8.0^{}
5ace0b7af106b44687005085d8c252f8be9da5d3	refs/tags/v1.8.0-rc0
b0ec16b49eb283156e13bbef26466d948e4fd992	refs/tags/v1.8.0-rc0^{}
2f1490550327d579d99ac465853bb5558b21356c	refs/tags/v1.8.0-rc1
4c6c949c7da91cdef7b6ce5a25bf7f0584d80e8a	refs/tags/v1.8.0-rc1^{}
c15295d7477ccec489953299bd03a8e62f86e611	refs/tags/v1.8.0-rc2
cd46259ebf2e624bcee2aaae05c36663d414e1a2	refs/tags/v1.8.0-rc2^{}
22ed067acc84eac8a0a72d20478a18aee4e25571	refs/tags/v1.8.0-rc3
87a5461fa7b30f7b7baf27204f10219d61500fbf	refs/tags/v1.8.0-rc3^{}
bfeb8b9ae0012cb61e026cbcd29664876abf5389	refs/tags/v1.8.0.1
ed9fe755130891fc878bb2433204faffb534697b	refs/tags/v1.8.0.1^{}
63add1fb45e1ab7a76bb38bbb9467c91fdfaaa7e	refs/tags/v1.8.0.2
3e53891f85c58b4adb016a429a1f3b7fae78ca03	refs/tags/v1.8.0.2^{}
ff47992acf9fb774bc41f08914ed7de6c93900f4	refs/tags/v1.8.0.3
15999998fbda60552742275570947431b57108ae	refs/tags/v1.8.0.3^{}
eccf2f21cab488c3fae71f8be5189a2b139d6c7e	refs/tags/v1.8.1
5d417842efeafb6e109db7574196901c4e95d273	refs/tags/v1.8.1^{}
0eaa6cbe2cd774205e296b18292903fa86585ecb	refs/tags/v1.8.1-rc0
ee26a6e2b87905ac605c27841f607cb3379ca678	refs/tags/v1.8.1-rc0^{}
a521db6514cd843af1ac87a9845ccbffbcd74a56	refs/tags/v1.8.1-rc1
816f290752cb43c88e31ea1a9e06ec84d559add3	refs/tags/v1.8.1-rc1^{}
b3bf8a69b1762d32c5428208f54c157739fd0536	refs/tags/v1.8.1-rc2
2e900297dbb9d5bd086ea56eed07027374759791	refs/tags/v1.8.1-rc2^{}
b59263ad78ae2067a59e609b1c0519bc0bbbeba3	refs/tags/v1.8.1-rc3
b3cf6f3b8d21b32d88313fc709442b78300975db	refs/tags/v1.8.1-rc3^{}
673e4c22fee5bbb584a2e680b0a588e514c7a6f0	refs/tags/v1.8.1.1
e4f59a32de3f90ff5aabc09b9da6bd5818c5076b	refs/tags/v1.8.1.1^{}
48d8bdf404a0c5922a5d3ee7ab35babfc71babff	refs/tags/v1.8.1.2
53cdd4e1b2017a7580d0c4b7f530f0678985c8dc	refs/tags/v1.8.1.2^{}
4dda8ef71a86e3ebfff15734976f93b09153c171	refs/tags/v1.8.1.3
f3500825257b441134bd99b08bab3b6fd1cb4f51	refs/tags/v1.8.1.3^{}
513b09a0a364b35c0daff988fe3e983b0eef5720	refs/tags/v1.8.1.4
dff9f8835f2f2820c4e7109d242cb06b39f7d065	refs/tags/v1.8.1.4^{}
9d1f39e135e258647792f6c37d70664daa468807	refs/tags/v1.8.1.5
e6363a4992637267ef212d7c709ede17d4122e0d	refs/tags/v1.8.1.5^{}
20b9dd94cf8dd3f86e208f41a1efaf61335d69ed	refs/tags/v1.8.1.6
2137ce01f83d254e4917c107901a5a04f61e8c16	refs/tags/v1.8.1.6^{}
572a535454612a046e7dd7404dcca94d6243c788	refs/tags/v1.8.2
239222f587ed06f96d90dd71c66d80a2b1e3dc9f	refs/tags/v1.8.2^{}
2cf64e31507d83871f27c4f9f467c8c965ce5a37	refs/tags/v1.8.2-rc0
004825d314db4ba3f34ef499e3522ef72792d896	refs/tags/v1.8.2-rc0^{}
5b0825bd8bf30bb0da4360ca2947ca27dc574dc3	refs/tags/v1.8.2-rc1
4dac0679feaebbf6545daec14480cf6b94cb74ed	refs/tags/v1.8.2-rc1^{}
901a58a33c375a3a7dc8d90169ae62ba88fc4b06	refs/tags/v1.8.2-rc2
4d0d0c3c59800e07d899e53121902833e3fd0cc7	refs/tags/v1.8.2-rc2^{}
6a8dbe91ea2d02b3aa58842f1d32abd7f3d32949	refs/tags/v1.8.2-rc3
aadb70a5594222cac215f9590017f05d5d0f31b2	refs/tags/v1.8.2-rc3^{}
910b21b9727da3ba3c4f1583b5c400aeb2f3e2c0	refs/tags/v1.8.2.1
5bda18c186e455f8e65f976d3bf333ab1f4b5b53	refs/tags/v1.8.2.1^{}
9004dfce248c061a5fb836fabb3a1e27db782cb1	refs/tags/v1.8.2.2
4a9a4f0ec1daaccb88cdf507375ca64696dfe167	refs/tags/v1.8.2.2^{}
e441cab9d74dfd6cb2b90e92b4cf6cef74c9845e	refs/tags/v1.8.2.3
92758dd2a2de94c90c0697ef0e8174c3543a47f9	refs/tags/v1.8.2.3^{}
8af06057d0c31a24e8737ae846ac2e116e8bafb9	refs/tags/v1.8.3
edca4152560522a431a51fc0a06147fc680b5b18	refs/tags/v1.8.3^{}
f9fc12cf30c48e6cc739762c6fc87e85b964a631	refs/tags/v1.8.3-rc0
b75cdfaa882a00f2274e74b21c1a9927d184ed29	refs/tags/v1.8.3-rc0^{}
49b4f85e266bd1f7b6ccbe346f2852687ae12c2c	refs/tags/v1.8.3-rc1
7d3ccdffb5d28970dd7a4d177cfcca690ccd0c22	refs/tags/v1.8.3-rc1^{}
beb54f738b827a367f1dcc3af00dab44e9d8ac1e	refs/tags/v1.8.3-rc2
ab84621754e9c6f05279b42e51b445baac28a8ea	refs/tags/v1.8.3-rc2^{}
8f401edb25be1d1ea1c92b49cdde68953a4963fc	refs/tags/v1.8.3-rc3
de3a5c6da194928868b5eee4a9c4d538b4194727	refs/tags/v1.8.3-rc3^{}
4bc068950abec778a02ebf3ee73cf0735affabb4	refs/tags/v1.8.3.1
362de916c06521205276acb7f51c99f47db94727	refs/tags/v1.8.3.1^{}
ca30d3480e60fcb4a35ab74a220193b561b6d91f	refs/tags/v1.8.3.2
3a461832c5ca4f140e41fdc34f86c90868aea33b	refs/tags/v1.8.3.2^{}
7661c5cd012ba7d6095d340567fb1259eb726438	refs/tags/v1.8.3.3
5addd1c7531cc644787cd562a3c22a3b714c7d77	refs/tags/v1.8.3.3^{}
e2fe912b421961dd96e878adb81ea1833bce6bf3	refs/tags/v1.8.3.4
117eea7eaaeb5ecb77d9b7cebdb40b4e85f37374	refs/tags/v1.8.3.4^{}
04f013dc38d7512eadb915eba22efc414f18b869	refs/tags/v1.8.4
e230c568c4b9a991e3175e5f65171a566fd8e39c	refs/tags/v1.8.4^{}
ef127f56c5ecd21c14ee58fdf30e612100022f7c	refs/tags/v1.8.4-rc0
c490a6079021a3343ca5b042b37258858fdefbfc	refs/tags/v1.8.4-rc0^{}
d7d9e57443813ffbc2889920cb627ddae7fc66a3	refs/tags/v1.8.4-rc1
304852fc77847e649c746db95e9c4675c03ee567	refs/tags/v1.8.4-rc1^{}
9df6d868083ffce1105f768407f8736a9cac6ce0	refs/tags/v1.8.4-rc2
64948ad77534f035311fd3e1086477661c8f63b1	refs/tags/v1.8.4-rc2^{}
ab7b17b01990645a031d18ad5a973b4eb532db7a	refs/tags/v1.8.4-rc3
425df881e08bed7a8fcc9a23f452cff792f9ec6c	refs/tags/v1.8.4-rc3^{}
e6aa7df4a2cd1c23e03541ac7909379a88b94b8a	refs/tags/v1.8.4-rc4
4d06473928ee574910accbde05c19ef2263abdf6	refs/tags/v1.8.4-rc4^{}
3b03a87fff436798b50d6bcfdf4a0de59abab5eb	refs/tags/v1.8.4.1
02a110ad435a6ccda648f09f94e546dfd7bdd0ac	refs/tags/v1.8.4.1^{}
ab34f1a1c369fea5f8398d7d68d049bb184aa8c4	refs/tags/v1.8.4.2
dcb11cca50992339af744e25ca5d0f94b478d3b9	refs/tags/v1.8.4.2^{}
01e6515feb062a18cea84571e8779f4ad851e2ae	refs/tags/v1.8.4.3
d7d2c87955f7700289c5b516f12579a5be4b879d	refs/tags/v1.8.4.3^{}
794224d36a91cdd4f91d384e6b62d5f0a41023bb	refs/tags/v1.8.4.4
becb4336cb05c5ec456babaeafefa2e24ee85773	refs/tags/v1.8.4.4^{}
74e4e50a24b69ce184331afab3321194dd59fe90	refs/tags/v1.8.4.5
2f93541d88fadd1ff5307d81c2c8921ee3eea058	refs/tags/v1.8.4.5^{}
55465a5c7f6a876a066c9540f18e7ccac863dffa	refs/tags/v1.8.5
d2446dfd7f3b3f8948142cfb07a0270e2497d93f	refs/tags/v1.8.5^{}
342b1f817ae3d06fc46d123dfc1bd8e202336d45	refs/tags/v1.8.5-rc0
42817b96b1b80b56fd5a4d5e0d6239524b1832a3	refs/tags/v1.8.5-rc0^{}
01dcc68948db4bd63135e7bdcddea06d038c0231	refs/tags/v1.8.5-rc1
6ba01babcd37e92e88221fcf35ee4471aa66bf4c	refs/tags/v1.8.5-rc1^{}
3e3234611ea230529dac9a76558f94e49438ec94	refs/tags/v1.8.5-rc2
03973056a08d1694cf1c819eb2e8b9557650f70e	refs/tags/v1.8.5-rc2^{}
39a36830c75425accd2ab0bf294ea8a8bd3d4efa	refs/tags/v1.8.5-rc3
5fd09df3937f54c5cfda4f1087f5d99433cce527	refs/tags/v1.8.5-rc3^{}
08110d785b496c9214d4b779a98ccebbbe318579	refs/tags/v1.8.5.1
a155a5f075cdc09e584a58d68bdce0c80e6c4b5a	refs/tags/v1.8.5.1^{}
b684000b51bef82d0740f11b8548dcfdadd351e7	refs/tags/v1.8.5.2
5512ac5840c8bcaa487806cf402ff960091ab244	refs/tags/v1.8.5.2^{}
df0a2fa2ad536b98de085b6cc660a8b3153cc3d4	refs/tags/v1.8.5.3
4224916ae979204f13db2996d9e32490e0acb90f	refs/tags/v1.8.5.3^{}
ab2d2273c5ac2380ba85f627810662f58f1da9a8	refs/tags/v1.8.5.4
3330a2c4f6b494f2b02fda2869d85bc1f8e019aa	refs/tags/v1.8.5.4^{}
c38f741c584c663c0ad6dcc9c67b04b9cdd51d27	refs/tags/v1.8.5.5
7bbc4e8fdb33e0a8e42e77cc05460d4c4f615f4d	refs/tags/v1.8.5.5^{}
715b8673036ef5aab3027a6784e97aa20721a2e0	refs/tags/v1.8.5.6
5c8213a7696b3d9e29feda2516e350d03d7bd9a4	refs/tags/v1.8.5.6^{}
0aced6d4fe1fd2efae9bfcbfd9e7a9b316998e0a	refs/tags/v1.9-rc0
79fcbf7e703ca5805ebd46b2c7e09d0703f1c1ff	refs/tags/v1.9-rc0^{}
df4b5b8272e802569dfe360ee560002c773f70f5	refs/tags/v1.9-rc1
bd3e186d811a13d8687584856f345a767e3e4d67	refs/tags/v1.9-rc1^{}
5877b85c724b07fcdd808688660a0e7d9b0b761a	refs/tags/v1.9-rc2
be961c292f1d36097afa1690df68cf90f655c855	refs/tags/v1.9-rc2^{}
d15276bdbdda1968a2ebedc64d0e1b15fd48ffca	refs/tags/v1.9.0
5f95c9f850b19b368c43ae399cc831b17a26a5ac	refs/tags/v1.9.0^{}
b2bf3e3ee15d35e8a2e15eb25061516fb4c95d9a	refs/tags/v1.9.0-rc3
6a7071958620dadcce84e4faaa470407ae3d4108	refs/tags/v1.9.0-rc3^{}
c75795b677e4674cd02b79127eec24fef86ca3e7	refs/tags/v1.9.1
cee0c2750bb5f1b38f15ef961517e03c2e39c9ec	refs/tags/v1.9.1^{}
10ff115f5c572299de4e04ade0d7adb3c75fbf1f	refs/tags/v1.9.2
0bc85abb7aa9b24b093253018801a0fb43d01122	refs/tags/v1.9.2^{}
3d9867a854ffb374f166a47c70bc3744bb22a270	refs/tags/v1.9.3
eea591373e139fc8aab89a78ccb0b1512a2bf0de	refs/tags/v1.9.3^{}
fa5b2d1fdfe372aa28a99ddacaf3796fe7350a86	refs/tags/v1.9.4
34d5217584ee4722d0c0b07ed6c8f1f01ad157c3	refs/tags/v1.9.4^{}
d4e6038a068d0aecd5ec28c83afbfc6d4903092f	refs/tags/v1.9.5
83332636f575f00edff8f3afb15a2f96885bf417	refs/tags/v1.9.5^{}
18a07354e33f86c8349ffdc300d9087876658264	refs/tags/v2.0.0
e156455ea49124c140a67623f22a393db62d5d98	refs/tags/v2.0.0^{}
09d65455542ccbcdec2c70e8e349a1604ba9c445	refs/tags/v2.0.0-rc0
cc291953df19aa4a97bee3590e708dc1fc557500	refs/tags/v2.0.0-rc0^{}
73dbb830a684382beb702999d0aeca1e9e942ab1	refs/tags/v2.0.0-rc1
35936f8fc38a214cc7d2595070641d39a541dfb1	refs/tags/v2.0.0-rc1^{}
121854119a2a8db1ba915a97db04a0fa38457155	refs/tags/v2.0.0-rc2
b4f86a4ce85e4e370a67455de6586a02f158a789	refs/tags/v2.0.0-rc2^{}
edd43db7c3e01e73b899b46762d0a183c445d479	refs/tags/v2.0.0-rc3
b28aeab4ec1df28f3be3cb62ff4b85e5332d8d13	refs/tags/v2.0.0-rc3^{}
4615e3b45e5aded96398ba8dcc3d05d4542f4632	refs/tags/v2.0.0-rc4
8ced8e40ac07c1b13b2edbb459d37b9b2d7275d6	refs/tags/v2.0.0-rc4^{}
efe35e936c6c32a7630086a84b2c3b3471ea534f	refs/tags/v2.0.1
341e7e8eda3dbeb6867f4f8f45b671201b807de5	refs/tags/v2.0.1^{}
b4463ead04f1801104502ea087dbb6bdd21b4ef1	refs/tags/v2.0.2
ebc5da3208824e25a89672a3b91bd13629b215fe	refs/tags/v2.0.2^{}
3c81e95201ece182e799709c91b15a3501919d26	refs/tags/v2.0.3
740c281d21ef5b27f6f1b942a4f2fc20f51e8c7e	refs/tags/v2.0.3^{}
317b9dc11b9f11ad9b84359eb87dda5ec9fbe53c	refs/tags/v2.0.4
32f56600bb6ac6fc57183e79d2c1515dfa56672f	refs/tags/v2.0.4^{}
6d7babea1d02a11eb4b4d6dd66e35b569d201fbe	refs/tags/v2.0.5
9a8c2b67cd5a51666f2c0ce3fbbdb08b97b79b3d	refs/tags/v2.0.5^{}
7452b4b5786778d5d87f5c90a94fab8936502e20	refs/tags/v2.1.0
6c4ab27f2378ce67940b4496365043119d7ffff2	refs/tags/v2.1.0^{}
48c795759469d1d4fbd56f08699f3412737c7d45	refs/tags/v2.1.0-rc0
49f1cb93a2f11845cfa2723611a729d3d7f02f0d	refs/tags/v2.1.0-rc0^{}
445e0205566fac88e93f3c43984e8384fb882f42	refs/tags/v2.1.0-rc1
7b69fcb181941fafda99a5ffd25cea1f685d7e70	refs/tags/v2.1.0-rc1^{}
a4f7a3489da1b73216ac970fdbef6b3cf4857bd1	refs/tags/v2.1.0-rc2
f82887f29010e1ec88ec1930a99ddc56b6438452	refs/tags/v2.1.0-rc2^{}
ed4f38babf3d81693a68d06cd0f5872093c009f6	refs/tags/v2.1.1
349cb5096397d9d1da33f2d046fa7e192e6214e7	refs/tags/v2.1.1^{}
ddbbb7baf0ee1e93c08715fcbb5c155573710399	refs/tags/v2.1.2
80b616d04b8f5a15b5d5587d67baf6e2e28c9f87	refs/tags/v2.1.2^{}
e5460210969c5ec18d7fbcdc0401fb31f13edece	refs/tags/v2.1.3
49c3e926349e964b311b46251bb2b97d3d669855	refs/tags/v2.1.3^{}
06fa2b7c2b65eedca6f31d62ae59e6f551db5495	refs/tags/v2.1.4
8e36a6d5752ced382ecd46a5f2cd94276f79451c	refs/tags/v2.1.4^{}
d5c49eb32e898663a8e2c396739d831733e945c2	refs/tags/v2.10.0
6ebdac1bab966b720d776aa43ca188fe378b1f4b	refs/tags/v2.10.0^{}
19f76cc730856b76c82525b0ab5ed3ce99cd0188	refs/tags/v2.10.0-rc0
726cc2ba12c4573ab2e623077479c51019e1f3cd	refs/tags/v2.10.0-rc0^{}
0e3a0fc0954b1d780291baa730d90ca427ce0a44	refs/tags/v2.10.0-rc1
2632c897f74b1cc9b5533f467da459b9ec725538	refs/tags/v2.10.0-rc1^{}
32ce57044a2ee49b6f74ccd87b3d284b8705b3c0	refs/tags/v2.10.0-rc2
d5cb9cbd64165153a318e1049f8bf14b09a16b11	refs/tags/v2.10.0-rc2^{}
3030004058418a637e563f39c9abd252f89b5029	refs/tags/v2.10.1
6406bdc0b95715a087fdeeb0f6adf3deb80a25b8	refs/tags/v2.10.1^{}
06f20e9d0f1bcbf887ddd4f47883a8bf9e1c73cc	refs/tags/v2.10.2
ac84098b7e32406a982ac01cc76a663d5605224b	refs/tags/v2.10.2^{}
c9462d09e56521b81fcf1cbb4695af19855eb0ec	refs/tags/v2.10.3
840ed141983718e0c5518a325534a5656797132a	refs/tags/v2.10.3^{}
20654f8a740c50c115dd4cfd4f308d20c88194a4	refs/tags/v2.10.4
0bfff8146f8c055fd95af4567286929ba8216fa7	refs/tags/v2.10.4^{}
47e5ff3c281667f060ab33eeb7271a232d78a846	refs/tags/v2.10.5
27dea4683b608c5c0487dee74cbda13b62803b73	refs/tags/v2.10.5^{}
d1271bddd45d8c2c3e88650a1a107dcb368e8f91	refs/tags/v2.11.0
454cb6bd52a4de614a3633e4f547af03d5c3b640	refs/tags/v2.11.0^{}
3c08851978151b41525c12e6b1bae2d1d0feb21b	refs/tags/v2.11.0-rc0
1fe8f2cf461179c41f64efbd1dc0a9fb3b7a0fb1	refs/tags/v2.11.0-rc0^{}
a7bb4ae889ff56456ab2d9daf023700ca05ea4d4	refs/tags/v2.11.0-rc1
3ab228137f980ff72dbdf5064a877d07bec76df9	refs/tags/v2.11.0-rc1^{}
e76b4d14dc03a5620fa2b768cc2ca1f52c117429	refs/tags/v2.11.0-rc2
1310affe024fba407bff55dbe65cd6d670c8a32d	refs/tags/v2.11.0-rc2^{}
86fc2b70716cfb7bd4b8ef31c57d16ded8f213c4	refs/tags/v2.11.0-rc3
e2b2d6a172b76d44cb7b1ddb12ea5bfac9613a44	refs/tags/v2.11.0-rc3^{}
cb9bb09cdfc279344909e2e0a8d1da6778841163	refs/tags/v2.11.1
3b9e3c2cede15057af3ff8076c45ad5f33829436	refs/tags/v2.11.1^{}
b3c2e889d6dffb9822d8a13312a493db47e4f0f5	refs/tags/v2.11.2
773e3a2e0226cffac6c813c2d3bea5ba480675d8	refs/tags/v2.11.2^{}
292790bef0288479158aa69dd95c58b440d1bc4a	refs/tags/v2.11.3
3b827444811d7eddeddd44850f5dbbb4d59747f5	refs/tags/v2.11.3^{}
f4cbb61dbc985e56fd6e739d0f9a85144df01c44	refs/tags/v2.11.4
39aaab109972d6bbc1d0ffe5d4de47bbd4b8bb07	refs/tags/v2.11.4^{}
ff0d25be89d197aea004a088a428d4c0f5f811d9	refs/tags/v2.12.0
e7e07d5a4fcc2a203d9873968ad3e6bd4d7419d7	refs/tags/v2.12.0^{}
5fd7539325b416bc4dbdf5d466c20f72be8e3b36	refs/tags/v2.12.0-rc0
6e3a7b3398559305c7a239a42e447c21a8f39ff8	refs/tags/v2.12.0-rc0^{}
e749f11947e80e8856df4adbe81766ee71a65c9b	refs/tags/v2.12.0-rc1
5588dbffbd61e4906e453808c6ad32f792fea521	refs/tags/v2.12.0-rc1^{}
a6e0820cbd1c05ad8c2f9d0ebec34e7d3279237c	refs/tags/v2.12.0-rc2
20769079d22a9f8010232bdf6131918c33a1bf69	refs/tags/v2.12.0-rc2^{}
dd45c0d220d816b99d9730fd0a76ed0e5a3a93b7	refs/tags/v2.12.1
1f6b1afea00cdbc99114b88768aa5e617ff479df	refs/tags/v2.12.1^{}
5e22f2d43d4ad3df679a982f8df93f0c4515eac9	refs/tags/v2.12.2
8f9aeb0d36c6cbfb849946bb272fa0d3c4611547	refs/tags/v2.12.2^{}
fdd083c00f8be345b961ef51b161923ff208481b	refs/tags/v2.12.3
95d67879735cfecfdd85f89e59d993c5b4de8835	refs/tags/v2.12.3^{}
78e1ea1f2493b780d2d159f05d59c7244052958c	refs/tags/v2.12.4
3d9c5b5c4461957fbbc0479e037990db04ebb740	refs/tags/v2.12.4^{}
c69c7b915ad59c3e74df57d50417e94a47edba53	refs/tags/v2.12.5
9752ad0bb79f680bca48db7adc45338b298304b0	refs/tags/v2.12.5^{}
074ffb61b4b507b3bde7dcf6006e5660a0430860	refs/tags/v2.13.0
b06d3643105c8758ed019125a4399cb7efdcce2c	refs/tags/v2.13.0^{}
10418b5971f4077a5a5ec8e2844adbc09a02d84d	refs/tags/v2.13.0-rc0
6a2c2f8d34fa1e8f3bb85d159d354810ed63692e	refs/tags/v2.13.0-rc0^{}
edf5f05896fbd7495132aeac22444c92049e7d69	refs/tags/v2.13.0-rc1
027a3b943b444a3e3a76f9a89803fc10245b858f	refs/tags/v2.13.0-rc1^{}
4ca9806062babf0b188b3fc14af1b2e8057feddd	refs/tags/v2.13.0-rc2
4fa66c85f11bc5a541462ca5ae3246aa0ce02e74	refs/tags/v2.13.0-rc2^{}
0c6d50a75cb1816660630cfc853ef86687f93490	refs/tags/v2.13.1
2c04f6340579518c55a554fcac9fe21c01b3d3ea	refs/tags/v2.13.1^{}
8cff9c8da91085061a29bc33fec3f94574c3ed9f	refs/tags/v2.13.2
8c8e978f5719c6a58fb998742207bf907f963143	refs/tags/v2.13.2^{}
d1d5bb4799a8e863330c851dcab0a3c8b17c35a4	refs/tags/v2.13.3
08f9c32463bf9e578acb7ac5f77afd36e803c6bc	refs/tags/v2.13.3^{}
74f05c6a04df9464c35bcb3a01233f1fe02af0ef	refs/tags/v2.13.4
cf8899d285d2648013040ec7196ffd3de0606664	refs/tags/v2.13.4^{}
56048b624347b39b7164fc857b8311faa7fb4557	refs/tags/v2.13.5
7234152e66e52c7601789f6de822bb39590f0595	refs/tags/v2.13.5^{}
682cca3ce3152980d5306a6a6e2a72f09cdba09f	refs/tags/v2.13.6
42e6fde5c28150206956ea4be490d886c4ecbd68	refs/tags/v2.13.6^{}
5806c395177efc7fc08883e793b1a410e6d8e143	refs/tags/v2.13.7
0114f71344844be9e5add321cffea34bac077d75	refs/tags/v2.13.7^{}
2f13f6d0cd7509140f251ae271052341337084c8	refs/tags/v2.14.0
4384e3cde2ce8ecd194202e171ae16333d241326	refs/tags/v2.14.0^{}
2bd3c14012ae2bc9d530bd62a40c9aacdd8618fe	refs/tags/v2.14.0-rc0
f3da2b79be9565779e4f76dc5812c68e156afdf0	refs/tags/v2.14.0-rc0^{}
418951619bcc4a1b8847b797ed1fd289237186bd	refs/tags/v2.14.0-rc1
5800c63717ae35286a1441f14ffff753e01f7e2b	refs/tags/v2.14.0-rc1^{}
6abeb172d024cf64814f81fde2c954f4870a57fc	refs/tags/v2.14.1
4d7268b888d7bb6d675340ec676e4239739d0f6d	refs/tags/v2.14.1^{}
8e60cbe887af4dac40bc1a70cff22ad4ab951c8f	refs/tags/v2.14.2
4010f1d1b782eb7585e0e0abcefa794bd5ff29a0	refs/tags/v2.14.2^{}
9c6b52c83eedf94f4c78624747f50d815ad7e64c	refs/tags/v2.14.3
fc849d8d6b90e5c1e0c37bc0d60dd92b2fe7347f	refs/tags/v2.14.3^{}
a6ad24ac3f8bf989206d1e664f889195d80b8e86	refs/tags/v2.14.4
4dde7b8799dec0e7aecb04fdc55c656e674cff6f	refs/tags/v2.14.4^{}
521e38b09e1e894140d89a900a1a990da186ddde	refs/tags/v2.14.5
d0832b2847aa9669c09397c5639d7fe56abaf9fc	refs/tags/v2.14.5^{}
a0c139318735ff35fd3a33fc6e9bfa4d9b2e7770	refs/tags/v2.14.6
66d2a6159f511924e7e0b8a21c93538879bfd622	refs/tags/v2.14.6^{}
b50058ea1d8897a901afa627574efb5aa295091e	refs/tags/v2.15.0
cb5918aa0d50f50e83787f65c2ddc3dcb10159fe	refs/tags/v2.15.0^{}
823745e64bbbbc025c0063feb9867f52ba4da955	refs/tags/v2.15.0-rc0
217f2767cbcb562872437eed4dec62e00846d90c	refs/tags/v2.15.0-rc0^{}
299638992230d2fcb2cde1b646cc1e9f0b4e26dc	refs/tags/v2.15.0-rc1
111ef79afe185f8731920569450f6a65320f5d5f	refs/tags/v2.15.0-rc1^{}
a2c0c6b276c744e4edf1932d999137aacf7cfb8c	refs/tags/v2.15.0-rc2
4843cdefe3f30d19c1b2cf601522152c1413459a	refs/tags/v2.15.0-rc2^{}
b5b69059f73e1bfa0ff9ff2f0a8a8196a109a9aa	refs/tags/v2.15.1
9b185bef0c15cec1ea8753ce091e42ea041f2c31	refs/tags/v2.15.1^{}
c26d58a596beed78f943d4454fa5b95ef551fccd	refs/tags/v2.15.2
d33c87517a85f544159b2efa406136dde18a5b9f	refs/tags/v2.15.2^{}
aab22d7864def0b673e4bfa851b7ec161ecd8725	refs/tags/v2.15.3
924c623e1c71b98da608f980a97f9730c021ba44	refs/tags/v2.15.3^{}
368f2b213f2235a848739c924d6b75a2fc659ac0	refs/tags/v2.15.4
7cdafcaacf677b9e0700fa988c247bda192db48d	refs/tags/v2.15.4^{}
e1c2c6b098dfb717a4a6ff7f3894d57343210a41	refs/tags/v2.16.0
2512f15446149235156528dafbe75930c712b29e	refs/tags/v2.16.0^{}
97c27627589abcd31d39524b7299deac516f23ea	refs/tags/v2.16.0-rc0
1eaabe34fc6f486367a176207420378f587d3b48	refs/tags/v2.16.0-rc0^{}
cc010cdf9f536a21099220ea296ce2aabb54db6f	refs/tags/v2.16.0-rc1
36438dc19dd2a305dddebd44bf7a65f1a220075b	refs/tags/v2.16.0-rc1^{}
d1a0347749ee9da8ff3636a2afe8de57d2aaa074	refs/tags/v2.16.0-rc2
c6c75c93aaeb97bab6fd25b672a641c84dd85d59	refs/tags/v2.16.0-rc2^{}
eb5fcb24f69e13335cf6a6a1b1d4553fa2b0f202	refs/tags/v2.16.1
8279ed033f703d4115bee620dccd32a9ec94d9aa	refs/tags/v2.16.1^{}
86aabcca24951ccfb9392014c8a379992434a7df	refs/tags/v2.16.2
ffa952497288d29d94b16675c6789ef83850def3	refs/tags/v2.16.2^{}
b64ca2b4ff5d982147c1b8d18b8a2cea1fcda90d	refs/tags/v2.16.3
d32eb83c1db7d0a8bb54fe743c6d1dd674d372c5	refs/tags/v2.16.3^{}
085b01231ab913efe780ee553991ea8681b12fe5	refs/tags/v2.16.4
a42a58d7b62cc1d6301440e81a83feed9d7c118c	refs/tags/v2.16.4^{}
5fcbbc099476ca4b5da9d441775b6a096ea60b34	refs/tags/v2.16.5
27d05d1a1a62273aa3749f4d0ab8a126ef11ff66	refs/tags/v2.16.5^{}
9548a3d859b71ff15e959a7109f876933890753d	refs/tags/v2.16.6
eb288bc455ac67e3ceeff90daf6f25972bb586d0	refs/tags/v2.16.6^{}
e8f2650052f3ff646023725e388ea1112b020e79	refs/tags/v2.17.0
468165c1d8a442994a825f3684528361727cd8c0	refs/tags/v2.17.0^{}
8548c552c627322ac6e8a221d6fe9be531c3aeb1	refs/tags/v2.17.0-rc0
0afbf6caa5b16dcfa3074982e5b48e27d452dbbb	refs/tags/v2.17.0-rc0^{}
53e83f73a113f0dbfec850d222681ae21eadd834	refs/tags/v2.17.0-rc1
085f5f95a2723e8f9f4d037c01db5b786355ba49	refs/tags/v2.17.0-rc1^{}
5c35c7ea8cfdb6951a2e3923309d46138e1724b4	refs/tags/v2.17.0-rc2
03df4959472e7d4b5117bb72ac86e1e2bcf21723	refs/tags/v2.17.0-rc2^{}
5b62a68cad663be4cd19fd59d053c57d88811c80	refs/tags/v2.17.1
fc54c1af3ec09bab8b8ea09768c2da4069b7f53e	refs/tags/v2.17.1^{}
7f8020239f3b8ebc28299a97ba7db23d74e65447	refs/tags/v2.17.2
6e9e91e9cae74cd7feb9300563d40361b2b17dd2	refs/tags/v2.17.2^{}
17900eb8cee391a1fe73c9c6f32870c841b28b15	refs/tags/v2.17.3
a5ab8d03173458b76b8452efd90a7173f490c132	refs/tags/v2.17.3^{}
482f0c984cd289eaff6f781ab11ff26ac23c6003	refs/tags/v2.17.4
c42c0f12972194564f039dcf580d89ca14ae72d6	refs/tags/v2.17.4^{}
6be77858ee1b7d62992f165357d067b0a34311a1	refs/tags/v2.17.5
df5be6dc3fd18c294ec93a9af0321334e3f92c9c	refs/tags/v2.17.5^{}
a945d34ddc47f88a49e68d0d1e98552e2239c78b	refs/tags/v2.17.6
6b82d3eea625d83af067dc0ed57e361711cfb8b7	refs/tags/v2.17.6^{}
994353f6efaef01719ab5704b67fcbea02d04e59	refs/tags/v2.18.0
53f9a3e157dbbc901a02ac2c73346d375e24978c	refs/tags/v2.18.0^{}
86ed09772bc1f2bd2f24f237379faf141c795f45	refs/tags/v2.18.0-rc0
12039e008f9a4e3394f3f94f8ea897785cb09448	refs/tags/v2.18.0-rc0^{}
8e5cc56c4f0ee9cd7d2df48eb122f7e39ca86c2c	refs/tags/v2.18.0-rc1
3e5524907b43337e82a24afbc822078daf7a868f	refs/tags/v2.18.0-rc1^{}
15eddb6b9c99df2058d95da8362a87ce6ac6eb6a	refs/tags/v2.18.0-rc2
68372c88794aba15f853542008cda39def768372	refs/tags/v2.18.0-rc2^{}
d37ff315436cf953d41648fab73b23b228d1b2e4	refs/tags/v2.18.1
268fbcd172cdb306e8a3e7143cc16677c963d6cd	refs/tags/v2.18.1^{}
b53a704006bf72f52f9c6e1186201742a49789fe	refs/tags/v2.18.2
9877106b01cbd346b862cc8cd2c52e496dd40ed5	refs/tags/v2.18.2^{}
8f8fa4a5cdbbd8e475bbc40e1923ab469693128e	refs/tags/v2.18.3
21a3e5016bb218dc9b016284c88ba685bc446b70	refs/tags/v2.18.3^{}
1a1713a738a2228ac9d90b7d1847a1941d1ab054	refs/tags/v2.18.4
ba6f0905fdb9e65c1ac5fbc79c9a4ef0b59b3e68	refs/tags/v2.18.4^{}
9e8b89c6a8017c15081c1ea25d9e1e76ff9b03b1	refs/tags/v2.18.5
6eed462c8f973719799691c4f51b97f7970f2ac4	refs/tags/v2.18.5^{}
09963943a84ac6fbf20067743f7f20507253aa33	refs/tags/v2.19.0
1d4361b0f344188ab5eec6dcea01f61a3a3a1670	refs/tags/v2.19.0^{}
8d538583cda90e42f6a0fea34769f6b031001efb	refs/tags/v2.19.0-rc0
7e8bfb0412581daf8f3c89909f1d37844e8610dd	refs/tags/v2.19.0-rc0^{}
8f717d7af489235e2b39bd1ea7c978a9f399b176	refs/tags/v2.19.0-rc1
2f743933341f276111103550fbf383a34dfcfd38	refs/tags/v2.19.0-rc1^{}
79455923cf2c0dc8757dfa3a34ade0235e53da66	refs/tags/v2.19.0-rc2
c05048d43925ab8edcb36663752c2b4541911231	refs/tags/v2.19.0-rc2^{}
0d3c37ddaccbb48809fdd3810ebb3f2bc961973c	refs/tags/v2.19.1
cae598d9980661a978e2df4fb338518f7bf09572	refs/tags/v2.19.1^{}
e0a939751a2738d0dd0aa09814cdfb57994b23ad	refs/tags/v2.19.2
98cdfbb84ad2ed6a2eb43dafa357a70a4b0a0fad	refs/tags/v2.19.2^{}
3bd0dbcc0436df810cafdef68088d3e4657b7137	refs/tags/v2.19.3
caccc527ca7f4b3e6f4bb6775cbff94b27741482	refs/tags/v2.19.3^{}
1e0fe0193b51e60c6294f33e09eea8e9615f2c64	refs/tags/v2.19.4
a5979d7009017c79b0100b7b66e8567b3ad7b022	refs/tags/v2.19.4^{}
69a930174b4d2f372fe4f251cc7b83878d9f2f74	refs/tags/v2.19.5
76b54ee9b9944ee70422ac24884f78769cf264f1	refs/tags/v2.19.5^{}
51d8efc293d2a82516727d95e1aa5cd6123e79b1	refs/tags/v2.19.6
9fb2a1fb08330795955dcd5af74d2c64ba258d59	refs/tags/v2.19.6^{}
74d2a8cf12bf102a8cedaf66736503bb3fe88dfb	refs/tags/v2.2.0
b260d265e189728b26e50506ac6ffab6a7d588da	refs/tags/v2.2.0^{}
3fabc04268de1cec1628265810769e33dae44cd8	refs/tags/v2.2.0-rc0
4ace7ff4557350b7e0b57d024a2ea311b332e01d	refs/tags/v2.2.0-rc0^{}
8ec1a55ca199981b95d1c376b20fbf48d2e0454e	refs/tags/v2.2.0-rc1
66edfe9ddc29102fa39edd37f9aecccbaca6a013	refs/tags/v2.2.0-rc1^{}
5d2f4e0e7da75b32d6a41df50a717df592eeb078	refs/tags/v2.2.0-rc2
49e0c5ad0ab95e450138105ff27688861a4a1557	refs/tags/v2.2.0-rc2^{}
84c94bbc7ed333ea165fa079b604cc53a361498f	refs/tags/v2.2.0-rc3
652e759330da379a8e09e03bbf99e03c10c228cc	refs/tags/v2.2.0-rc3^{}
7c56b20857837de401f79db236651a1bd886fbbb	refs/tags/v2.2.1
9b7cbb315923e61bb0c4297c701089f30e116750	refs/tags/v2.2.1^{}
da5eda36576c1d45a52f7f60a9e5372aa4e2bb58	refs/tags/v2.2.2
fdf96a20acf96a6ac538df8113b2aafd6ed71d50	refs/tags/v2.2.2^{}
213030c8af8ad9f9060cc264395817adb4ede44e	refs/tags/v2.2.3
441c4a40173fe1ee8a5c0094e587dfc47e2a6460	refs/tags/v2.2.3^{}
90141c859541f8daa08bdb0621c64cbd7dadbd8c	refs/tags/v2.20.0
5d826e972970a784bd7a7bdf587512510097b8c7	refs/tags/v2.20.0^{}
9524587d9b8b4d90ed0500800945cdb7332b2fff	refs/tags/v2.20.0-rc0
26aa9fc81d4c7f6c3b456a29da0b7ec72e5c6595	refs/tags/v2.20.0-rc0^{}
b40e586a256a44dd1efef785bcc79a5107a6f109	refs/tags/v2.20.0-rc1
7f4e64169352e03476b0ea64e7e2973669e491a2	refs/tags/v2.20.0-rc1^{}
4d1ca23cd45d5f3693a4b5186a5e65012580d035	refs/tags/v2.20.0-rc2
8a0ba68f6dab2c8b1f297a0d46b710bb9af3237a	refs/tags/v2.20.0-rc2^{}
7a95a1cd084cb665c5c2586a415e42df0213af74	refs/tags/v2.20.1
0d0ac3826a3bbb9247e39e12623bbcfdd722f24c	refs/tags/v2.20.1^{}
85d91b75a8bbb1796ae6585c0dfccf8de215d583	refs/tags/v2.20.2
4cd1cf31efed9b16db5035c377bfa222f5272458	refs/tags/v2.20.2^{}
df449eca603312f8331de82a74fba8a0ce3ae194	refs/tags/v2.20.3
d1259ce117d0714f1441956805612fb36d7ce7f8	refs/tags/v2.20.3^{}
16c573854a23903f29c3e478fcd0fcc28723ee31	refs/tags/v2.20.4
041bc65923e13313ca1b77681c3b2950b5e0a163	refs/tags/v2.20.4^{}
7df1be854bdd4332abb5e042a336190e5e05b611	refs/tags/v2.20.5
8b1a5f33d3ed427b0a6eaee595537805db6bc38c	refs/tags/v2.20.5^{}
2bb64867dc05d9a8432488ddc1d22a194cee4d31	refs/tags/v2.21.0
8104ec994ea3849a968b4667d072fedd1e688642	refs/tags/v2.21.0^{}
e4be0477c7bd475c863a361d7d8aeaeab621606c	refs/tags/v2.21.0-rc0
d62dad7a7dca3f6a65162bf0e52cdf6927958e78	refs/tags/v2.21.0-rc0^{}
8b301c10ed2bc973cec4f8395dec90fce2df42fb	refs/tags/v2.21.0-rc1
8989e1950a845ceeb186d490321a4f917ca4de47	refs/tags/v2.21.0-rc1^{}
1c668b7b88be5f46f8dc8fe403842cdc663185d9	refs/tags/v2.21.0-rc2
35ee755a8c43bcb3c2786522d423f006c23d32df	refs/tags/v2.21.0-rc2^{}
c933d82efee4e660dc6ffa02f7f9c02638f0e679	refs/tags/v2.21.1
367f12b7e92aef4e8a41fe601d90984a2b7a0381	refs/tags/v2.21.1^{}
02164beebd5292478f585ca84f0129b17b6318f1	refs/tags/v2.21.2
fe2268649423eba889e942293e9c98c781277bf2	refs/tags/v2.21.2^{}
5aa0ca270d6cab720c5e8d30897afe3e23a43a09	refs/tags/v2.21.3
9206d27eb5e76bbb3a4e59e3c53f92eaa0caa97b	refs/tags/v2.21.3^{}
80a258ca16ecdf94978804d491c76f2770b6f7d6	refs/tags/v2.21.4
c735d7470e75a7a14e9ac2d9ff8876a30615047a	refs/tags/v2.21.4^{}
286461941b7b6546185cf6d89fefc7223364fa26	refs/tags/v2.22.0
b697d92f56511e804b8ba20ccbe7bdc85dc66810	refs/tags/v2.22.0^{}
41b129245a17b0df76236ca134acf91dd6f1b157	refs/tags/v2.22.0-rc0
ab15ad1a3b4b04a29415aef8c9afa2f64fc194a2	refs/tags/v2.22.0-rc0^{}
556d02c990526b8458af6972da9ccda00756de55	refs/tags/v2.22.0-rc1
aa25c82427ae70aebf3b8f970f2afd54e9a2a8c6	refs/tags/v2.22.0-rc1^{}
8cda3201ef25772a2a27f8a3dac9307c5fd23f0d	refs/tags/v2.22.0-rc2
874dd410cecbc2953f624ab6ab9fda10d1650870	refs/tags/v2.22.0-rc2^{}
74b3cc618d632aca54ba2c08e2f0a5226cfc16c5	refs/tags/v2.22.0-rc3
74583d89127e21255c12dd3c8a3bf60b497d7d03	refs/tags/v2.22.0-rc3^{}
4ed0275fa14a3c75f071c03d4ea4a7ce1dbcc20b	refs/tags/v2.22.1
75b2f01a0f642b39b0f29b6218515df9b5eb798e	refs/tags/v2.22.1^{}
adcfadd78504765fd78cc64bee4ccc2dcb90ab5f	refs/tags/v2.22.2
d9589d4051537c387b70dc76e430c61b4c85a86d	refs/tags/v2.22.2^{}
4c52d526ec9befe47613df9503ac5fecd5c890e2	refs/tags/v2.22.3
69fab82147e74a51ee1144a336eb47c7297b9b78	refs/tags/v2.22.3^{}
545ccb193a0276723a60374d5823b1c956013853	refs/tags/v2.22.4
c9808fa014aa88cc306705d308d1d9065d567ddc	refs/tags/v2.22.4^{}
52deb6867f9ad26e1821c7929b76410edfb3f06c	refs/tags/v2.22.5
c753e2a7a8e81c646611e808ce3b7a68f6e90add	refs/tags/v2.22.5^{}
cb715685942260375e1eb8153b0768a376e4ece7	refs/tags/v2.23.0
5fa0f5238b0cd46cfe7f6fa76c3f526ea98148d9	refs/tags/v2.23.0^{}
af887d34fcb5b759cdbd7783a53850ec1fd22585	refs/tags/v2.23.0-rc0
026dd738a6e5f1e42ef0f390feacb5ed6acc4ee8	refs/tags/v2.23.0-rc0^{}
c2f72d0e86d28b698d64ddf401f7594a37375e72	refs/tags/v2.23.0-rc1
7c20df84bd21ec0215358381844274fa10515017	refs/tags/v2.23.0-rc1^{}
7f7079e115264c9b3333e3e795daa6377236e457	refs/tags/v2.23.0-rc2
2e27de94d485a6da0c8e264c165e55100f1a13a8	refs/tags/v2.23.0-rc2^{}
d1fe8575943a77b8f7000208ae22cbe55b072b59	refs/tags/v2.23.1
a7312d1a28ff3ab0a5a5427b35f01d943103cba8	refs/tags/v2.23.1^{}
1f3bcc763e517b9d44204e0ee8eb6163134e2903	refs/tags/v2.23.2
17a02783d8f7cac1780d8035f3e2e0d25bba077b	refs/tags/v2.23.2^{}
1fc7edd089314d1f800008a4d8177f8b6e62f277	refs/tags/v2.23.3
f2771efd07b51edae023db95fcca39c72a0397fe	refs/tags/v2.23.3^{}
79e24491b1ebb8f4f09371c1e3db5505798c60c2	refs/tags/v2.23.4
d60b6a96f087ea5ad530b71096a604c993fd9e71	refs/tags/v2.23.4^{}
1cc4bc0fcd93f816d514d77c29f2cc9ffdd8ae09	refs/tags/v2.24.0
da72936f544fec5a335e66432610e4cef4430991	refs/tags/v2.24.0^{}
4359bc34b4e0450acdd8b8a567a03f4b1f810075	refs/tags/v2.24.0-rc0
d966095db01190a2196e31195ea6fa0c722aa732	refs/tags/v2.24.0-rc0^{}
f51e06dd32b2ff0c4a41291e2c8937c73083f1f8	refs/tags/v2.24.0-rc1
566a1439f6f56c2171b8853ddbca0ad3f5098770	refs/tags/v2.24.0-rc1^{}
76040d86b453451faa5bcd0dbcd1f4afcc358c81	refs/tags/v2.24.0-rc2
f21f8f5d35b09ecdd1a0112f114436fd2eda7df2	refs/tags/v2.24.0-rc2^{}
fd4fd83863680621b7db186ebbb5cd9a88f36e34	refs/tags/v2.24.1
53a06cf39b756eddfe4a2a34da93e3d04eb7b728	refs/tags/v2.24.1^{}
7d2d44db1475f4d58bce86447c895bf8cc6e4ab6	refs/tags/v2.24.2
506223f9c5c8956f895f0342e4a6d4244b5fa570	refs/tags/v2.24.2^{}
233a527d0a7564a823c515c30a4cd1b34ea445e3	refs/tags/v2.24.3
b86a4be245d0ba077c97c6ab6b1cdbeb9dcc1342	refs/tags/v2.24.3^{}
dcc0b7d1de7c4e477751934bdce7fcd9037edc2b	refs/tags/v2.24.4
06214d171b10e9474a0233dbc5187fd6b109ff2a	refs/tags/v2.24.4^{}
61e9521487999585dc2b8f27c2a65226fb531a07	refs/tags/v2.25.0
d0654dc308b0ba76dd8ed7bbb33c8d8f7aacd783	refs/tags/v2.25.0^{}
9da7ed98d534956188887563655779f640f7eea3	refs/tags/v2.25.0-rc0
99c33bed562b41de6ce9bd3fd561303d39645048	refs/tags/v2.25.0-rc0^{}
d5b9efb81bace4afe1b2aeab9f2cc1f6d1bb5c99	refs/tags/v2.25.0-rc1
8679ef24ed64018bb62170c43ce73e0261c0600a	refs/tags/v2.25.0-rc1^{}
7df71e15e5348f50a6347ce0528f2e6984861319	refs/tags/v2.25.0-rc2
7a6a90c6ec48fc78c83d7090d6c1b95d8f3739c0	refs/tags/v2.25.0-rc2^{}
46fef34b9aa6eaba5c20f4d80888f4f7655a84c9	refs/tags/v2.25.1
c522f061d551c9bb8684a7c3859b2ece4499b56b	refs/tags/v2.25.1^{}
635122cf142b7618ec3e0da9ea8f2b374eca4688	refs/tags/v2.25.2
0822e66b5d49d0de1aa767b38785e42de05eaf40	refs/tags/v2.25.2^{}
ecee678d42cb488d3823645904f663b717a674e7	refs/tags/v2.25.3
67b0a24910fbb23c8f5e7a2c61c339818bc68296	refs/tags/v2.25.3^{}
73ad3e781f7cee3cc7bf8f61c3b3c707e1191adb	refs/tags/v2.25.4
7397ca33730626f682845f8691b39c305535611e	refs/tags/v2.25.4^{}
3c922eadc15d9d29af996831242356a99a9891d3	refs/tags/v2.25.5
42ce4c7930ff494136256554cbed730857084c70	refs/tags/v2.25.5^{}
adf6396efeb4e8c12fb07174b4074c4031b2c460	refs/tags/v2.26.0
274b9cc25322d9ee79aa8e6d4e86f0ffe5ced925	refs/tags/v2.26.0^{}
fedb91a8b80ac4904ebc9ecb8fbe91b7f2bb9654	refs/tags/v2.26.0-rc0
076cbdcd739aeb33c1be87b73aebae5e43d7bcc5	refs/tags/v2.26.0-rc0^{}
f8a33c0377c3eb05ac588c7f255adaa1800f6e1a	refs/tags/v2.26.0-rc1
b4374e96c84ed9394fed363973eb540da308ed4f	refs/tags/v2.26.0-rc1^{}
b2afad88145d66a536be65af1aa5c64cc5303c55	refs/tags/v2.26.0-rc2
6c85aac65fb455af85745130ce35ddae4678db84	refs/tags/v2.26.0-rc2^{}
12e22c1f1f6b5f32929f068cd131b97ee24d02a0	refs/tags/v2.26.1
de49261b050d9cd8ec73842356077bc5b606640f	refs/tags/v2.26.1^{}
ef7aa56f965a794d96fb0b1385f94634e7cea06f	refs/tags/v2.26.2
af6b65d45ef179ed52087e80cb089f6b2349f4ec	refs/tags/v2.26.2^{}
dd3d9c5e45240dc79c0d74b30085dc5eebe8d5f6	refs/tags/v2.26.3
a79fd20c7166f4040a82d257c893f52b0da6aeba	refs/tags/v2.26.3^{}
a8b4596613e899cc4d09c3175bff045b94765396	refs/tags/v2.27.0
b3d7a52fac39193503a0b6728771d1bf6a161464	refs/tags/v2.27.0^{}
a6866ada0d890473b2697eeb26af1061482081be	refs/tags/v2.27.0-rc0
efcab5b7a3d2ce2ae4bf808b335938098b18d960	refs/tags/v2.27.0-rc0^{}
bb085a4c162c24d42dc65da67138f4a03e70215a	refs/tags/v2.27.0-rc1
87680d32efb6d14f162e54ad3bda4e3d6c908559	refs/tags/v2.27.0-rc1^{}
d235fc37491ed20b6d8e13554f4edd6278cd7ac7	refs/tags/v2.27.0-rc2
2d5e9f31ac46017895ce6a183467037d29ceb9d3	refs/tags/v2.27.0-rc2^{}
3670d5b8f5904ba44af6264cb9969112bcaad396	refs/tags/v2.27.1
6ff7f460394745395f3eec1e414ad2300c6a402f	refs/tags/v2.27.1^{}
4c8bcdda4d6e4757caf876ddc401b5392e874e21	refs/tags/v2.28.0
47ae905ffb98cc4d4fd90083da6bc8dab55d9ecc	refs/tags/v2.28.0^{}
ada126bd28d66c8c8ff5966a52d63ce2c9e4d031	refs/tags/v2.28.0-rc0
bd42bbe1a46c0fe486fc33e82969275e27e4dc19	refs/tags/v2.28.0-rc0^{}
49bfe36405d1631a303992cac5cc408980a0454e	refs/tags/v2.28.0-rc1
3ddac3d691c3633cd4d9a74c07e3b2301f546f77	refs/tags/v2.28.0-rc1^{}
84a0d5cc2107b83a791aa4034cc54874e1d50668	refs/tags/v2.28.0-rc2
b066807397fd55553f4910ede74839e319b661fd	refs/tags/v2.28.0-rc2^{}
60b893a13cd982da427336a808953a7c0d53c674	refs/tags/v2.28.1
e4f4299859610638e45ec1a36266973b9a4eb47a	refs/tags/v2.28.1^{}
0c6ff04c974f0aab239e9ba46307e1d1a4904d66	refs/tags/v2.29.0
69986e19ffcfb9af674ae5180689ab7bbf92ed28	refs/tags/v2.29.0^{}
55e64e0d5430c053c07b0f65f5bdab905d367a33	refs/tags/v2.29.0-rc0
d98273ba77e1ab9ec755576bc86c716a97bf59d7	refs/tags/v2.29.0-rc0^{}
7007eea03278861e0177bb896ef378e260e8b1fc	refs/tags/v2.29.0-rc1
d4a392452e292ff924e79ec8458611c0f679d6d4	refs/tags/v2.29.0-rc1^{}
0675c6702155753b8e354e83c45d9c980bbccdff	refs/tags/v2.29.0-rc2
a5fa49ff0a8f3252c6bff49f92b85e7683868f8a	refs/tags/v2.29.0-rc2^{}
6c5034eca4973ae22eee0436e34f9f010895bea3	refs/tags/v2.29.1
b927c80531cca9b9107754186532e8cb00884008	refs/tags/v2.29.1^{}
1ec19b7757a1acb11332f06e8e812b505490afc6	refs/tags/v2.29.2
898f80736c75878acc02dc55672317fcc0e0a5a6	refs/tags/v2.29.2^{}
14193fc92b3cdaad09c550474029c9a273bf8829	refs/tags/v2.29.3
0628636d0c21324ae0f11be591611c6b1e55705f	refs/tags/v2.29.3^{}
42de6ed0c4c5c2a184b25ffeb4936af8226ccad1	refs/tags/v2.3.0
9874fca7122563e28d699a911404fc49d2a24f1c	refs/tags/v2.3.0^{}
11ef338255a0ffafced21e7fa7cdc3d2af778ba2	refs/tags/v2.3.0-rc0
addfb21a94fb4e6b9d07b270f7bb3748767a8f38	refs/tags/v2.3.0-rc0^{}
dd8a0b7b9f6f371e98b6c28bb06798a15f686ee6	refs/tags/v2.3.0-rc1
627736ca799edacf13881da7e671964a0afb94b8	refs/tags/v2.3.0-rc1^{}
b2eaccb05d0c3f22174824899c4fd796700e66c6	refs/tags/v2.3.0-rc2
15598cf41beed0d86cd2ac443e0f69c5a3b40321	refs/tags/v2.3.0-rc2^{}
61f42395af947bafa4660357c4f778057b3dcb12	refs/tags/v2.3.1
8004647a217c26f708bce2aa26ed94a4a0ed575d	refs/tags/v2.3.1^{}
1a3206d6abe95652dec384a1dee36d10f34f9f15	refs/tags/v2.3.10
18b58f707fdb3ad7d3d4931bd40693834c9ec8a0	refs/tags/v2.3.10^{}
d4b8919168252b53ed452b07b9d6858f62aaeaa7	refs/tags/v2.3.2
1165ae6f3d42e0eb0ddfc2d4e6dfa8bd0b88eb60	refs/tags/v2.3.2^{}
330b4af5da344039dbfad5a2ba88820c9c349020	refs/tags/v2.3.3
bb8577532add843833ebf8b5324f94f84cb71ca0	refs/tags/v2.3.3^{}
1d11abbaed181ccc8c22ff25ccc78dd6a32cd795	refs/tags/v2.3.4
3a52578eef9b65ad449853e4a3a923d8e1eb2a22	refs/tags/v2.3.4^{}
cb64ed41b42d251225e2723066cea16b5624abc9	refs/tags/v2.3.5
52735a689270bb1de94eb3de198594b36caed9bb	refs/tags/v2.3.5^{}
8e7304597727126cdc52771a9091d7075a70cc31	refs/tags/v2.3.6
ba63bfaa59ee41bd679286a594cc643b5a53c48d	refs/tags/v2.3.6^{}
b17db4d9c966de30f5445632411c932150e2ad2f	refs/tags/v2.3.7
16018ae5fb368151f3eff13730cf089b63f41962	refs/tags/v2.3.7^{}
c3c08e7d3186a251ae0f28efd6222c8bf86a488d	refs/tags/v2.3.8
9a3d637541a5b6fcd84b6f5fa057e597d1696460	refs/tags/v2.3.8^{}
a320a5c4764b02f0898a98b4b58e11fad5e54e09	refs/tags/v2.3.9
ecad27cf98c391d5cfdc26ce0e442e02347baad0	refs/tags/v2.3.9^{}
2d9685d47a7e516281aa093bf0cddc8aafa72448	refs/tags/v2.30.0
71ca53e8125e36efbda17293c50027d31681a41f	refs/tags/v2.30.0^{}
a8eaf9de52c2d49799d7dc724e688ccbfa74390c	refs/tags/v2.30.0-rc0
1c52ecf4ba0f4f7af72775695fee653f50737c71	refs/tags/v2.30.0-rc0^{}
cb70effebd91d9e0d4ce81650785e973b5d16ad1	refs/tags/v2.30.0-rc1
6d3ef5b467eccd2769f1aa1c555d317d3c8dc707	refs/tags/v2.30.0-rc1^{}
a6fee3f22b95c86086b11e3c93d0f1752f9a75c5	refs/tags/v2.30.0-rc2
4a0de43f4923993377dbbc42cfc0a1054b6c5ccf	refs/tags/v2.30.0-rc2^{}
36b80a59b799802fe776ed390870fe520d262f5c	refs/tags/v2.30.1
773e25afc41b1b6533fa9ae2cd825d0b4a697fad	refs/tags/v2.30.1^{}
4340cdd2bdf420acc349f5cda141141230d5095a	refs/tags/v2.30.2
94f6e3e283f2adfc518b39cfc39291f1c2832ad0	refs/tags/v2.30.2^{}
4b42588bf99dd6f8db0096f463f4132cb3358444	refs/tags/v2.30.3
cb95038137e9e66fc6a6b4a0e8db62bcc521b709	refs/tags/v2.30.3^{}
3bf735653d92fca9fe753de0344050235a60042c	refs/tags/v2.30.4
17083c79ae842b51d82518e2efe5281346acea0e	refs/tags/v2.30.4^{}
a75b578e5c81c7880cbc22a9e8b37e616b5b2e99	refs/tags/v2.30.5
88b7be68a4bf9f39b84ed438d8d776c0d752b316	refs/tags/v2.30.5^{}
5f9f86a2dcdc83c9dca32625f085b94fee3fd31d	refs/tags/v2.30.6
abd4d67ab0f84fff703fa14d9eebfd287b42daeb	refs/tags/v2.30.6^{}
de638335fb5309e52df9cbb3fb51d27cd97557c1	refs/tags/v2.30.7
b7b37a33711e64bf580ef3141878b12a36e28833	refs/tags/v2.30.7^{}
d4de2bb368d0c0926fc3e7dae60e80721e732683	refs/tags/v2.30.8
394a759d2b5f0a1a1908c820cf142f45cb78718c	refs/tags/v2.30.8^{}
b7bc991a0c34b63cc39c3db021ba73509ac767f1	refs/tags/v2.30.9
668f2d53613ac8fd373926ebe219f2c29112d93e	refs/tags/v2.30.9^{}
3e90d4b58f3819cfd58ac61cb8668e83d3ea0563	refs/tags/v2.31.0
a5828ae6b52137b913b978e16cd2334482eb4c1f	refs/tags/v2.31.0^{}
4c4ac06896d8b9ec1ded1d5d9aeedb4e8ece44ab	refs/tags/v2.31.0-rc0
225365fb5195e804274ab569ac3cc4919451dc7f	refs/tags/v2.31.0-rc0^{}
6a80b8083c4be2c5703ec122e511a6747af53295	refs/tags/v2.31.0-rc1
f01623b2c9d14207e497b21ebc6b3ec4afaf4b46	refs/tags/v2.31.0-rc1^{}
ca1f84a036c5658938d72650ae34630ebb140866	refs/tags/v2.31.0-rc2
13d7ab6b5d7929825b626f050b62a11241ea4945	refs/tags/v2.31.0-rc2^{}
28afb7555c7013c02b5ee5dc0286546f1f8e2b8f	refs/tags/v2.31.1
48bf2fa8bad054d66bd79c6ba903c89c704201f7	refs/tags/v2.31.1^{}
b798adfbbb57623b60e5d4469e6a6210163339f3	refs/tags/v2.31.2
44de39c45c65134f4a6e02e7702a5db70a71041d	refs/tags/v2.31.2^{}
9372639dbe7d3302aff2709ce4e362072af59f17	refs/tags/v2.31.3
09f66d65f87e0a547c186e4027368a826a965256	refs/tags/v2.31.3^{}
2c9159b1ed8dea0a7f3bec6c7a97b2161fd3d32a	refs/tags/v2.31.4
5b1c746c352e85211770e5cbd26a433b3affd3b4	refs/tags/v2.31.4^{}
4689c95a40e3783d7e78aa9cd8c3084a2b07e7c8	refs/tags/v2.31.5
ecf9b4a443ecd2c7dc759e5d18f226694bc3eced	refs/tags/v2.31.5^{}
a76e723f5d6b28f404d07d83bbaa2c5b571e4b82	refs/tags/v2.31.6
82689d5e5d3f41da2ab1fbf9fbe7aacfd6da74c1	refs/tags/v2.31.6^{}
1dd64c2d05c7eb9f03e7e3579ea5f9ec095d9923	refs/tags/v2.31.7
0bbcf951943eefbbfee2a7e08b7150bef5b60562	refs/tags/v2.31.7^{}
d31472b33fb813279637dbbba82edc9c5da47305	refs/tags/v2.31.8
ea56f91275c1797776f10f4ac5d65671bb4f3e8b	refs/tags/v2.31.8^{}
b7e68c41d92146de98ec5f433e1b123c4df2ac5a	refs/tags/v2.32.0
ebf3c04b262aa27fbb97f8a0156c2347fecafafb	refs/tags/v2.32.0^{}
ef91101ee283ed059f639ce4c5def72f96479f60	refs/tags/v2.32.0-rc0
bf949ade81106fbda068c1fdb2c6fd1cb1babe7e	refs/tags/v2.32.0-rc0^{}
8360671fd948869b6e53aac145a2daa27279bfe0	refs/tags/v2.32.0-rc1
de88ac70f3a801262eb3aa087e5d9a712be0a54a	refs/tags/v2.32.0-rc1^{}
1e4c7f84e17bb8668dd1a94067c99ef879ab9474	refs/tags/v2.32.0-rc2
4e42405f00ecbbee412846f48cb0253efeebe726	refs/tags/v2.32.0-rc2^{}
933d441be10cdda742f73348e79cf02206f84a7e	refs/tags/v2.32.0-rc3
c09b6306c6ca275ed9d0348a8c8014b2ff723cfb	refs/tags/v2.32.0-rc3^{}
e98226189cdd0ba52bac28fe46a615ce79982765	refs/tags/v2.32.1
9bcd7a8ecac1c9196bc927647bd06c38ec1feabe	refs/tags/v2.32.1^{}
d910ee3641ca01294d980e1a91ef37081971ed06	refs/tags/v2.32.2
15304344342b7c888f732d28f908890d874bcb0c	refs/tags/v2.32.2^{}
2e3207f11d883180c5862e1fec4b9af19e410f86	refs/tags/v2.32.3
656d9a24f624039831bc2e865f4cc42f393caf70	refs/tags/v2.32.3^{}
0d46d839a278a33759cc5c4d11889f195dfd1757	refs/tags/v2.32.4
af778cd9be6307e34f9f900fd42eb826c65b32da	refs/tags/v2.32.4^{}
fc887992d9159196ac48b95cb5afca3d788e62e2	refs/tags/v2.32.5
d96ea538e8dd0fcf381089a3b09c0a9af3617351	refs/tags/v2.32.5^{}
7c781ab4c859c91e8b4d174b1214abe6f8e373c4	refs/tags/v2.32.6
2aedeff35fde779b03b57125b1f50f6c528bfbea	refs/tags/v2.32.6^{}
e8de0d254a1c0f0c13faf5ee91a17f22ecfeafd6	refs/tags/v2.32.7
b8787a98dbef7b3b1cec9818b8856de557a65256	refs/tags/v2.32.7^{}
c06b72d02c588fefe7f77518a6d0f3f25414a41d	refs/tags/v2.33.0
225bc32a989d7a22fa6addafd4ce7dcd04675dbf	refs/tags/v2.33.0^{}
ced7ea76e8bb8479417c9ada43200649c8cc0a1a	refs/tags/v2.33.0-rc0
66262451ec94d30ac4b80eb3123549cf7a788afd	refs/tags/v2.33.0-rc0^{}
ca63a8f183be3b8fa4473c80256e3cba183e6bc8	refs/tags/v2.33.0-rc1
2d755dfac9aadab25c3e025b849252b8c0a61465	refs/tags/v2.33.0-rc1^{}
fc5e4ec32a8ed5441e0b5343cdf4d888132d044d	refs/tags/v2.33.0-rc2
5d213e46bb7b880238ff5ea3914e940a50ae9369	refs/tags/v2.33.0-rc2^{}
af0542251a92fade10e80ecee4bbae5aa852b75d	refs/tags/v2.33.1
af6d1d602a8f64164b266364339c4e936d5bbc33	refs/tags/v2.33.1^{}
927dd21d44528f5753bf1b1a5eb71e5c16683550	refs/tags/v2.33.2
87ed4fc046840706138d46e0033a009e74c3887a	refs/tags/v2.33.2^{}
5e18c82bb9ac28d482413466150f08a7d49230e9	refs/tags/v2.33.3
1f65dd6ae635f77c588ac432cad1a299723d00d6	refs/tags/v2.33.3^{}
fe12aefafb5ac6220a315feef12a0f4c0bb0d040	refs/tags/v2.33.4
80c525c4acaf6072697d4bd2a3a5137f91665b55	refs/tags/v2.33.4^{}
a159d3ebce34dc137e9ce482961793f2e8f5770a	refs/tags/v2.33.5
7800e1dccf622ba8d490b4c1c92af734be6242ff	refs/tags/v2.33.5^{}
83ed8cfb96b84d57e1a092ec9589f219b059efc6	refs/tags/v2.33.6
7fe9bf55b84d2610a7ac09893b25ef188f145a21	refs/tags/v2.33.6^{}
4a00e713cf6fb59784d410bdd26a0a278685e56e	refs/tags/v2.33.7
ed4404af3c936d87ac2c6ff12cc3da495511bec9	refs/tags/v2.33.7^{}
1daa995dd824ad02cb22315f81d0c8d2653c98f2	refs/tags/v2.33.8
3a19048ce498d519bd564c9fd222161dca789321	refs/tags/v2.33.8^{}
8eb004e6b4cff162c921b53b67d95dc807208ff7	refs/tags/v2.34.0
cd3e606211bb1cf8bc57f7d76bab98cc17a150bc	refs/tags/v2.34.0^{}
82e85bedcb550aa6eec2eb22a9db456dc8d6d841	refs/tags/v2.34.0-rc0
7e27bd589d328b9daf154c2444d1a86ec3afedb0	refs/tags/v2.34.0-rc0^{}
20f4628c94a52324f9cb4ed16a30e2e84d80992f	refs/tags/v2.34.0-rc1
876b1423317071f43c99666f3fc3db3642dfbe14	refs/tags/v2.34.0-rc1^{}
c3fb5131ecefb83386b007ce1d82f8ad39f9a142	refs/tags/v2.34.0-rc2
6c220937e2b26d85920bf2d38ff2464a0d57fd6b	refs/tags/v2.34.0-rc2^{}
e0b44509711b2d9090f2dcf987f40c0bce248774	refs/tags/v2.34.1
e9d7761bb94f20acc98824275e317fa82436c25d	refs/tags/v2.34.1^{}
f22443884268ad56211ad5bffd275d7e72d5ca28	refs/tags/v2.34.2
4d0b43aa765a0056c88381eea862364c95e358ca	refs/tags/v2.34.2^{}
a1171ecd147c9312ab4c7ded38dd13c1ced900a4	refs/tags/v2.34.3
2f0dde7852b7866bb044926f73334ff3fc30654b	refs/tags/v2.34.3^{}
a829c08acb38ca5a3fdaa2f0ca3b5b1b87894763	refs/tags/v2.34.4
f2eed22852b0a21556f0c9f56732913eba553e62	refs/tags/v2.34.4^{}
c0d48c4325ca8bbdeb8ceee0a8c8d9ab864c11b0	refs/tags/v2.34.5
be85cfc4dbef9ffa177770f8607fd4a85445565e	refs/tags/v2.34.5^{}
ce273b21e2af09bc869f98df85177aad22d2a9d6	refs/tags/v2.34.6
6c9466944c90c236217ec6f9ce5ed6b0e73903f9	refs/tags/v2.34.6^{}
c0cfcf10f35bdbca9cd631ba5782ba654c193cc1	refs/tags/v2.34.7
91da4a29e168ab465beb713fca4d389193f8f16c	refs/tags/v2.34.7^{}
5bfdf1787270de99fd3dcce7ca65d32df1b18f51	refs/tags/v2.34.8
abcb63fb70a69956a892fa830f3866098797787c	refs/tags/v2.34.8^{}
38fc0d036c2e0267736249eae49fb9df786fe87b	refs/tags/v2.35.0
89bece5c8c96f0b962cfc89e63f82d603fd60bed	refs/tags/v2.35.0^{}
0229fbdd7a9fb39d6e3701865c1c4b4a5dcb8b9b	refs/tags/v2.35.0-rc0
90d242d36e248acfae0033274b524bfa55a947fd	refs/tags/v2.35.0-rc0^{}
45cb05973ad81770666bbb6b887d7b7afd33f015	refs/tags/v2.35.0-rc1
df3c41adeb212432c53d93ce6ace5d5374dc6e11	refs/tags/v2.35.0-rc1^{}
9cd4a22dc27cca79a694c51b32ba12bd4901339b	refs/tags/v2.35.0-rc2
50b2d72e110cad39ecaf2322bfdf1b60cd13dd96	refs/tags/v2.35.0-rc2^{}
73807ff71e1acef4cfa35fe5cfb16d5878b6cd12	refs/tags/v2.35.1
4c53a8c20f8984adb226293a3ffd7b88c3f4ac1a	refs/tags/v2.35.1^{}
6f2bb67f2b16cf525e66fb4379a33cf851acd0bc	refs/tags/v2.35.2
53ef17d3ee0f7fcb151f428ee3bd736b8046825f	refs/tags/v2.35.2^{}
2dcfc3c7b3e36ce197c416921c23973a924a9a64	refs/tags/v2.35.3
d516b2db0af2221bd6b13e7347abdcb5830b2829	refs/tags/v2.35.3^{}
f10bdacba11da5ee08c3d78fb105706198170f13	refs/tags/v2.35.4
359da658ae32d9a7e5e93ac173fc221352b62917	refs/tags/v2.35.4^{}
5b78b58955428292e86ee9065969ad47a7fc3c07	refs/tags/v2.35.5
868154bb1c08a547afaf74ed8bafdf9bf55d1fd5	refs/tags/v2.35.5^{}
92b348d486e1a04426208b09f54322875013a290	refs/tags/v2.35.6
02f498172348f7ba9dceb169305b74c7eca7a38d	refs/tags/v2.35.6^{}
04cab0c6c9fa523b0cdf89d714fc937addb23936	refs/tags/v2.35.7
b7a92d078b9b9a39553623815699eb029074e39d	refs/tags/v2.35.7^{}
213de186f5caadc3722df2573263c967f8379b48	refs/tags/v2.35.8
7380a72f6b4da51f6db975f4a37c4ea9dadbf477	refs/tags/v2.35.8^{}
4ae3003ba571338cf247649b803f9718be42e537	refs/tags/v2.36.0
6cd33dceed60949e2dbc32e3f0f5e67c4c882e1e	refs/tags/v2.36.0^{}
a9eaae3ea15cc6c8c599117a1c88c98039f31f49	refs/tags/v2.36.0-rc0
faa21c10d44184f616d391c158dcbb13b9c72ef3	refs/tags/v2.36.0-rc0^{}
5d9a0a7465b8167935537853a18c9fbe46b2ca99	refs/tags/v2.36.0-rc1
ab1f2765f78e75ee51dface57e1071b3b7f42b09	refs/tags/v2.36.0-rc1^{}
f19a303fdf0a60f5941bdaed5c15fd215e649212	refs/tags/v2.36.0-rc2
11cfe552610386954886543f5de87dcc49ad5735	refs/tags/v2.36.0-rc2^{}
89753168fae3a40aa6edad841d68a912498fd7c2	refs/tags/v2.36.1
e54793a95afeea1e10de1e5ad7eab914e7416250	refs/tags/v2.36.1^{}
3cd3c6ebe9469676746364818c1a7173b37bef03	refs/tags/v2.36.2
fd59c5bdeeb50f18e86f36cbf7a0b82554621690	refs/tags/v2.36.2^{}
71f947ba7929720d84aaacbd6d80feac16842ad8	refs/tags/v2.36.3
fcdaa211e6127eeba69a121844e08aec67da2131	refs/tags/v2.36.3^{}
d96f63402618257de03b0b34f39526b8c6c3103d	refs/tags/v2.36.4
ad949b24f8d6ee4767c07794a2f01ada91b46b74	refs/tags/v2.36.4^{}
e607ffe325caae5de63a9489105c27791df3f57b	refs/tags/v2.36.5
673472a9635805d3b1fcd0038ecc0a9418078685	refs/tags/v2.36.5^{}
c1299efdcc5c722206ada5e6eeb8be9aca0aaaed	refs/tags/v2.36.6
ecaa3db17183b4a3895ccd0c0c1af01d0e6fed45	refs/tags/v2.36.6^{}
ffaf52ec9d9e1b9b119753559f70b7ae266cfc7a	refs/tags/v2.37.0
e4a4b31577c7419497ac30cebe30d755b97752c5	refs/tags/v2.37.0^{}
b4f5709014078251b18174fe19b497c6ccf71277	refs/tags/v2.37.0-rc0
8168d5e9c23ed44ae3d604f392320d66556453c9	refs/tags/v2.37.0-rc0^{}
c2b5f3472e50f61d3624f3e0788c1080cd0b5e81	refs/tags/v2.37.0-rc1
5b71c59bc3b9365075e2a175aa7b6f2b0c84ce44	refs/tags/v2.37.0-rc1^{}
f4dd74f7cb6d93e0ea0ddabdf7780cb0a2835b5a	refs/tags/v2.37.0-rc2
f770e9f396d48b567ef7b37d273e91ad570a3522	refs/tags/v2.37.0-rc2^{}
301f633c63bc9e5c55fc428f281bc8598dbd7e79	refs/tags/v2.37.1
bbea4dcf42b28eb7ce64a6306cdde875ae5d09ca	refs/tags/v2.37.1^{}
31522284abaed82ec22567d3905a4fc2c02db14f	refs/tags/v2.37.2
ad60dddad72dfb8367bd695028b5b8dc6c33661b	refs/tags/v2.37.2^{}
bd4f5110c66aa8c439ffa1c6a369710ca76bdde2	refs/tags/v2.37.3
ac8035a2affdf30f2c691ad760826d955bba0507	refs/tags/v2.37.3^{}
0968e3909345fd8564a51d5dc74b24bb8bfbeffa	refs/tags/v2.37.4
83d5e3341b69b3116675f13d2fab208a12c79e27	refs/tags/v2.37.4^{}
0ddfdceab2cb2ea07765b2fd6ceab8dfb97d67ce	refs/tags/v2.37.5
e43ac5f23d3231f6433558931296d555592e978a	refs/tags/v2.37.5^{}
290881ac9ebea84c6c5e3b60078bb31fb0433d43	refs/tags/v2.37.6
eb88fe1ff5ceb34845f0919b8bdc60d8a1703cf6	refs/tags/v2.37.6^{}
bc24c502ea9142e8f3a35fc52b1c0a0071200a6f	refs/tags/v2.37.7
d27ae36bbb7512474f759ac61a0581b6bbb36b2f	refs/tags/v2.37.7^{}
ef268c1f84d61feedc177ebb55f32ed1dde705be	refs/tags/v2.38.0
3dcec76d9df911ed8321007b1d197c1a206dc164	refs/tags/v2.38.0^{}
20f2a36b1517a8539040b2dd9f271028ca8b4932	refs/tags/v2.38.0-rc0
d3fa443f97e3a8d75b51341e2d5bac380b7422df	refs/tags/v2.38.0-rc0^{}
e184b82afb7dbee0eeb0930f19a6e2c831fe0bec	refs/tags/v2.38.0-rc1
1b3d6e17fe83eb6f79ffbac2f2c61bbf1eaef5f8	refs/tags/v2.38.0-rc1^{}
0e805288431965f410324ef23cb570b1974340dc	refs/tags/v2.38.0-rc2
bcd6bc478adc4951d57ec597c44b12ee74bc88fb	refs/tags/v2.38.0-rc2^{}
9b4febb68072d3df23e9cc06fc3cea7845dc936c	refs/tags/v2.38.1
d5b41391a472dcf9486055fd5b8517f893e88daf	refs/tags/v2.38.1^{}
30817e9f820c84385a62b47b3732ca059f213e48	refs/tags/v2.38.2
8706a59933d09354c5e3eb09a543453655a97183	refs/tags/v2.38.2^{}
5d670e267352d49b90192a59733d8263765c6493	refs/tags/v2.38.3
37ed7bf0f13d204ccb6b8e7e2fbcf7b3bf13e25c	refs/tags/v2.38.3^{}
6d019bf2d21a77ef869141eb01a63c7b75c33b1d	refs/tags/v2.38.4
7556e5d737b917d31ac3729b0f5e2391da7e132a	refs/tags/v2.38.4^{}
0586476e09a02303693fed1b03f8153df97e5001	refs/tags/v2.38.5
ec583449067bab5b800ecc63926f35c9dae96fa1	refs/tags/v2.38.5^{}
081c686fea3ad65ddcfe7cc1fe5c9787c5f3cf9f	refs/tags/v2.39.0
c48035d29b4e524aed3a32f0403676f0d9128863	refs/tags/v2.39.0^{}
ea573aa10bfe31105f84d730941af0c34e43daea	refs/tags/v2.39.0-rc0
c000d916380bb59db69c78546928eadd076b9c7d	refs/tags/v2.39.0-rc0^{}
9941f0108cd569ce1fd6028cf3334be7676a0cf5	refs/tags/v2.39.0-rc1
7452749a781d84244ecd08c6f6ca7e5df67dfce8	refs/tags/v2.39.0-rc1^{}
7120baaaaf82fe46a949e2c128db23e9f23c7c96	refs/tags/v2.39.0-rc2
2e71cbbddd64695d43383c25c7a054ac4ff86882	refs/tags/v2.39.0-rc2^{}
4ba47a70426332b35eb66d6f4663eb816543049f	refs/tags/v2.39.1
01443f01b7c6a3c6ef03268b649b119027743115	refs/tags/v2.39.1^{}
485a869c64a68cc5795dd99689797c5900f4716d	refs/tags/v2.39.2
cbf04937d5b9fcf0a76c28f69e6294e9e3ecd7e6	refs/tags/v2.39.2^{}
39f241519f9a3346372eade7bab019f35c2eff88	refs/tags/v2.39.3
9bbde12feed306b9044060e4eab6b3b4c6628050	refs/tags/v2.39.3^{}
bf3293b92e48a9fb2e1e86a57dde100920fbfa10	refs/tags/v2.39.4
47b6d90e91835082010da926f6a844d4441c57a6	refs/tags/v2.39.4^{}
a622a3b35cdd26de91f55bfd7dac49f23593d825	refs/tags/v2.39.5
cc7d11c16782041a6bb73e2fb56417b7d4c6d186	refs/tags/v2.39.5^{}
67308bd628c6235dbc1bad60c9ad1f2d27d576cc	refs/tags/v2.4.0
3d4a3ffe64162b45ae7c991fc60623ecb4678cfd	refs/tags/v2.4.0^{}
92db05f2a784fe0a715de29fc97172eac6bb5089	refs/tags/v2.4.0-rc0
2dfb2e07cb0cb979f630643b57dca579a0359a9d	refs/tags/v2.4.0-rc0^{}
1c8737f27f912aa2438ce3bf9d4e83eb178de00a	refs/tags/v2.4.0-rc1
6ae0d972664134b82a6dd164a01e8adbebeaffe3	refs/tags/v2.4.0-rc1^{}
48e512c8c9397baa5533efa6683f45646234ae1e	refs/tags/v2.4.0-rc2
e46fe3df01435bf523d2ab4f2755556c0e4e6f78	refs/tags/v2.4.0-rc2^{}
4beece6ef56cb59ea05afb326fd17c1839b8f282	refs/tags/v2.4.0-rc3
564705c7f0938107f372cc1aa3a54689f30473bf	refs/tags/v2.4.0-rc3^{}
2be062dfcfd1fd4aca132ec02a40b56f63776202	refs/tags/v2.4.1
aaa7e0d7f8f003c0c8ab34f959083f6d191d44ca	refs/tags/v2.4.1^{}
dd0e3e9610a9b312236fb926c5a9d8cbd73190d9	refs/tags/v2.4.10
a2558fb8e1e387b630312311e1d22c95663da5d0	refs/tags/v2.4.10^{}
4f24175ae76efaf8265e179662a4258387019256	refs/tags/v2.4.11
765428699a5381f113d19974720bc91b5bfeaf1d	refs/tags/v2.4.11^{}
0a493fee385e530baa898a4ba4c0a64fd02ed0d6	refs/tags/v2.4.12
4000b4020911512eea10667dd5c97a0b4890e098	refs/tags/v2.4.12^{}
29932f3915935d773dc8d52c292cadd81c81071d	refs/tags/v2.4.2
9eabf5b536662000f79978c4d1b6e4eff5c8d785	refs/tags/v2.4.2^{}
7e1385d1fa5f6653a2b8caf2ad4c0b5e26e38fd6	refs/tags/v2.4.3
69f9a6e54a46c4a75dff680047a465d04cca20ca	refs/tags/v2.4.3^{}
0e67dadf9ddc04ecbc86a6b07bd041f31e43d98d	refs/tags/v2.4.4
f09bd215cde5e30029fe08f309d0554eb9256778	refs/tags/v2.4.4^{}
3fa6dbe32657fabdeb6f99a9247c8046601bd8b1	refs/tags/v2.4.5
0df0541bf13723658d31b8d1376b505b710e63c6	refs/tags/v2.4.5^{}
1bf473cb5cbd078f80024ff55d640cbfa2fc9186	refs/tags/v2.4.6
bb3e7b1a5505bae590b0d85a3995a61d6dd82547	refs/tags/v2.4.6^{}
8832e47a5537801116f38b4ca07dcd5ac3564f35	refs/tags/v2.4.7
ca00f80b58d679e59fc271650f68cd25cdb72b09	refs/tags/v2.4.7^{}
a96a0c25f367a492881cacd5116f1afac1936152	refs/tags/v2.4.8
8545932d45c91437ac439b1a2df12cf397f71311	refs/tags/v2.4.8^{}
e830a8b96104df19a11fc850af11a915abd80a43	refs/tags/v2.4.9
74b67638166ca2e66497ede559dbf393e7af8b40	refs/tags/v2.4.9^{}
d4ca2e3147b409459955613c152220f4db848ee1	refs/tags/v2.40.0
73876f4861cd3d187a4682290ab75c9dccadbc56	refs/tags/v2.40.0^{}
8810a79228a149a9773bf9c75f381fca27a6a80e	refs/tags/v2.40.0-rc0
c5f7ef5fdc2d60af86669931829e4da57e2eed68	refs/tags/v2.40.0-rc0^{}
f899c182d0bffb6e915da7c8db9be202b144c098	refs/tags/v2.40.0-rc1
ef7d4f53c2fd9e8186d093dea6d45a91ce57110e	refs/tags/v2.40.0-rc1^{}
6bed3304b2b2f1cf440ca3050b57a7cf3a3fe687	refs/tags/v2.40.0-rc2
725f57037d81e24eacfda6e59a19c60c0b4c8062	refs/tags/v2.40.0-rc2^{}
2df31abb3c37155debb96d121b3d76f26bd8526b	refs/tags/v2.40.1
0d1bd1dfb37ef25e1911777c94129fc769ffec38	refs/tags/v2.40.1^{}
a8506c743b605b62fa515ce9945803a08ea6ab99	refs/tags/v2.40.2
b9b439e0e3a543ddb920e4cf8d3c9d53f730111f	refs/tags/v2.40.2^{}
f7d5d2b71e6a82c509a82482e77819d4d71f6d18	refs/tags/v2.40.3
dbecc617f75eea6ee5d05823a38b91223ff22b11	refs/tags/v2.40.3^{}
6ac5b341b89be0dbabb8780a8e89d1bb59dcb535	refs/tags/v2.40.4
54a3711a9dd968a04249beef157393d64b579d64	refs/tags/v2.40.4^{}
32d03a12c77c1c6e0bbd3f3cfe7f7c7deaf1dc5e	refs/tags/v2.41.0
fe86abd7511a9a6862d5706c6fa1d9b57a63ba09	refs/tags/v2.41.0^{}
1affb0b73f81216252539a2223cd6c00688bb750	refs/tags/v2.41.0-rc0
0df2c180904f6b709766f9c24669a9d01543f915	refs/tags/v2.41.0-rc0^{}
7cdbaa5697d20c965ed11f2d358fd1264f6f3778	refs/tags/v2.41.0-rc1
4a714b37029a4b63dbd22f7d7ed81f7a0d693680	refs/tags/v2.41.0-rc1^{}
362edf290b25cd08156d6e5e047ed38fc6d7d622	refs/tags/v2.41.0-rc2
79bdd48716a4c455bdc8ffd91d57a18d5cd55baa	refs/tags/v2.41.0-rc2^{}
b7a9f9c4c03329408717282815e79fc4bc9d7992	refs/tags/v2.41.1
0f158320593bd57fe2c3fe55fbce751e9415ffc2	refs/tags/v2.41.1^{}
31d54373ad8142bce7779bebb978f254929592c5	refs/tags/v2.41.2
0dc9cad22d5c878d2ce6ee7b5cfffb034e34b2a0	refs/tags/v2.41.2^{}
7e122199d2fac08cec62e6f9ef0edec53075c426	refs/tags/v2.41.3
6fd641a521a722e438b291ec7b852b7bb508b18b	refs/tags/v2.41.3^{}
cf8a07e482fa5f8aa31a25dd8e9ecfcea18aaa1f	refs/tags/v2.42.0
43c8a30d150ecede9709c1f2527c8fba92c65f40	refs/tags/v2.42.0^{}
e8f04c21fdad4551047395d0b5ff997c67aedd90	refs/tags/v2.42.0-rc0
ac83bc5054c2ac489166072334b4147ce6d0fccb	refs/tags/v2.42.0-rc0^{}
570f1f74dee662d204b82407c99dcb0889e54117	refs/tags/v2.42.0-rc1
fac96dfbb1c24369ba7d37a5affd8adfe6c650fd	refs/tags/v2.42.0-rc1^{}
264b9b3b04610cb4c25e01c78d9a022c2e2cdf19	refs/tags/v2.42.0-rc2
f1ed9d7dc0e49dc1a044941d821c9d2342313c26	refs/tags/v2.42.0-rc2^{}
d57c5329d6549c5656c4b7e77d7e630fb2c3126d	refs/tags/v2.42.1
61a22ddaf0626111193a17ac12f366bd6d167dff	refs/tags/v2.42.1^{}
703f477e2a4cd7e5225a23ee177edcaa7ac077aa	refs/tags/v2.42.2
babb4e5d7107ba730beff8d224e4bcf065533e0b	refs/tags/v2.42.2^{}
f9b0dce23dd9ee264133e29402a6305dd90d9404	refs/tags/v2.42.3
239bd35bd2ed2791398714d99b43a344728766ab	refs/tags/v2.42.3^{}
192c4a60a726ab6016eabf9d770891893b075bbc	refs/tags/v2.42.4
54ddf17f827969c989576f2411d9ff519fa8091f	refs/tags/v2.42.4^{}
c089584ac8dedc3aa7c2c404839bc098050298a2	refs/tags/v2.43.0
564d0252ca632e0264ed670534a51d18a689ef5d	refs/tags/v2.43.0^{}
30505255108b5ce17155f9c3299cdb891f6a0f61	refs/tags/v2.43.0-rc0
bc5204569f7db44d22477485afd52ea410d83743	refs/tags/v2.43.0-rc0^{}
031e0b808433c2b8bbad6de5007c5857b4e6e7fb	refs/tags/v2.43.0-rc1
dadef801b365989099a9929e995589e455c51fed	refs/tags/v2.43.0-rc1^{}
cdb21cf6e61b34203be952715f4c29319630325c	refs/tags/v2.43.0-rc2
cfb8a6e9a93adbe81efca66e6110c9b4d2e57169	refs/tags/v2.43.0-rc2^{}
9c98e72e0329036735d6b873b88d0d840f5d8214	refs/tags/v2.43.1
3526e67d917bcd03f317a058208fa02737654637	refs/tags/v2.43.1^{}
fa5abd7cde36a96a0382823a474990e3fe57d227	refs/tags/v2.43.2
efb050becb6bc703f76382e1f1b6273100e6ace3	refs/tags/v2.43.2^{}
e8575b54b66b31f09046fd7184ee5d33f183a966	refs/tags/v2.43.3
0d464a4e6a5a19bd8fbea1deae22d48d14dccb01	refs/tags/v2.43.3^{}
7394f4f2acdf7453ee6276c73e04f601cc8398f1	refs/tags/v2.43.4
1f2e64e22dee75db96b92d526d14003ba59a154e	refs/tags/v2.43.4^{}
1cc8979c261f706a7931530cf636cbf9aa3076d6	refs/tags/v2.43.5
337b4d400023d22207bcc3c29e9ebab31bf96fc2	refs/tags/v2.43.5^{}
6783e1c66ae63b78a3eadd33cca3c6a9376ba7b2	refs/tags/v2.43.6
664d4fa692cb8637a7c9297c94abf0de8593e585	refs/tags/v2.43.6^{}
a2b3162b809485cad59d32879ce38c8c8a662283	refs/tags/v2.43.7
7a1903ad46b5cc7524c0734a5034dccaec07209b	refs/tags/v2.43.7^{}
400ca53f4bafa3cf0c15e27d86ccbd18e3c04599	refs/tags/v2.44.0
3c2a3fdc388747b9eaf4a4a4f2035c1c9ddb26d0	refs/tags/v2.44.0^{}
70f2ad291df259e023387e1c9f9f657c241a4270	refs/tags/v2.44.0-rc0
c875e0b8e036c12cfbf6531962108a063c7a821c	refs/tags/v2.44.0-rc0^{}
898b5aa360a330ddd7a6d0a1710292c36699f705	refs/tags/v2.44.0-rc1
edae91a4cf221d44c8c891d5519b26fce17d56bb	refs/tags/v2.44.0-rc1^{}
7d33cecf1022857168c8af6fe622d38b58580248	refs/tags/v2.44.0-rc2
f41f85c9ec8d4d46de0fd5fded88db94d3ec8c11	refs/tags/v2.44.0-rc2^{}
78594763ce07f52dfdd4802e2e609d60e7d296fd	refs/tags/v2.44.1
10dc9846b82b5f4927d57c6bb657a9352121bebf	refs/tags/v2.44.1^{}
01a825578e79203a87b832731ed1fc7c23a3e77f	refs/tags/v2.44.2
46698a8ea13f244aac74366d2ee66a88e92e001a	refs/tags/v2.44.2^{}
ba064fe15df005e17e0f44be73670c1353e5bf67	refs/tags/v2.44.3
2f323bb16219c105e0c576ea4c2ece9863f5d926	refs/tags/v2.44.3^{}
9a6a37b2ed30a6d22d6b39a3703f1d80ca841c42	refs/tags/v2.44.4
080b728d4b2bbdd2c0b9eb9ed6a41195f8303088	refs/tags/v2.44.4^{}
8be58deda2ccce7d036072ec34439f9fad88204f	refs/tags/v2.45.0
786a3e4b8d754d2b14b1208b98eeb0a554ef19a8	refs/tags/v2.45.0^{}
5c55d7444b6ab1153bb64523d6a2a787414a4476	refs/tags/v2.45.0-rc0
ae3196a5ea84a9e88991d576020cf66512487088	refs/tags/v2.45.0-rc0^{}
3186b1d85d450e1aaeae51b6067ef343290e0be4	refs/tags/v2.45.0-rc1
bf995e7a4f94a9388aa8042dc9e338f3fcb75496	refs/tags/v2.45.0-rc1^{}
52c30914cbfa90105d8f0cefffa5b1c611821d34	refs/tags/v2.45.1
2c7b491c1d3107be35c375f59e040b0f13d0cc0c	refs/tags/v2.45.1^{}
156e3c39e3948cf65ec7476c937a2b6f5d0ec281	refs/tags/v2.45.2
bea9ecd24b0c3bf06cab4a851694fe09e7e51408	refs/tags/v2.45.2^{}
3946f9147477c65cc97d6cd23bc403cdaf2206b0	refs/tags/v2.45.3
fc16eb306c2ad25c080612ae85fdeba1fbcbfc98	refs/tags/v2.45.3^{}
3bc2d3f0e089e2cf68b4a13e6ee03eca747eaeb2	refs/tags/v2.45.4
f94b90ad6e49cc7f15c4171c5a434aa459e82d2d	refs/tags/v2.45.4^{}
75a062f03c1c151fb46427b44cc0c7d89a5fc73d	refs/tags/v2.46.0
39bf06adf96da25b87c9aa7d35a32ef3683eb4a4	refs/tags/v2.46.0^{}
de51a16826a42ec980d778b520d8ec04a23a9b55	refs/tags/v2.46.0-rc0
a7dae3bdc8b516d36f630b12bb01e853a667e0d9	refs/tags/v2.46.0-rc0^{}
39f97e4cf51761476d270b8bac749692c7215c85	refs/tags/v2.46.0-rc1
d19b6cd2dd72dc811f19df4b32c7ed223256c3ee	refs/tags/v2.46.0-rc1^{}
6905e7207a1213f44aa06f80178b40a1bcea33f4	refs/tags/v2.46.0-rc2
ad57f148c6b5f8735b62238dda8f571c582e0e54	refs/tags/v2.46.0-rc2^{}
a372972baef250595e1fc4d40fee841b4e333222	refs/tags/v2.46.1
a731929aa8016750c09bccc67c68feaf1259ce90	refs/tags/v2.46.1^{}
466b63bd086c499668f5a0ec7f4ff8cdbbe7c32a	refs/tags/v2.46.2
4f71522dfb7fc53eff569023303980c66114b1bc	refs/tags/v2.46.2^{}
b58a7f57fe93dd97b44a9dbf5dc2e54c55ca05e6	refs/tags/v2.46.3
5c21db3a0d5f4414b65e114ca21c5a1fe736f2bc	refs/tags/v2.46.3^{}
dc115fe5402d1d6c7d726bf2024256bff643894f	refs/tags/v2.46.4
47d3b506d48b7971080f09770f5b06b42569c967	refs/tags/v2.46.4^{}
4ec4435df758668055cc904ef64c275bc8d1089b	refs/tags/v2.47.0
777489f9e09c8d0dd6b12f9d90de6376330577a2	refs/tags/v2.47.0^{}
c7a54b1d6984c297a142e9a97550fefcf8abd110	refs/tags/v2.47.0-rc0
3857aae53f3633b7de63ad640737c657387ae0c6	refs/tags/v2.47.0-rc0^{}
a52b02cb1c59feac6011fbd8195df9e0b987610b	refs/tags/v2.47.0-rc1
111e864d69c84284441b083966c2065c2e9a4e78	refs/tags/v2.47.0-rc1^{}
316fc8e77222aeba6c4afb3bec43bf2e1e93ef14	refs/tags/v2.47.1
92999a42db1c5f43f330e4f2bca4026b5b81576f	refs/tags/v2.47.1^{}
237a7b6739ea4bcdbf3e234be1bb5c0157b016b3	refs/tags/v2.47.2
e1fbebe347426ef7974dc2198f8a277b7c31c8fe	refs/tags/v2.47.2^{}
ccff137f339698d014904044fb2cfa0c697b03dc	refs/tags/v2.47.3
a52a24e03c8c711f1d5e252fba78f9276908129b	refs/tags/v2.47.3^{}
e42a29c4b39962e03c43b7ee6e32fd81ce8315a3	refs/tags/v2.48.0
fbe8d3079d4a96aeb4e4529cc93cc0043b759a05	refs/tags/v2.48.0^{}
b53823f15d3c1decd7fac41907d416040908ac3f	refs/tags/v2.48.0-rc0
063bcebf0c917140ca0e705cbe0fdea127e90086	refs/tags/v2.48.0-rc0^{}
b3f05734c6457855f7db082e94438ef2125e973c	refs/tags/v2.48.0-rc1
bc2c65770dca70c1d4e151fad971bc7c7235a702	refs/tags/v2.48.0-rc1^{}
6644ead45e228485686e71a7af4bb9c5c05b382c	refs/tags/v2.48.0-rc2
b74ff38af58464688b211140b90ec90598d340c6	refs/tags/v2.48.0-rc2^{}
6768cd3982a5cf8df192224d4da8c3f03d4cb964	refs/tags/v2.48.1
f93ff170b93a1782659637824b25923245ac9dd1	refs/tags/v2.48.1^{}
78b96803495e593edb3c4efc03f75a836787c323	refs/tags/v2.48.2
fbae1f06cbb04a6592c32f465e9bc28149039358	refs/tags/v2.48.2^{}
8c9ea59d6eeabbfc5642d99353fce2192645ba1c	refs/tags/v2.49.0
683c54c999c301c2cd6f715c411407c413b1d84e	refs/tags/v2.49.0^{}
ea5b86dd3fa3a73809e2f8a58318a2a07e059347	refs/tags/v2.49.0-rc0
08bdfd453584e489d5a551aecbdcb77584e1b958	refs/tags/v2.49.0-rc0^{}
3074516e1fc49cd2b5fbe53779341d93a45d1c7d	refs/tags/v2.49.0-rc1
6a64ac7b014fa2cfa7a69af3c253bcd53a94b428	refs/tags/v2.49.0-rc1^{}
8b6c91e5c60af880ff0fd8246eaf45460b44becd	refs/tags/v2.49.0-rc2
87a0bdbf0f72b7561f3cd50636eee33dcb7dbcc3	refs/tags/v2.49.0-rc2^{}
7492d67a0149cc19e63067867d18245166712bb3	refs/tags/v2.49.1
aadf8ae518afd80b73d49eff8aff475161aa5157	refs/tags/v2.49.1^{}
8d1720157c660d9e0f96d2c5178db3bc8c950436	refs/tags/v2.5.0
a17c56c056d5fea0843b429132904c429a900229	refs/tags/v2.5.0^{}
3f04c356e7c2d1cd16f47eb538a66f5b2296e228	refs/tags/v2.5.0-rc0
7ecec52d42a964c4a8e9f6ca41bb0b5ce00049b4	refs/tags/v2.5.0-rc0^{}
73ae7cbcb80822b99d2e4e3df56662dada0cfe92	refs/tags/v2.5.0-rc1
cbed29f37b690e0a497bd2b6ca9a5bdd7e6ea5aa	refs/tags/v2.5.0-rc1^{}
24189425fb79eb2bfa2ef7b4b04f783ad8600993	refs/tags/v2.5.0-rc2
01977f46cb48e2894e335667eaabce274174ac5e	refs/tags/v2.5.0-rc2^{}
185cac5253a6b7096cc8586b23fd12291114ee27	refs/tags/v2.5.0-rc3
f99a38c0121456822f8a9dfb7928eefceaa98201	refs/tags/v2.5.0-rc3^{}
b95d361331e15db74c85856f366815a93eb92179	refs/tags/v2.5.1
c415fb791b318832f52494b75d99602a7a8d604b	refs/tags/v2.5.1^{}
fed731408a149c0dd5ca84a9eff63e8bf12e7869	refs/tags/v2.5.2
27ea6f85beff1173ec74349fa35c45951feee570	refs/tags/v2.5.2^{}
fadef2ff77de0036d2950b1103a686e7dab72ed3	refs/tags/v2.5.3
ee6ad5f4d56e697c972af86cbefdf269b386e470	refs/tags/v2.5.3^{}
a2aeb32598c0cc84298bb089dc2f993325a801ae	refs/tags/v2.5.4
24358560c3c0ab51c9ef8178d99f46711716f6c0	refs/tags/v2.5.4^{}
901878f05feaca653d3b3508ed520d01b8841a08	refs/tags/v2.5.5
e568e563ade00bbb0937162f405fc160f253e224	refs/tags/v2.5.5^{}
aaeee53fab72a6f96d17d2b3f4da4d6e29e92cc0	refs/tags/v2.5.6
ac33201285cce4b392c3cedfaf7f098fdb1dde87	refs/tags/v2.5.6^{}
192a0a2c7625dea31b676c020a1a3db59ba86434	refs/tags/v2.50.0
16bd9f20a403117f2e0d9bcda6c6e621d3763e77	refs/tags/v2.50.0^{}
60db1faeabf93dc219042d04c08516cd1f5acf3b	refs/tags/v2.50.0-rc0
b32feae0f1b21faaf8e191e8d3314a32470a536b	refs/tags/v2.50.0-rc0^{}
b612bb692ad9f8d9fa2e8fd94a706716affb1bd4	refs/tags/v2.50.0-rc1
0bd2d791cc9f745ebaedafc0e1cbebdebe41343e	refs/tags/v2.50.0-rc1^{}
fc3e4a5cbcc2121c497ade899d529cc74ac27271	refs/tags/v2.50.0-rc2
4c0e625c091d4c648cec7319bafaed3cc81658e5	refs/tags/v2.50.0-rc2^{}
f92a7aa85a6c7fe9c45d944ec3b37598ede47274	refs/tags/v2.50.1
d82adb61ba2fd11d8f2587fca1b6bd7925ce4044	refs/tags/v2.50.1^{}
6d075e4a2aa4cfa87c49a5a3b9584eae49f49b05	refs/tags/v2.51.0
c44beea485f0f2feaf460e2ac87fdd5608d63cf0	refs/tags/v2.51.0^{}
106ee9c4e64a27428f006c7d70c4136d1161f821	refs/tags/v2.51.0-rc0
721c9e5ce7c6fa4e1a33490f5e5a81eeee814021	refs/tags/v2.51.0-rc0^{}
9c975c21abe2a02cf73dd16fc124cfe12016731f	refs/tags/v2.51.0-rc1
2c2ba49d55ff26c1082b8137b1ec5eeccb4337d1	refs/tags/v2.51.0-rc1^{}
b364478f6b100d114825b6558501b1a9b5e6a23a	refs/tags/v2.51.0-rc2
724518f3884d8707c5f51428ba98c115818229b8	refs/tags/v2.51.0-rc2^{}
2932bfe29fa1c966e0230ee81b0aaccf5c78af1f	refs/tags/v2.51.1
81f86aacc4eb74cdb9c2c8082d36d2070c666045	refs/tags/v2.51.1^{}
3a88c86b6ffbe53661af1fe4bc2fe8b61229d0e6	refs/tags/v2.51.2
bb5c624209fcaebd60b9572b2cc8c61086e39b57	refs/tags/v2.51.2^{}
8273149fa7c8cbc30474b3d0028b62e2a474e152	refs/tags/v2.52.0
9a2fb147f2c61d0cab52c883e7e26f5b7948e3ed	refs/tags/v2.52.0^{}
fba1019b9c2608020203d2882e6d8d963259da7d	refs/tags/v2.52.0-rc0
7f278e958afbf9b7e0727631b4c26dcfa1c63d6e	refs/tags/v2.52.0-rc0^{}
f95a0c05a4928f989157cdb6457fcb7662b0ad51	refs/tags/v2.52.0-rc1
77b7284ccab768981a2cd08b6b2f164d91201e18	refs/tags/v2.52.0-rc1^{}
38e1dc18eb3c8f7e8b941a6243fc22f8b428c5ac	refs/tags/v2.52.0-rc2
621415c8b5371a4734315232a780dd8282f6fe4f	refs/tags/v2.52.0-rc2^{}
a978e09acb5a3db0959fc757df17b27e8706d26b	refs/tags/v2.53.0
67ad42147a7acc2af6074753ebd03d904476118f	refs/tags/v2.53.0^{}
26ebc4867ed4ef544b92472e63092fc9a9da72cf	refs/tags/v2.53.0-rc0
7264e61d87e58b9d0f5e6424c47c11e9657dfb75	refs/tags/v2.53.0-rc0^{}
080669060c232e8d68cd97c706a7b43cbbca99f5	refs/tags/v2.53.0-rc1
83a69f19359e6d9bc980563caca38b2b5729808c	refs/tags/v2.53.0-rc1^{}
20f0c2a0fbb01b94d417a0d633a47bfbdd080841	refs/tags/v2.53.0-rc2
ab380cb80b0727f7f2d7f6b17592ae6783e9820c	refs/tags/v2.53.0-rc2^{}
0b13e48a3a30cdfa94e8ef842e24d6045ab3d015	refs/tags/v2.54.0
94f057755b7941b321fd11fec1b2e3ca5313a4e0	refs/tags/v2.54.0^{}
74f5625775ac43b1c9a7c8ee3f186d3edc401efc	refs/tags/v2.54.0-rc0
256554692df0685b45e60778b08802b720880c50	refs/tags/v2.54.0-rc0^{}
1df8739eef7f92804e09688257eea3a1ed59650e	refs/tags/v2.54.0-rc1
2b39a27d40682c09ac1c031f099ee602061597cd	refs/tags/v2.54.0-rc1^{}
d4e64ca157550853ef5fed3a4b001ba4f6ed6a88	refs/tags/v2.54.0-rc2
9f223ef1c026d91c7ac68cc0211bde255dda6199	refs/tags/v2.54.0-rc2^{}
5ce91c059e41090e7d2cffad39c04af8acf98dc1	refs/tags/v2.55.0
e9019fcafe0040228b8631c30f97ae1adb61bcdc	refs/tags/v2.55.0^{}
5418ecdf8449f18f4fa445504e634a928f530e2a	refs/tags/v2.55.0-rc0
3e65291872de10c3f0bf05ea8c24187e7a71ebf0	refs/tags/v2.55.0-rc0^{}
38277fd4343ba9f6abc41a3cad36cfa96af21c2a	refs/tags/v2.55.0-rc1
4621f8ce5e9b97aa2e8d0d9ffe9d25df2471074d	refs/tags/v2.55.0-rc1^{}
645f6c080f93e9520892190adbcc2a7f5717ab70	refs/tags/v2.55.0-rc2
ab776a62a78576513ee121424adb19597fbb7613	refs/tags/v2.55.0-rc2^{}
17f9f635c101aef03874e1de1d8d0322187494b3	refs/tags/v2.6.0
be08dee9738eaaa0423885ed189c2b6ad8368cf0	refs/tags/v2.6.0^{}
5bebb9057df8287684c763c59c67f25f16884ef6	refs/tags/v2.6.0-rc0
16ffa6443e279a9b3b63d7a2bebeb07833506010	refs/tags/v2.6.0-rc0^{}
bbdca2a7bd942e1d3ce517b48e6229b99f7d7b2b	refs/tags/v2.6.0-rc1
689efb737a7b46351850eefdfa57d2ce232011fb	refs/tags/v2.6.0-rc1^{}
7b269a793392ee3d71ecddac88a8ad63497cbc4d	refs/tags/v2.6.0-rc2
45733fa93f287fbc04d6a6a3f5a39cc852c5cf50	refs/tags/v2.6.0-rc2^{}
27df6e2585060add45b32bbd46f6e92ef79d069b	refs/tags/v2.6.0-rc3
8d530c4d64ffcc853889f7b385f554d53db375ed	refs/tags/v2.6.0-rc3^{}
defffe35922949906ac4d056cb2413cb141ed941	refs/tags/v2.6.1
22f698cb188243b313e024d618283e0293e37140	refs/tags/v2.6.1^{}
74c855f87d25a5b5c12d0485ec77c785a1c734c5	refs/tags/v2.6.2
3c3d3f629a6176b401ebec455c5dd59ed1b5f910	refs/tags/v2.6.2^{}
70dc3448f4b2b546880fe72e777d4597f473fb9b	refs/tags/v2.6.3
af40944bda352190f05d22b7cb8fe88beb17f3a7	refs/tags/v2.6.3^{}
f9ef668c9f7b780081193d447f458a38ef80f336	refs/tags/v2.6.4
bdfc6b364a51b19efbacbd46fcef5be41a5db50e	refs/tags/v2.6.4^{}
c12088288753eee57cb3594fa8fc686b707569d4	refs/tags/v2.6.5
833e48259e23aea76f3765d28d1b2200332301f7	refs/tags/v2.6.5^{}
8a90b31bf470b5d5bb7818fffc47dd47d6e10d3e	refs/tags/v2.6.6
e46579643d56162299b1756b70d418005351b256	refs/tags/v2.6.6^{}
997f3c0214a4b19c69ba0102e426d41501ca8cef	refs/tags/v2.6.7
70fcaef90bad282cf141a7c2e7ae87b13fe0700e	refs/tags/v2.6.7^{}
fb59a3e28a777afd0dde81b211c81130a6cea2d1	refs/tags/v2.7.0
754884255bb580df159e58defa81cdd30b5c430c	refs/tags/v2.7.0^{}
cdaf8c4083ae63dd47afb95dc898442a15703292	refs/tags/v2.7.0-rc0
7d722536dd86b5fbd0c0434bfcea5588132ee6ad	refs/tags/v2.7.0-rc0^{}
676f9ca3305839ac4e4400ccd3489fe326247814	refs/tags/v2.7.0-rc1
f900c8326a43303685c46b279b9f70411bff1a4b	refs/tags/v2.7.0-rc1^{}
74d69424d3874d83d9be10445c958879416a62e4	refs/tags/v2.7.0-rc2
554f6e41067b9e3e565b6988a8294fac1cb78f4b	refs/tags/v2.7.0-rc2^{}
abc760ab9ad72f08209943251b36cb886a578f87	refs/tags/v2.7.0-rc3
28274d02c489f4c7e68153056e9061a46f62d7a0	refs/tags/v2.7.0-rc3^{}
145e683b229dcab9d0e2ccb01b386f9ecc17d29d	refs/tags/v2.7.1
a08595f76159b09d57553e37a5123f1091bb13e7	refs/tags/v2.7.1^{}
e4980cdc48cfa1301493ca94eb70523f6788b819	refs/tags/v2.7.2
326e5bc91eecf73234ead29636207bc516573e79	refs/tags/v2.7.2^{}
4624442d68ee402a94364191085b77137618633e	refs/tags/v2.7.3
594730e980521310d88006d91f3f14ef5eff1e2b	refs/tags/v2.7.3^{}
8a23e774f39557a740ca60447b41ab38a818d881	refs/tags/v2.7.4
937978e0f3e750d917768c77665d5f8cfbd802b6	refs/tags/v2.7.4^{}
efe1aaafb77990c4f023cec81b198e0af55bbfb5	refs/tags/v2.7.5
c8dd1e3bb1152844983558802a52c9e4c17652b4	refs/tags/v2.7.5^{}
7299fdaceb63ab08c360fa89c6b1b9601f60ca40	refs/tags/v2.7.6
5e0649dc65fe33e8cf38823350e9d7951f6a6346	refs/tags/v2.7.6^{}
e3b23cc4e7c819f715fde6fec42f723eba05acf1	refs/tags/v2.8.0
90f7b16b3adc78d4bbabbd426fb69aa78c714f71	refs/tags/v2.8.0^{}
8af0c4810b1f1bb1e2363e17434b47417b72610b	refs/tags/v2.8.0-rc0
f02fbc4f9433937ee0463d0342d6d7d97e1f6f1e	refs/tags/v2.8.0-rc0^{}
b2e11962c5e6a9c81aa712c751c83a743fd4f384	refs/tags/v2.8.0-rc1
ab5d01a29eb7380ceab070f0807c2939849c44bc	refs/tags/v2.8.0-rc1^{}
ef6ca4e0ef6fdc66e44404004002d88b56cbc04b	refs/tags/v2.8.0-rc2
ed9067f705aa51819c7dfff7e4190dd267beaf5d	refs/tags/v2.8.0-rc2^{}
ded3e9954b9711364f0a60a26f2784705f9b571d	refs/tags/v2.8.0-rc3
d9c691a759d62cef53a6cc11864a2ef4b0829244	refs/tags/v2.8.0-rc3^{}
c3abdfb4a1c13932f25a15976efdb9373cf383e5	refs/tags/v2.8.0-rc4
808ecd4cca75acac5e4868f15d3e647fc73698d3	refs/tags/v2.8.0-rc4^{}
fdeee3df9f54372c31506eb24f2b7f2339ba21ec	refs/tags/v2.8.1
d95553a6b8c5153f541adcfc3346004e8249b0e6	refs/tags/v2.8.1^{}
be7fae6d8b9c1f5d516e257ec3bffdd246408391	refs/tags/v2.8.2
60115f54bda3a127ed3cc8ffc6ab6c771cbceb1b	refs/tags/v2.8.2^{}
90b42998b0e948329bf7292cb00f9e4a277749fe	refs/tags/v2.8.3
0f8e831356d4f1a34baf46bb1a6b2d4c89ec9cb8	refs/tags/v2.8.3^{}
9906a28dd9b6ef305a8f7fe6e18b02f0621c01ba	refs/tags/v2.8.4
0b65a8dbdb38962e700ee16776a3042beb489060	refs/tags/v2.8.4^{}
b6807b60117f3c0a04fb5faea9a71831dee0574d	refs/tags/v2.8.5
cd0887327544ecdc8778e16219aec3f43b0dd682	refs/tags/v2.8.5^{}
c9b60935183fba425fbd739ea6db3a97807cc48d	refs/tags/v2.8.6
8d7f72f176ea133c16e55f386a0b79a1cd46ff69	refs/tags/v2.8.6^{}
7446b8fa5ead8ce0990e8f2be3a2490eac8e199f	refs/tags/v2.9.0
05219a1276341e72d8082d76b7f5ed394b7437a4	refs/tags/v2.9.0^{}
7590ed7abf57429b36761c00377a3648630029bd	refs/tags/v2.9.0-rc0
3a0f269e7c82aa3a87323cb7ae04ac5f129f036b	refs/tags/v2.9.0-rc0^{}
c93578b0c65ac46bb6bba0750542798518f09335	refs/tags/v2.9.0-rc1
60bd4b1c513bb652cdffad44382046ca872140eb	refs/tags/v2.9.0-rc1^{}
2d8848a3692aae89e5d6338b2b8afb72a6e9a24f	refs/tags/v2.9.0-rc2
49fa3dc76179e04b0833542fa52d0f287a4955ac	refs/tags/v2.9.0-rc2^{}
47e8b7c56a5504d463ee624f6ffeeef1b6d007c1	refs/tags/v2.9.1
5c9159de87e41cf14ec5f2132afb5a06f35c26b3	refs/tags/v2.9.1^{}
e6eeb1a62fdd0ac7b66951c45803e35f17b2b980	refs/tags/v2.9.2
e634160bf457f8b3a91125307681c9493f11afb2	refs/tags/v2.9.2^{}
f883596e997fe5bcbc5e89bee01b869721326109	refs/tags/v2.9.3
e0c1ceafc5bece92d35773a75fff59497e1d9bd5	refs/tags/v2.9.3^{}
8d091e9ed473c372a5b89d1258d1c3ad01daa04c	refs/tags/v2.9.4
d61226c1118f749280c050555d83560ca0f3bf71	refs/tags/v2.9.4^{}
dcba104ffdcf2f27bc5058d8321e7a6c2fe8f27e	refs/tags/v2.9.5
4d4165b80d6b91a255e2847583bd4df98b5d54e1	refs/tags/v2.9.5^{}
